year,tas_global,tas_ais,scenario,member
1,286.8687816614557,236.9933610871262,1pctCO2,r1i1p1f2
2,286.8757874689067,237.38466873181343,1pctCO2,r1i1p1f2
3,286.9052757240314,237.8264384901171,1pctCO2,r1i1p1f2
4,286.87390213964284,237.27381313633518,1pctCO2,r1i1p1f2
5,286.91965736681254,238.2667658634061,1pctCO2,r1i1p1f2
6,286.8541979476713,237.078464052374,1pctCO2,r1i1p1f2
7,286.97441597815566,237.14298695479457,1pctCO2,r1i1p1f2
8,286.88438395095875,237.88059852333234,1pctCO2,r1i1p1f2
9,286.894241857319,236.85318908993025,1pctCO2,r1i1p1f2
10,287.15376307023973,236.81754106795754,1pctCO2,r1i1p1f2
11,287.08409344895426,237.46616542848312,1pctCO2,r1i1p1f2
12,286.9850515208046,238.2670847303548,1pctCO2,r1i1p1f2
13,287.13986983995613,237.8521388175002,1pctCO2,r1i1p1f2
14,287.27922239152434,237.89296326249948,1pctCO2,r1i1p1f2
15,287.18729152959145,237.3466719526613,1pctCO2,r1i1p1f2
16,287.21026900255094,237.02554533253527,1pctCO2,r1i1p1f2
17,287.0982575431559,236.5222964180374,1pctCO2,r1i1p1f2
18,287.19984969737163,237.3325888346148,1pctCO2,r1i1p1f2
19,287.19272100738976,237.37739035771722,1pctCO2,r1i1p1f2
20,287.24771180327235,236.28854786396252,1pctCO2,r1i1p1f2
21,287.41865538995745,237.5068768965606,1pctCO2,r1i1p1f2
22,287.2273177517196,238.66170520416455,1pctCO2,r1i1p1f2
23,287.38571669279554,237.06535181227508,1pctCO2,r1i1p1f2
24,287.56116781943103,237.94526410896103,1pctCO2,r1i1p1f2
25,287.31911952924605,237.45536664705216,1pctCO2,r1i1p1f2
26,287.33092646858563,237.37318724088638,1pctCO2,r1i1p1f2
27,287.42557571773307,237.10585504350757,1pctCO2,r1i1p1f2
28,287.5595140405958,238.24572292287888,1pctCO2,r1i1p1f2
29,287.5469065667021,238.63540949429688,1pctCO2,r1i1p1f2
30,287.4578309754889,236.5996791997941,1pctCO2,r1i1p1f2
31,287.4914540493061,237.95346595838663,1pctCO2,r1i1p1f2
32,287.52624519828134,237.5216373686992,1pctCO2,r1i1p1f2
33,287.5171050725356,237.7517373050375,1pctCO2,r1i1p1f2
34,287.5756035547003,237.50999009783988,1pctCO2,r1i1p1f2
35,287.65402189349913,238.59638331367435,1pctCO2,r1i1p1f2
36,287.51107784986624,238.52323288221913,1pctCO2,r1i1p1f2
37,287.69708302442683,238.77763218121603,1pctCO2,r1i1p1f2
38,287.76972845600244,239.08738663237546,1pctCO2,r1i1p1f2
39,287.5368729348138,238.7273904087413,1pctCO2,r1i1p1f2
40,287.5764950535545,237.61028377849965,1pctCO2,r1i1p1f2
41,287.78209586784106,238.56388648230458,1pctCO2,r1i1p1f2
42,287.7341443647384,238.7152841252345,1pctCO2,r1i1p1f2
43,287.82438143914754,238.2147526013969,1pctCO2,r1i1p1f2
44,287.9906017006307,238.13992128643676,1pctCO2,r1i1p1f2
45,287.92353783288803,238.71042536817754,1pctCO2,r1i1p1f2
46,287.89830516876526,238.2188690812266,1pctCO2,r1i1p1f2
47,287.8483278092123,239.26029752017897,1pctCO2,r1i1p1f2
48,287.8461499263575,238.77064435947918,1pctCO2,r1i1p1f2
49,288.01183307481887,239.28794148765934,1pctCO2,r1i1p1f2
50,287.9451258030577,239.01582836175186,1pctCO2,r1i1p1f2
51,287.9534746712744,239.3970979792559,1pctCO2,r1i1p1f2
52,287.7974134934254,238.2969777476846,1pctCO2,r1i1p1f2
53,287.985680418467,239.49097997497566,1pctCO2,r1i1p1f2
54,288.10856351207474,238.48898425609087,1pctCO2,r1i1p1f2
55,288.0272558528011,238.66694588119213,1pctCO2,r1i1p1f2
56,288.2113881512475,240.04909524102345,1pctCO2,r1i1p1f2
57,288.1368619588258,239.3308638344246,1pctCO2,r1i1p1f2
58,288.00375535125056,239.18394099936958,1pctCO2,r1i1p1f2
59,288.2767437696591,239.67272615753717,1pctCO2,r1i1p1f2
60,288.3538497621719,239.5918708524883,1pctCO2,r1i1p1f2
61,288.0980136619079,238.60821830199825,1pctCO2,r1i1p1f2
62,288.2098230450981,238.4492880987183,1pctCO2,r1i1p1f2
63,288.35558097276663,239.72891077121076,1pctCO2,r1i1p1f2
64,288.46599970126,239.32116787041758,1pctCO2,r1i1p1f2
65,288.4007120971431,239.23835024477006,1pctCO2,r1i1p1f2
66,288.36060197226095,239.5457790054018,1pctCO2,r1i1p1f2
67,288.48847508913366,239.39059774977247,1pctCO2,r1i1p1f2
68,288.5884637893863,240.30329419413673,1pctCO2,r1i1p1f2
69,288.57707370726763,239.81958861297326,1pctCO2,r1i1p1f2
70,288.53359579259154,240.0151009715952,1pctCO2,r1i1p1f2
71,288.6810336690862,240.1192476800905,1pctCO2,r1i1p1f2
72,288.7386535606389,240.49896900252332,1pctCO2,r1i1p1f2
73,288.6215697695298,239.23784663651944,1pctCO2,r1i1p1f2
74,288.7491876593484,240.38948778123512,1pctCO2,r1i1p1f2
75,288.8236615266762,240.01678060324735,1pctCO2,r1i1p1f2
76,288.7595993914342,239.0344209938642,1pctCO2,r1i1p1f2
77,288.8047011687722,239.19794033799366,1pctCO2,r1i1p1f2
78,288.81456088953706,240.25502029202923,1pctCO2,r1i1p1f2
79,289.09159679586327,240.16846541914774,1pctCO2,r1i1p1f2
80,289.0949448175515,239.88552939014886,1pctCO2,r1i1p1f2
81,289.0638453279192,240.84635548259223,1pctCO2,r1i1p1f2
82,289.0990116889959,240.55412164984634,1pctCO2,r1i1p1f2
83,288.9762836318295,239.08808018991374,1pctCO2,r1i1p1f2
84,289.12571969192635,239.87171062777657,1pctCO2,r1i1p1f2
85,289.1399996781607,240.38042598495545,1pctCO2,r1i1p1f2
86,289.2215859985109,241.11506244836409,1pctCO2,r1i1p1f2
87,289.0646100126353,240.6433677972185,1pctCO2,r1i1p1f2
88,289.3158617400213,240.34640174918658,1pctCO2,r1i1p1f2
89,289.4569278833945,240.55870415123135,1pctCO2,r1i1p1f2
90,289.21866049781033,239.67877270881922,1pctCO2,r1i1p1f2
91,289.43942094694376,241.1656099616746,1pctCO2,r1i1p1f2
92,289.60729076238164,240.9618110130865,1pctCO2,r1i1p1f2
93,289.44237758484536,241.29616128693095,1pctCO2,r1i1p1f2
94,289.61799505515324,240.91479093192427,1pctCO2,r1i1p1f2
95,289.7406366787139,241.74399668444954,1pctCO2,r1i1p1f2
96,289.6074819871405,241.02191831657905,1pctCO2,r1i1p1f2
97,289.864602645086,241.51286129847625,1pctCO2,r1i1p1f2
98,289.6375811307944,240.52105293601844,1pctCO2,r1i1p1f2
99,289.8267920272048,241.1427834436559,1pctCO2,r1i1p1f2
100,290.07497740865296,241.1289158251365,1pctCO2,r1i1p1f2
101,289.94686651968743,240.83948884704273,1pctCO2,r1i1p1f2
102,290.0142091342583,241.98154407313496,1pctCO2,r1i1p1f2
103,289.98043465993857,242.27011853495566,1pctCO2,r1i1p1f2
104,290.2332750741484,241.49453433899728,1pctCO2,r1i1p1f2
105,290.2501764025292,241.78942905291262,1pctCO2,r1i1p1f2
106,290.2804601813806,241.49232302353585,1pctCO2,r1i1p1f2
107,290.2961463365361,241.25143049563243,1pctCO2,r1i1p1f2
108,290.4508772726163,241.6843803955583,1pctCO2,r1i1p1f2
109,290.411153941561,241.8774155987671,1pctCO2,r1i1p1f2
110,290.49445232011595,242.7356426825132,1pctCO2,r1i1p1f2
111,290.482583527597,243.20850821614656,1pctCO2,r1i1p1f2
112,290.71996185800026,242.3454025354069,1pctCO2,r1i1p1f2
113,290.7742577115491,242.27854753039682,1pctCO2,r1i1p1f2
114,290.66083177706923,242.89906891931386,1pctCO2,r1i1p1f2
115,290.72738640483226,241.97620135975842,1pctCO2,r1i1p1f2
116,290.7800360757921,242.7359625491957,1pctCO2,r1i1p1f2
117,290.8719769940127,242.69051159647572,1pctCO2,r1i1p1f2
118,290.7900676336037,242.13582527384605,1pctCO2,r1i1p1f2
119,290.97442388829296,242.3449415198363,1pctCO2,r1i1p1f2
120,291.04062641701057,241.8860726969398,1pctCO2,r1i1p1f2
121,291.12941636418293,243.1024730361233,1pctCO2,r1i1p1f2
122,291.1932106216852,242.7402534561151,1pctCO2,r1i1p1f2
123,291.1905853679512,243.83197208737909,1pctCO2,r1i1p1f2
124,291.379280140429,243.60826819300806,1pctCO2,r1i1p1f2
125,291.3346493753198,243.08098737303249,1pctCO2,r1i1p1f2
126,291.43633048024975,242.63147304178054,1pctCO2,r1i1p1f2
127,291.4609359084599,243.34122378485398,1pctCO2,r1i1p1f2
128,291.5391625821943,243.57990415665833,1pctCO2,r1i1p1f2
129,291.4226288211965,242.90573417330575,1pctCO2,r1i1p1f2
130,291.6691066833166,242.9905418132178,1pctCO2,r1i1p1f2
131,291.6340069625169,243.07496903547909,1pctCO2,r1i1p1f2
132,291.4166000829445,243.09021752946524,1pctCO2,r1i1p1f2
133,291.6927583157742,243.13424867419585,1pctCO2,r1i1p1f2
134,291.83227129727896,244.0750765652395,1pctCO2,r1i1p1f2
135,291.8105131747544,243.86100790791963,1pctCO2,r1i1p1f2
136,291.8672334806229,243.98364651477996,1pctCO2,r1i1p1f2
137,291.8298698032525,243.04934416789126,1pctCO2,r1i1p1f2
138,292.17637550277516,244.69466797899307,1pctCO2,r1i1p1f2
139,292.035543252297,244.52634088820426,1pctCO2,r1i1p1f2
140,292.0171771362058,243.18538617470998,1pctCO2,r1i1p1f2
141,292.0702136919291,243.17917143029916,1pctCO2,r1i1p1f2
142,291.97994134825615,243.7831456618998,1pctCO2,r1i1p1f2
143,292.2162720309534,244.06609628751767,1pctCO2,r1i1p1f2
144,292.3085020234321,243.90487882618976,1pctCO2,r1i1p1f2
145,292.397079337811,243.9007178280065,1pctCO2,r1i1p1f2
146,292.3945936626876,244.2380473540927,1pctCO2,r1i1p1f2
147,292.5832138956124,244.68384576999534,1pctCO2,r1i1p1f2
148,292.3347496463439,244.26432907169817,1pctCO2,r1i1p1f2
149,292.6075314211911,244.84787971012017,1pctCO2,r1i1p1f2
150,292.57527318309616,244.91602239658664,1pctCO2,r1i1p1f2
1,287.77377896405204,238.7947454371899,abrupt-4xCO2,r1i1p1f2
2,288.30816340621516,238.7823145485264,abrupt-4xCO2,r1i1p1f2
3,288.8149975051325,239.6306674896839,abrupt-4xCO2,r1i1p1f2
4,289.4057182115284,240.19542016672986,abrupt-4xCO2,r1i1p1f2
5,289.5811833581101,240.08489189585842,abrupt-4xCO2,r1i1p1f2
6,289.6730310042446,239.9363735731366,abrupt-4xCO2,r1i1p1f2
7,290.03154821051726,240.46660725582808,abrupt-4xCO2,r1i1p1f2
8,290.26516515979426,239.9941527597166,abrupt-4xCO2,r1i1p1f2
9,290.30282666185946,240.39544888551126,abrupt-4xCO2,r1i1p1f2
10,290.54208689547505,240.65199129539337,abrupt-4xCO2,r1i1p1f2
11,290.69072842448634,241.11866812547407,abrupt-4xCO2,r1i1p1f2
12,290.8341383129127,242.02242237633737,abrupt-4xCO2,r1i1p1f2
13,290.9906447047196,241.8635394949245,abrupt-4xCO2,r1i1p1f2
14,291.08614067441374,242.2873530061893,abrupt-4xCO2,r1i1p1f2
15,291.2900237310411,243.11754247712886,abrupt-4xCO2,r1i1p1f2
16,291.2355019779597,242.56942683264325,abrupt-4xCO2,r1i1p1f2
17,291.3111577526238,242.76163442060454,abrupt-4xCO2,r1i1p1f2
18,291.23519577303455,243.02920732064433,abrupt-4xCO2,r1i1p1f2
19,291.39105215756194,242.11162546049425,abrupt-4xCO2,r1i1p1f2
20,291.4610633963235,242.92780516638138,abrupt-4xCO2,r1i1p1f2
21,291.60603207174694,242.54347057062424,abrupt-4xCO2,r1i1p1f2
22,291.5712719926348,242.70011096637722,abrupt-4xCO2,r1i1p1f2
23,291.6360857983081,242.63719954260787,abrupt-4xCO2,r1i1p1f2
24,291.62057812581224,242.53089723226614,abrupt-4xCO2,r1i1p1f2
25,291.769582039527,243.60311572829394,abrupt-4xCO2,r1i1p1f2
26,291.7473611330248,243.3437796582607,abrupt-4xCO2,r1i1p1f2
27,291.811640654275,242.2897815589177,abrupt-4xCO2,r1i1p1f2
28,291.73900884148065,242.90668163052644,abrupt-4xCO2,r1i1p1f2
29,291.81620626238544,242.54826114061373,abrupt-4xCO2,r1i1p1f2
30,291.9443722827385,243.22806127108294,abrupt-4xCO2,r1i1p1f2
31,292.02503611278684,242.8692588803492,abrupt-4xCO2,r1i1p1f2
32,291.68032356489607,242.0215772442597,abrupt-4xCO2,r1i1p1f2
33,291.9075421939443,242.86622651559068,abrupt-4xCO2,r1i1p1f2
34,291.9590942388777,243.2514193543314,abrupt-4xCO2,r1i1p1f2
35,292.08202864708323,244.8418704734145,abrupt-4xCO2,r1i1p1f2
36,292.0910340776809,243.63098040346893,abrupt-4xCO2,r1i1p1f2
37,292.0286311715413,244.00632292198898,abrupt-4xCO2,r1i1p1f2
38,292.03699003378244,243.52145711496524,abrupt-4xCO2,r1i1p1f2
39,291.99682997155435,244.68159593059414,abrupt-4xCO2,r1i1p1f2
40,291.9900673940523,244.1614062594388,abrupt-4xCO2,r1i1p1f2
41,291.9442657100732,242.9903379126405,abrupt-4xCO2,r1i1p1f2
42,292.0123836422997,243.82061931168835,abrupt-4xCO2,r1i1p1f2
43,291.86678924314907,243.82537708721873,abrupt-4xCO2,r1i1p1f2
44,292.05882260780305,244.49757681824767,abrupt-4xCO2,r1i1p1f2
45,291.9651829812289,244.36334750682022,abrupt-4xCO2,r1i1p1f2
46,292.1562987899461,243.55026713051623,abrupt-4xCO2,r1i1p1f2
47,291.89881979017514,244.5518854106821,abrupt-4xCO2,r1i1p1f2
48,292.013111544254,243.79092969648437,abrupt-4xCO2,r1i1p1f2
49,292.0221685109247,243.82084035787895,abrupt-4xCO2,r1i1p1f2
50,291.9342328421886,243.33489299233852,abrupt-4xCO2,r1i1p1f2
51,291.82385575791153,243.31523079867742,abrupt-4xCO2,r1i1p1f2
52,292.017774613194,244.34577727201435,abrupt-4xCO2,r1i1p1f2
53,292.0929002473281,244.68544819101822,abrupt-4xCO2,r1i1p1f2
54,292.2521878489089,245.0532072159016,abrupt-4xCO2,r1i1p1f2
55,292.2014136282926,244.38630363578602,abrupt-4xCO2,r1i1p1f2
56,292.21305824482437,244.73000061508753,abrupt-4xCO2,r1i1p1f2
57,292.1276199718673,243.65238461964617,abrupt-4xCO2,r1i1p1f2
58,292.34086766246185,244.33446207147668,abrupt-4xCO2,r1i1p1f2
59,292.2535167545122,244.8774936545044,abrupt-4xCO2,r1i1p1f2
60,292.267309920356,244.55816624966442,abrupt-4xCO2,r1i1p1f2
61,292.37716054159296,244.08336093340483,abrupt-4xCO2,r1i1p1f2
62,292.477342061278,244.38622285584694,abrupt-4xCO2,r1i1p1f2
63,292.2580435711356,244.1651282660495,abrupt-4xCO2,r1i1p1f2
64,292.26565311014633,244.36157955469645,abrupt-4xCO2,r1i1p1f2
65,292.3797013825396,244.6869071017711,abrupt-4xCO2,r1i1p1f2
66,292.34745196995874,244.44200892438047,abrupt-4xCO2,r1i1p1f2
67,292.4478673125825,244.68890574200427,abrupt-4xCO2,r1i1p1f2
68,292.36715282784604,243.97678987896597,abrupt-4xCO2,r1i1p1f2
69,292.50438406285303,245.1138791476488,abrupt-4xCO2,r1i1p1f2
70,292.6167714241093,244.87077203234136,abrupt-4xCO2,r1i1p1f2
71,292.42031812380765,243.92899891206824,abrupt-4xCO2,r1i1p1f2
72,292.37548287465256,243.80815971000877,abrupt-4xCO2,r1i1p1f2
73,292.5822353724573,244.87233566197975,abrupt-4xCO2,r1i1p1f2
74,292.56388406115025,244.8177131112764,abrupt-4xCO2,r1i1p1f2
75,292.2727634826634,244.2818648148199,abrupt-4xCO2,r1i1p1f2
76,292.58036909267616,245.66034363898896,abrupt-4xCO2,r1i1p1f2
77,292.5515256049518,245.7047026222752,abrupt-4xCO2,r1i1p1f2
78,292.6065377438512,245.38076737243998,abrupt-4xCO2,r1i1p1f2
79,292.6390366843271,245.1050307208956,abrupt-4xCO2,r1i1p1f2
80,292.5771700809204,244.48113348262447,abrupt-4xCO2,r1i1p1f2
81,292.68895562280863,245.91946920582023,abrupt-4xCO2,r1i1p1f2
82,292.59196801599046,244.65430226591675,abrupt-4xCO2,r1i1p1f2
83,292.6969160983986,245.23541578675085,abrupt-4xCO2,r1i1p1f2
84,292.7088226608707,245.55951263818824,abrupt-4xCO2,r1i1p1f2
85,292.75117007447824,244.9362618784043,abrupt-4xCO2,r1i1p1f2
86,292.6025137863822,245.06966098943656,abrupt-4xCO2,r1i1p1f2
87,292.75152621523995,245.2525507354286,abrupt-4xCO2,r1i1p1f2
88,292.6934960887642,245.4074244790936,abrupt-4xCO2,r1i1p1f2
89,292.7287601244975,245.07148785583635,abrupt-4xCO2,r1i1p1f2
90,292.6686798652955,245.4628417820023,abrupt-4xCO2,r1i1p1f2
91,292.8981439308279,245.34214151374388,abrupt-4xCO2,r1i1p1f2
92,292.7772580279953,245.3959339577345,abrupt-4xCO2,r1i1p1f2
93,292.8639493936221,245.57719197365427,abrupt-4xCO2,r1i1p1f2
94,293.0046210941366,244.94854934713982,abrupt-4xCO2,r1i1p1f2
95,292.9240143089766,245.65843638122487,abrupt-4xCO2,r1i1p1f2
96,292.8616145039458,244.84356472414686,abrupt-4xCO2,r1i1p1f2
97,292.747970928838,245.93041777104702,abrupt-4xCO2,r1i1p1f2
98,292.77781115113333,245.33144213129378,abrupt-4xCO2,r1i1p1f2
99,292.9140379802178,246.1054532037199,abrupt-4xCO2,r1i1p1f2
100,292.92096936794184,245.8002779270697,abrupt-4xCO2,r1i1p1f2
101,292.8793672366613,245.54601507326515,abrupt-4xCO2,r1i1p1f2
102,292.80641000882497,244.84748182694256,abrupt-4xCO2,r1i1p1f2
103,292.8012818828475,245.35623828927376,abrupt-4xCO2,r1i1p1f2
104,292.82406336979113,245.91864661773542,abrupt-4xCO2,r1i1p1f2
105,292.74361118607663,245.41739577654988,abrupt-4xCO2,r1i1p1f2
106,292.76655680793664,245.37279138128247,abrupt-4xCO2,r1i1p1f2
107,292.73422757331736,245.2113675777435,abrupt-4xCO2,r1i1p1f2
108,292.8873063758431,246.0636884599388,abrupt-4xCO2,r1i1p1f2
109,292.72733531025386,245.57131127853333,abrupt-4xCO2,r1i1p1f2
110,292.8777456854039,245.07519067502213,abrupt-4xCO2,r1i1p1f2
111,292.7396966653853,245.4121965328053,abrupt-4xCO2,r1i1p1f2
112,292.6452132735239,245.7652278850269,abrupt-4xCO2,r1i1p1f2
113,292.7039779817401,245.7496803991472,abrupt-4xCO2,r1i1p1f2
114,292.7262349364339,244.99810803469072,abrupt-4xCO2,r1i1p1f2
115,292.7575002170267,245.77894328595661,abrupt-4xCO2,r1i1p1f2
116,292.8498073261417,245.41507731092102,abrupt-4xCO2,r1i1p1f2
117,292.70789168790185,245.62021849916664,abrupt-4xCO2,r1i1p1f2
118,292.90586968796924,245.2007146401968,abrupt-4xCO2,r1i1p1f2
119,292.904404496886,245.28176034180186,abrupt-4xCO2,r1i1p1f2
120,292.7116221807662,245.31495904195108,abrupt-4xCO2,r1i1p1f2
121,292.634077163168,243.73134215789355,abrupt-4xCO2,r1i1p1f2
122,292.68244023799923,245.35922887739713,abrupt-4xCO2,r1i1p1f2
123,292.5822803212249,245.20123394970508,abrupt-4xCO2,r1i1p1f2
124,292.7940617678731,245.49217260690284,abrupt-4xCO2,r1i1p1f2
125,292.6846548111273,245.4819145151094,abrupt-4xCO2,r1i1p1f2
126,292.7849394379148,245.73231900426515,abrupt-4xCO2,r1i1p1f2
127,293.07860905013547,246.08302335811754,abrupt-4xCO2,r1i1p1f2
128,292.8934148155583,245.421608510785,abrupt-4xCO2,r1i1p1f2
129,292.87966905115604,245.7650920816289,abrupt-4xCO2,r1i1p1f2
130,292.98542991804703,246.12526532622795,abrupt-4xCO2,r1i1p1f2
131,293.03981991213175,245.71491947750894,abrupt-4xCO2,r1i1p1f2
132,292.96273162847547,245.92412554533306,abrupt-4xCO2,r1i1p1f2
133,292.78605990602955,245.532130739744,abrupt-4xCO2,r1i1p1f2
134,292.8746698268834,245.69334398056452,abrupt-4xCO2,r1i1p1f2
135,292.8784786778909,245.706665611105,abrupt-4xCO2,r1i1p1f2
136,292.97730410437146,245.8280910833306,abrupt-4xCO2,r1i1p1f2
137,292.93657986639056,245.74337741670394,abrupt-4xCO2,r1i1p1f2
138,293.07132975859133,245.796509722175,abrupt-4xCO2,r1i1p1f2
139,293.05048419616713,245.96107486621344,abrupt-4xCO2,r1i1p1f2
140,292.9095577835909,245.26539336620274,abrupt-4xCO2,r1i1p1f2
141,293.1515527054602,245.81606769307146,abrupt-4xCO2,r1i1p1f2
142,292.9345168556232,245.61950029141244,abrupt-4xCO2,r1i1p1f2
143,292.9903620659628,245.21266394776148,abrupt-4xCO2,r1i1p1f2
144,293.1505198674598,245.36967801080743,abrupt-4xCO2,r1i1p1f2
145,293.0438520458791,245.02644381883124,abrupt-4xCO2,r1i1p1f2
146,292.902165364956,245.1811325831286,abrupt-4xCO2,r1i1p1f2
147,292.9706207251613,244.85800882162195,abrupt-4xCO2,r1i1p1f2
148,292.92766459914674,244.99264209612747,abrupt-4xCO2,r1i1p1f2
149,292.876402146135,245.6037944000318,abrupt-4xCO2,r1i1p1f2
150,292.9512806677395,245.96691196708522,abrupt-4xCO2,r1i1p1f2
1,286.860472241665,237.0319084355711,piControl,r1i1p1f2
2,286.737655527382,236.44120876217568,piControl,r1i1p1f2
3,286.8015009326617,236.9526793082026,piControl,r1i1p1f2
4,286.7284839074483,237.13892177479352,piControl,r1i1p1f2
5,286.87817280370035,237.12747688404068,piControl,r1i1p1f2
6,286.96265814520143,236.75916650801685,piControl,r1i1p1f2
7,286.7685691930854,236.40658753005673,piControl,r1i1p1f2
8,286.8381518152775,236.16159057851686,piControl,r1i1p1f2
9,286.99538041233785,237.45900793565318,piControl,r1i1p1f2
10,286.74017554784973,236.49821087226024,piControl,r1i1p1f2
11,286.84399198129756,236.9587355388254,piControl,r1i1p1f2
12,286.95266040070845,236.5940696242136,piControl,r1i1p1f2
13,286.8452486521804,236.29935244535918,piControl,r1i1p1f2
14,286.9042371469716,236.88602540360637,piControl,r1i1p1f2
15,286.8963500060737,237.68656192990787,piControl,r1i1p1f2
16,286.927625285282,236.94525068566512,piControl,r1i1p1f2
17,286.7847929932188,237.28597654616016,piControl,r1i1p1f2
18,286.74899537058053,237.50155815772297,piControl,r1i1p1f2
19,286.70492598581194,236.6322007485483,piControl,r1i1p1f2
20,286.72470116101334,236.07893697189476,piControl,r1i1p1f2
21,286.70544780298536,236.78518433837024,piControl,r1i1p1f2
22,286.8091743260431,237.4783146674358,piControl,r1i1p1f2
23,286.8238075731708,237.55318140924658,piControl,r1i1p1f2
24,286.9653939799399,236.9971300574106,piControl,r1i1p1f2
25,286.84477273518456,237.0438084003532,piControl,r1i1p1f2
26,286.96431146404234,237.77463341231407,piControl,r1i1p1f2
27,286.9237355264786,237.1248126908155,piControl,r1i1p1f2
28,286.86674750559024,237.7336875766396,piControl,r1i1p1f2
29,286.9958812395782,237.70349969850636,piControl,r1i1p1f2
30,287.0828739934043,237.55808169052543,piControl,r1i1p1f2
31,286.98361788162924,237.25478411642288,piControl,r1i1p1f2
32,287.0715560365578,238.14048591866816,piControl,r1i1p1f2
33,287.079748081494,238.22152955179675,piControl,r1i1p1f2
34,287.00568966317064,238.6343016731165,piControl,r1i1p1f2
35,286.9828939219907,237.18172661985707,piControl,r1i1p1f2
36,287.01121826688757,237.79164111031545,piControl,r1i1p1f2
37,286.91104032931514,237.34196226672623,piControl,r1i1p1f2
38,287.03095463555775,236.9683265801211,piControl,r1i1p1f2
39,286.9585859193302,237.72300305050936,piControl,r1i1p1f2
40,286.92066795898825,237.71507046648702,piControl,r1i1p1f2
41,286.96227091302933,237.5967764505619,piControl,r1i1p1f2
42,286.821966017297,237.6413623810158,piControl,r1i1p1f2
43,286.8447826805622,237.2043706432211,piControl,r1i1p1f2
44,286.8463059749502,236.9760742370446,piControl,r1i1p1f2
45,286.789647755786,237.03277405814362,piControl,r1i1p1f2
46,286.89406798099725,237.21799851083207,piControl,r1i1p1f2
47,286.66863630523306,237.0968116849412,piControl,r1i1p1f2
48,286.8128604781872,236.62607024911193,piControl,r1i1p1f2
49,286.897084229889,237.5859598255882,piControl,r1i1p1f2
50,286.7674001291629,237.56736000388148,piControl,r1i1p1f2
51,286.6528932984348,236.90405695917136,piControl,r1i1p1f2
52,286.7732436320257,236.81799604553274,piControl,r1i1p1f2
53,286.67897675046714,236.34881289075673,piControl,r1i1p1f2
54,286.83331016042575,237.31764867091593,piControl,r1i1p1f2
55,286.7496270510352,236.77509278378562,piControl,r1i1p1f2
56,286.840612768215,237.8140206359575,piControl,r1i1p1f2
57,286.7773848205231,236.97390688813095,piControl,r1i1p1f2
58,286.7678181929897,237.2625691884458,piControl,r1i1p1f2
59,286.7846108980001,237.38258942568092,piControl,r1i1p1f2
60,286.7107159597667,237.8081457471948,piControl,r1i1p1f2
61,286.75726271499144,237.53125779602783,piControl,r1i1p1f2
62,286.9272579759674,237.44114542607667,piControl,r1i1p1f2
63,286.73085348439105,238.16462083076513,piControl,r1i1p1f2
64,286.7533346081743,236.96038389191168,piControl,r1i1p1f2
65,286.7183289290561,237.17169814957927,piControl,r1i1p1f2
66,286.83770605734384,237.71878780229017,piControl,r1i1p1f2
67,286.73916395428137,237.00906470484918,piControl,r1i1p1f2
68,286.6871422890344,237.69160633334695,piControl,r1i1p1f2
69,286.7173228312571,237.25139707949174,piControl,r1i1p1f2
70,286.5671433748415,236.73666541558495,piControl,r1i1p1f2
71,286.7044435062061,237.1437862652817,piControl,r1i1p1f2
72,286.8601079123297,237.96855063346035,piControl,r1i1p1f2
73,286.7122890762701,236.8894538640971,piControl,r1i1p1f2
74,286.64560610663364,236.7609664589729,piControl,r1i1p1f2
75,286.76359720161213,236.13449150008606,piControl,r1i1p1f2
76,286.7746724427615,236.6168166391774,piControl,r1i1p1f2
77,286.7855564180931,237.26978064168276,piControl,r1i1p1f2
78,286.72192357119604,237.7475183635668,piControl,r1i1p1f2
79,286.7059554457353,237.47729036297267,piControl,r1i1p1f2
80,286.7465453828936,237.55829516821152,piControl,r1i1p1f2
81,286.67157805504945,237.398588474906,piControl,r1i1p1f2
82,286.6420266437109,236.52961545345622,piControl,r1i1p1f2
83,286.7414582667456,237.25455794755945,piControl,r1i1p1f2
84,286.61076182698076,237.12363833342133,piControl,r1i1p1f2
85,286.51800073904315,236.8426508089918,piControl,r1i1p1f2
86,286.5971722171161,237.87677044981422,piControl,r1i1p1f2
87,286.66720195372056,237.48209981635696,piControl,r1i1p1f2
88,286.71051194319784,237.90093982808904,piControl,r1i1p1f2
89,286.5633501344415,236.02004198700283,piControl,r1i1p1f2
90,286.63299950690237,236.62608731406456,piControl,r1i1p1f2
91,286.74214183561213,237.33114418156757,piControl,r1i1p1f2
92,286.4437524307775,236.39380027446597,piControl,r1i1p1f2
93,286.62124319011036,237.1204204480246,piControl,r1i1p1f2
94,286.66045338442774,237.21188224538588,piControl,r1i1p1f2
95,286.4893242212276,237.1820676539738,piControl,r1i1p1f2
96,286.709844342414,237.36144708690966,piControl,r1i1p1f2
97,286.663448483225,237.49065016335828,piControl,r1i1p1f2
98,286.7814592977809,237.16842542828527,piControl,r1i1p1f2
99,286.5259233955512,237.5284535642269,piControl,r1i1p1f2
100,286.6578390388416,237.15195376494682,piControl,r1i1p1f2
101,286.7342895289205,237.30608115020453,piControl,r1i1p1f2
102,286.70225652838576,237.16335538770497,piControl,r1i1p1f2
103,286.72403636784867,237.50880234900023,piControl,r1i1p1f2
104,286.6233491080959,236.8101541479309,piControl,r1i1p1f2
105,286.58200663129446,236.36116611834518,piControl,r1i1p1f2
106,286.53143014358596,236.94082124773155,piControl,r1i1p1f2
107,286.56155230972735,236.91983413818045,piControl,r1i1p1f2
108,286.618751769459,237.2801372116852,piControl,r1i1p1f2
109,286.4828860474148,237.6777899761126,piControl,r1i1p1f2
110,286.4608788809351,237.33448725826457,piControl,r1i1p1f2
111,286.5886698195258,237.8950799848834,piControl,r1i1p1f2
112,286.6540032412158,237.87917655634624,piControl,r1i1p1f2
113,286.53105336256334,237.86649605246674,piControl,r1i1p1f2
114,286.4371302266663,237.16981233785688,piControl,r1i1p1f2
115,286.5867391712885,237.9935461251383,piControl,r1i1p1f2
116,286.6062884377828,236.65906083616719,piControl,r1i1p1f2
117,286.3993885028995,235.94610487201132,piControl,r1i1p1f2
118,286.5870137921914,236.86921154828036,piControl,r1i1p1f2
119,286.7464494970951,236.73728702007838,piControl,r1i1p1f2
120,286.58918286358653,237.11144953184944,piControl,r1i1p1f2
121,286.59194010536214,237.22466922104508,piControl,r1i1p1f2
122,286.63604638503637,237.05055920917545,piControl,r1i1p1f2
123,286.5635993247967,237.20028606457134,piControl,r1i1p1f2
124,286.69635605310475,237.17828475765293,piControl,r1i1p1f2
125,286.51386030417376,236.33155341378227,piControl,r1i1p1f2
126,286.5151800296609,236.38255682786408,piControl,r1i1p1f2
127,286.77775843249395,236.94334542007076,piControl,r1i1p1f2
128,286.522145689803,235.86421520985863,piControl,r1i1p1f2
129,286.5702247341971,236.4849748205539,piControl,r1i1p1f2
130,286.5607564677656,236.86374508541516,piControl,r1i1p1f2
131,286.7201059946336,237.36788172387634,piControl,r1i1p1f2
132,286.79310100560366,236.42258516063993,piControl,r1i1p1f2
133,286.8704449757316,237.53979326898585,piControl,r1i1p1f2
134,286.53885828501507,237.07452689797222,piControl,r1i1p1f2
135,286.6305689396951,237.2045850324788,piControl,r1i1p1f2
136,286.77570024957606,237.57751863720034,piControl,r1i1p1f2
137,286.89898187081775,237.48254831853995,piControl,r1i1p1f2
138,286.8434097755617,238.12034005782496,piControl,r1i1p1f2
139,286.90337620407,238.01101233447804,piControl,r1i1p1f2
140,286.8769659360417,236.44561441484595,piControl,r1i1p1f2
141,286.7683809137345,237.54742912407988,piControl,r1i1p1f2
142,286.5861109414218,237.20337924057432,piControl,r1i1p1f2
143,286.6432326514141,237.43582208094278,piControl,r1i1p1f2
144,286.64579377243234,237.1228818134489,piControl,r1i1p1f2
145,286.78268504540233,237.22379755340216,piControl,r1i1p1f2
146,286.80738398358875,237.71508647051968,piControl,r1i1p1f2
147,286.98857587872175,238.34023154449793,piControl,r1i1p1f2
148,287.04884737101327,238.5817931853482,piControl,r1i1p1f2
149,287.02602125681784,238.50359905136332,piControl,r1i1p1f2
150,286.88091498607395,237.7900470533259,piControl,r1i1p1f2
151,287.1506989818825,238.59884758768254,piControl,r1i1p1f2
152,287.08538292532023,237.81382994909674,piControl,r1i1p1f2
153,287.0800381122108,237.68594343475445,piControl,r1i1p1f2
154,286.9515865917864,237.85194005435142,piControl,r1i1p1f2
155,286.68701779255076,237.2674248828413,piControl,r1i1p1f2
156,286.7288216444961,236.84964199251746,piControl,r1i1p1f2
157,286.8398817842797,237.69164249393867,piControl,r1i1p1f2
158,286.7578972809841,237.1055916062351,piControl,r1i1p1f2
159,286.85823860747587,237.00130487760293,piControl,r1i1p1f2
160,286.85170083975584,237.25420661749894,piControl,r1i1p1f2
161,286.718307557945,236.71525931563556,piControl,r1i1p1f2
162,286.8230820583746,237.11936113640314,piControl,r1i1p1f2
163,286.787248220483,237.42982890294564,piControl,r1i1p1f2
164,286.6337582462536,238.38176191509623,piControl,r1i1p1f2
165,286.77113919412955,236.99342995589197,piControl,r1i1p1f2
166,286.8292064738618,237.0908506546701,piControl,r1i1p1f2
167,286.80633476184556,236.95848596831792,piControl,r1i1p1f2
168,286.7568847411524,237.7795867938808,piControl,r1i1p1f2
169,286.97480549521714,237.00723569629267,piControl,r1i1p1f2
170,286.79918325514313,236.7137339410249,piControl,r1i1p1f2
171,286.82142621369064,236.58479317544015,piControl,r1i1p1f2
172,286.7531200844377,236.39022946686904,piControl,r1i1p1f2
173,286.9040038700467,237.62225614642873,piControl,r1i1p1f2
174,286.78409440183077,237.94281058948872,piControl,r1i1p1f2
175,286.82470842161996,237.97253158909683,piControl,r1i1p1f2
176,286.8667911516843,237.94391327754255,piControl,r1i1p1f2
177,286.84959118849054,236.91116440781653,piControl,r1i1p1f2
178,287.0660683861142,238.2461373585133,piControl,r1i1p1f2
179,286.9566486438994,238.0444985577807,piControl,r1i1p1f2
180,286.77570592088114,236.71510025535494,piControl,r1i1p1f2
181,286.82757470415817,237.04736429681182,piControl,r1i1p1f2
182,286.7209939063819,236.9558952985357,piControl,r1i1p1f2
183,286.7716885429806,237.14402403986816,piControl,r1i1p1f2
184,286.7325665894262,236.97740754514427,piControl,r1i1p1f2
185,286.7490879241756,237.5964571331807,piControl,r1i1p1f2
186,286.83679503955386,237.68639454140964,piControl,r1i1p1f2
187,286.88625192861485,238.62234508972494,piControl,r1i1p1f2
188,286.80455581435484,237.60072157091506,piControl,r1i1p1f2
189,286.8581935794613,237.5141174498436,piControl,r1i1p1f2
190,286.94971288115534,237.33985435357155,piControl,r1i1p1f2
191,286.8694601347948,236.9298305459328,piControl,r1i1p1f2
192,286.7681470331127,237.07979563570038,piControl,r1i1p1f2
193,286.82509768151834,237.66491796448165,piControl,r1i1p1f2
194,286.7444411460157,237.28464921962583,piControl,r1i1p1f2
195,286.6551340048632,236.90382719672226,piControl,r1i1p1f2
196,286.8817406236662,238.33101439050765,piControl,r1i1p1f2
197,286.7437187858354,237.26683546319128,piControl,r1i1p1f2
198,286.7457975665222,236.4062262296454,piControl,r1i1p1f2
199,286.9512531883535,237.68854117750186,piControl,r1i1p1f2
200,286.8349643257746,236.27276110756117,piControl,r1i1p1f2
