emissions,climate,year
0.0,0.0,2020
0.0,0.0,2021
0.0,0.0,2022
0.0,0.0,2023
0.0,0.0,2024
0.0,0.0,2025
0.0,0.0,2026
0.0,0.0,2027
0.0,0.0,2028
1.9776743304561675e-05,0.9999802232566954,2029
5.914702362699168e-05,0.999940852976373,2030
5.393560105520568e-05,0.9999460643989448,2031
7.680153235194536e-05,0.9999231984676481,2032
8.046545882518509e-05,0.9999195345411749,2033
9.015601129290416e-05,0.9999098439887072,2034
0.00012198199899511524,0.999878018001005,2035
0.0001681335675725144,0.9998318664324275,2036
0.00020276964977935662,0.9997972303502206,2037
0.00025823700061441865,0.9997417629993856,2038
0.0003438127229169674,0.999656187277083,2039
0.00037126926026645577,0.9996287307397336,2040
0.0004949895720531362,0.9995050104279468,2041
0.0005964794780856654,0.9994035205219144,2042
0.0006193576612031804,0.9993806423387969,2043
0.0007655911776654274,0.9992344088223346,2044
0.000871845685512468,0.9991281543144875,2045
0.0010243758914484263,0.9989756241085516,2046
0.0012422626977942133,0.9987577373022057,2047
0.0012470736884135356,0.9987529263115865,2048
0.0014140659925680782,0.9985859340074319,2049
0.0016109168562510284,0.998389083143749,2050
0.0017445953563301868,0.9982554046436699,2051
0.0021174039246123527,0.9978825960753877,2052
0.0023471907403871638,0.9976528092596129,2053
0.0027840791089069564,0.997215920891093,2054
0.0032703623327050217,0.9967296376672949,2055
0.0034007612999846894,0.9965992387000154,2056
0.0035304640772673016,0.9964695359227327,2057
0.0037404895947313723,0.9962595104052687,2058
0.003719093742005846,0.9962809062579941,2059
0.0046536375133350745,0.995346362486665,2060
0.0049033184737124385,0.9950966815262876,2061
0.005421882947155605,0.9945781170528443,2062
0.005731121108003143,0.9942688788919968,2063
0.005778345868436529,0.9942216541315634,2064
0.006834718727801335,0.9931652812721987,2065
0.006352761781955167,0.9936472382180448,2066
0.007608121430977301,0.9923918785690227,2067
0.007886304049497528,0.9921136959505025,2068
0.009401358939030411,0.9905986410609696,2069
0.009271313709240833,0.9907286862907592,2070
0.010694602566611824,0.9893053974333881,2071
0.01135463308807584,0.9886453669119242,2072
0.010539057099247757,0.9894609429007523,2073
0.011597067551989446,0.9884029324480106,2074
0.012512105741231381,0.9874878942587686,2075
0.014050331778482387,0.9859496682215176,2076
0.014150985278473424,0.9858490147215266,2077
0.014845532359464677,0.9851544676405353,2078
0.014112531063173023,0.9858874689368269,2079
0.015260517735595216,0.9847394822644048,2080
0.016563223890028168,0.9834367761099718,2081
0.016769634193134347,0.9832303658068656,2082
0.017424835390525546,0.9825751646094745,2083
0.01893467572668748,0.9810653242733126,2084
0.018289382473985566,0.9817106175260144,2085
0.020186373734477195,0.9798136262655228,2086
0.019050280241431877,0.980949719758568,2087
0.01757183956686501,0.982428160433135,2088
0.02164603368820771,0.9783539663117923,2089
0.021592779424709302,0.9784072205752907,2090
0.021749987997734945,0.978250012002265,2091
0.024414688668807194,0.9755853113311928,2092
0.02365861428121535,0.9763413857187847,2093
0.023716205827505738,0.9762837941724942,2094
0.026168186696074798,0.9738318133039252,2095
0.02396236077321097,0.9760376392267891,2096
0.02387863730323504,0.976121362696765,2097
0.023790241928560513,0.9762097580714395,2098
0.02558024976436601,0.974419750235634,2099
0.02484239469042097,0.9751576053095791,2100
0.023449704784956223,0.9765502952150438,2101
0.023942122725393044,0.976057877274607,2102
0.023608010037871337,0.9763919899621287,2103
0.024405354924432826,0.9755946450755671,2104
0.024849874747902276,0.9751501252520978,2105
0.025005947533744927,0.9749940524662551,2106
0.023973823102507757,0.9760261768974923,2107
0.023936084100766777,0.9760639158992332,2108
0.025299230133901753,0.9747007698660982,2109
0.025258646771399076,0.9747413532286009,2110
0.024201092667565025,0.9757989073324349,2111
0.023927949981232672,0.9760720500187673,2112
0.024589140609987823,0.9754108593900123,2113
0.02452725328748459,0.9754727467125154,2114
0.025355015009251275,0.9746449849907487,2115
0.026989845840555336,0.9730101541594447,2116
0.026634677142407203,0.9733653228575928,2117
0.027460119912698557,0.9725398800873015,2118
0.027594031730466775,0.9724059682695332,2119
0.02897525070511834,0.9710247492948817,2120
0.028995241962493472,0.9710047580375065,2121
0.028751917415077037,0.9712480825849229,2122
0.028595016221333005,0.9714049837786669,2123
0.029758387045657156,0.9702416129543429,2124
0.03135308074542968,0.9686469192545702,2125
0.030747754586982947,0.9692522454130171,2126
0.029505154045827757,0.9704948459541723,2127
0.03071709477621107,0.969282905223789,2128
0.031046954217933607,0.9689530457820663,2129
0.032392569102467655,0.9676074308975324,2130
0.031560790157560414,0.9684392098424396,2131
0.03226531972288184,0.9677346802771182,2132
0.03195472363819545,0.9680452763618045,2133
0.03316830240936145,0.9668316975906385,2134
0.03313621892877662,0.9668637810712234,2135
0.03372962732566404,0.9662703726743359,2136
0.03375198286595549,0.9662480171340445,2137
0.03401006327896131,0.9659899367210387,2138
0.03490978816679674,0.9650902118332032,2139
0.03648854474344663,0.9635114552565534,2140
0.035967226471844,0.964032773528156,2141
0.037408645021188076,0.9625913549788119,2142
0.03798918363154339,0.9620108163684566,2143
0.037913853801461714,0.9620861461985383,2144
0.037142838206399735,0.9628571617936001,2145
0.03886547160368906,0.961134528396311,2146
0.038959787924800086,0.9610402120752,2147
0.038656067745922444,0.9613439322540777,2148
0.03976174661852049,0.9602382533814795,2149
0.04016489277867638,0.9598351072213236,2150
