year,mean,p5,p95,var_total,var_emissions,var_climate,var_internal,var_modelled
1850,-0.01199029111522767,-0.1769210786223412,0.19846539163589486,0.014924859756811217,1.3986477735625162e-08,0.009790160126490728,0.006089665383460544,0.01587983949642901
1851,0.0035276510808409946,-0.201360661149025,0.20165964418649676,0.015783972711544185,1.3986477735625167e-08,0.010061094117945465,0.007045414166180494,0.017106522270603695
1852,0.0067973314710789295,-0.20523340082168584,0.23722420358657842,0.017382771278485743,1.39864777356252e-08,0.011139406057708585,0.009821608333291139,0.02096102837747746
1853,0.023556234473238395,-0.17703505015373233,0.2656174805164337,0.01749839735609306,1.3986477735625235e-08,0.009059635097416856,0.009457591007862712,0.018517240091757304
1854,0.027210515807775993,-0.14495004898309705,0.30738263899087903,0.018975975908251747,1.3986477735625124e-08,0.012104944622970936,0.008956397446048859,0.021061356055497533
1855,0.030503510924759843,-0.14929289674758903,0.3256408783197402,0.022168264734726065,1.39864777356251e-08,0.014201621913799143,0.011369027126227367,0.025570663026504247
1856,-0.011990733959111897,-0.1902438519001007,0.23994994951039547,0.01908296919535567,1.3986477735625162e-08,0.009311758519728658,0.010082795915789491,0.019394568421995884
1857,-0.017918506582495237,-0.2171020258069038,0.24116106057167058,0.0179880857722631,1.3986477735625142e-08,0.0118101167301753,0.007680921655150512,0.019491052371803548
1858,-0.008949800877852567,-0.22992007172107692,0.22591950201988223,0.020848330471522597,1.3986477735625162e-08,0.013980475241033928,0.008346488048299745,0.02232697727581141
1859,0.02512571421982721,-0.16243279850482933,0.22718229496479042,0.01579775638802359,1.398647773562519e-08,0.010385125330230918,0.006914378942329488,0.01729951825903814
1860,0.014446434257427856,-0.2399206558465958,0.21649137368053192,0.021348882156393745,1.3986477735625172e-08,0.013549499803272793,0.008884490530857634,0.022434004320608165
1861,0.03264194138662497,-0.13679994797706607,0.24661277794837952,0.017550730361100605,1.3986477735625172e-08,0.0122184325463802,0.005157442277029957,0.017375888809887892
1862,0.021470609061916675,-0.21508429026603704,0.25117392802238464,0.023235848396479804,1.3986477735625192e-08,0.012393349758900867,0.011215092103769145,0.02360845584914775
1863,0.02237797745077147,-0.18375063008069992,0.21378969126939779,0.018550109642432287,1.3986477735625162e-08,0.009250466360619826,0.008818884568767078,0.01806936491586464
1864,-0.0578530188827051,-0.3010495535135269,0.18216724270582194,0.02255884748070395,1.3986477735625184e-08,0.010993141241606816,0.009216953953238514,0.020210109181323065
1865,-0.0681374610889289,-0.2640271071195603,0.16723994226753702,0.02118648249335302,1.3986477735625212e-08,0.01175280634964166,0.00835036364057731,0.020103183976696706
1866,-0.03259362539806299,-0.19229098743200307,0.2183395084142685,0.024649108592859948,1.3986477735625189e-08,0.01306287214737195,0.010157480370329378,0.023220366504179066
1867,-0.018268353134621346,-0.21744557744264606,0.22887016235012556,0.024376963046707504,1.3986477735625142e-08,0.012782033515219086,0.010048239925817843,0.022830287427514667
1868,-0.0035400056121042997,-0.21845536208152774,0.22620318794250496,0.019507962568208862,1.3986477735625174e-08,0.009971673224613654,0.009119079429907171,0.019090766640998562
1869,0.020620685216988857,-0.1560871984660625,0.19112132096290596,0.012718951067947218,1.3986477735625159e-08,0.00417082488772932,0.009092321632901898,0.013263160507108953
1870,0.0329790788318548,-0.2029635644555091,0.28100272142887106,0.019866835827822806,1.3986477735625227e-08,0.010721461040201361,0.007932218180146423,0.01865369320682552
1871,0.03127041806040539,-0.25628426408767696,0.25516666615009315,0.019877102989546296,1.3986477735625189e-08,0.007716468443259194,0.012245259875878333,0.019961742305615263
1872,0.05142287306992545,-0.20622076457738867,0.26757477843761435,0.019474293209999882,1.3986477735625147e-08,0.008174839645377453,0.012260745489538417,0.020435599121393606
1873,0.0678236915656262,-0.14552382490038868,0.24459975922107705,0.017532656111015812,1.3986477735625157e-08,0.008086980555652006,0.008778243283240993,0.016865237825370735
1874,0.06074184288775756,-0.12570049574971204,0.2942565413713455,0.01587958651915695,1.3986477735625113e-08,0.007594609698696642,0.00826663638078,0.015861260065954376
1875,0.04660523435230781,-0.11287398195266715,0.28188512423634526,0.013618995163091266,1.3986477735625101e-08,0.007914323852544057,0.00619248509529439,0.014106822934316183
1876,0.04580051989282172,-0.1344833630919457,0.2493491778671742,0.012306923270432773,1.3986477735625084e-08,0.006653738171143715,0.0048679666626518635,0.011521718820273315
1877,0.023628492490781684,-0.20373899197578438,0.25205886089801793,0.020042728487664307,1.3986477735625169e-08,0.007277376239805979,0.01323142699597072,0.020508817222254436
1878,0.0455187924856941,-0.18383962130546566,0.2803869112730027,0.01889260782400899,1.3986477735625167e-08,0.007736623395446332,0.011167601434951694,0.018904238816875762
1879,0.05138548776520831,-0.15383437490463253,0.22415762358903893,0.011269769747709137,1.3986477735625121e-08,0.005088194610828013,0.006551191555109425,0.011639400152415174
1880,0.042109384082857935,-0.17679648002982143,0.25812515759468085,0.017679052068169228,1.3986477735625129e-08,0.009312843864519244,0.00807480916079327,0.017387667011790252
1881,0.05991876239720732,-0.12880743896961203,0.34293522322177883,0.01802329861891968,1.398647773562511e-08,0.005792040558356613,0.011257520558109316,0.017049575102943665
1882,0.04542041805663871,-0.12833419030904775,0.39212411963939664,0.019263722628151875,1.3986477735625252e-08,0.006938858639937977,0.012802722687962136,0.019741595314377847
1883,0.0468701738247234,-0.10843456035852436,0.28018100285530095,0.015229866686903229,1.398647773562523e-08,0.008679116547305276,0.008204968610193306,0.016884099143976317
1884,-0.005453012915284162,-0.17162406092882165,0.16580858179926877,0.011654007276382853,1.3986477735625177e-08,0.005380259195427889,0.006436159758984945,0.011816432940890569
1885,-0.14140617830329055,-0.3684712240695953,0.10631384862679996,0.01570801259460963,1.3986477735624904e-08,0.008919006519935302,0.009295893398377678,0.018214913904790714
1886,-0.16818059717731343,-0.33126922225952155,0.0990546675920486,0.014091407279258585,1.3986477735625078e-08,0.006365981675121669,0.01067516988523596,0.017041165546835366
1887,-0.10525288305257756,-0.27715064978599546,0.10333865338563927,0.016329236649182986,1.3986477735624984e-08,0.009225758052490523,0.007868875891220936,0.017094647930189194
1888,-0.05162897433063222,-0.22961964941024776,0.13839556640572837,0.015699095740639143,1.398647773562521e-08,0.01004484306218266,0.007475105678155541,0.017519962726815937
1889,-0.03199699974269088,-0.19063379614055154,0.19615819161385306,0.015324648938261807,1.3986477735625222e-08,0.00850645516642756,0.004728570624908683,0.01323503977781398
1890,0.0020164891441094,-0.18313383793830867,0.197849122300744,0.015968106171407693,1.3986477735625172e-08,0.010501052193172211,0.005502013208891852,0.0160030793885418
1891,-0.008180349659324723,-0.19069091832637777,0.1921132654845714,0.015730954674769936,1.398647773562518e-08,0.009301984580283496,0.007028496250473631,0.016330494817234864
1892,-0.003381630216538903,-0.17465060389041898,0.19484811627864845,0.014252225103444434,1.3986477735625175e-08,0.008373835806413335,0.007315606849797163,0.015689456642688233
1893,-0.01025295731986148,-0.21870309269428256,0.1797765029370785,0.017325641513350195,1.3986477735625172e-08,0.009819782694986474,0.0066966406245778315,0.01651643730604204
1894,0.023321870976106992,-0.20239917016029363,0.1915229667453095,0.015452142642235801,1.3986477735625137e-08,0.008729811073479874,0.005761205638156298,0.014491030698113909
1895,0.02395146040854355,-0.17714413738250728,0.191940098643303,0.01577671555712284,1.3986477735625175e-08,0.005516585517623699,0.009430250598533746,0.014946850102635181
1896,0.03455481686306497,-0.20659016257524487,0.21326420032978063,0.016448089562841415,1.3986477735625174e-08,0.008912454241494444,0.00806010373638407,0.016972571964356253
1897,0.06600549616631535,-0.1844497970342637,0.2948803981542587,0.01848425448053414,1.3986477735625326e-08,0.007033777608851151,0.012327963536988323,0.019361755132317207
1898,0.057963736311718826,-0.11458288712799557,0.22972953104972849,0.013986650214739728,1.3986477735625159e-08,0.004369695779013343,0.010488398780884584,0.014858108546375662
1899,0.06551894374075863,-0.14867403423786163,0.24344297850131996,0.012963326727675592,1.3986477735625184e-08,0.005263597538135887,0.011128072905575697,0.01639168443018932
1900,0.0664740531631642,-0.131658254623413,0.2343842395544053,0.01433284580018148,1.3986477735625348e-08,0.0055160805805134485,0.009857928163351237,0.015374022730342421
1901,0.06969462023155971,-0.12356763771176338,0.26598859527707097,0.014603517445279079,1.3986477735625235e-08,0.006171613902538988,0.009971078796936095,0.01614270668595282
1902,0.07745404298611815,-0.14974357253313064,0.31384312832355504,0.017702459307843692,1.3986477735625063e-08,0.009386968011864174,0.009340207866639527,0.01872718986498144
1903,0.03746054952020447,-0.17241274154186254,0.2417493923902512,0.015053147736940437,1.3986477735625159e-08,0.006888946014433703,0.01041298153297694,0.01730194153388838
1904,-0.04124679001164105,-0.26263676142692555,0.1584241619110107,0.01730568095041777,1.3986477735625214e-08,0.006726656722373096,0.011810560151693865,0.018537230860544696
1905,-0.049190998816883394,-0.23955026483535757,0.15286199742555615,0.01380727006130228,1.3986477735625075e-08,0.006456328397786137,0.008790242787386842,0.015246585171650714
1906,-0.026099818786730365,-0.2264731959104537,0.19841463682800536,0.014188918587257893,1.3986477735625199e-08,0.007216820372344691,0.00957601625337856,0.016792850612200986
1907,-0.003316068987796701,-0.18344736582040783,0.20102615663409226,0.011922928201707216,1.3986477735625167e-08,0.0053212321651940515,0.0068429182250074935,0.01216416437667928
1908,0.008848126111427946,-0.15211374139785758,0.20327420347928998,0.013965060540306459,1.3986477735625174e-08,0.003584543155207841,0.012089878538345908,0.015674435680031483
1909,0.021398380463818714,-0.12698326086997977,0.20764139303565018,0.011924756236909856,1.3986477735625159e-08,0.002704454740960865,0.009672400289820022,0.012376869017258622
1910,0.044451258282615654,-0.11002878999710088,0.17940523886680604,0.008772927236146824,1.3986477735625154e-08,0.003867797058124166,0.005412889227124642,0.009280700271726543
1911,0.02583928965847526,-0.14084400302171707,0.20450821959972387,0.011249959955066884,1.3986477735625162e-08,0.006424975488357559,0.005126597834945066,0.01155158730978036
1912,0.06000549950572766,-0.12977047255635252,0.2584006377458572,0.011165869752525035,1.3986477735625184e-08,0.0049172396213630655,0.008163274113517444,0.013080527721358245
1913,-0.014735966472907194,-0.2418620917797089,0.18095659980177883,0.014834859334883238,1.3986477735625207e-08,0.004293705133030059,0.012293418347917947,0.016587137467425742
1914,-0.03243259669229284,-0.22754874730855223,0.1294189813137055,0.011648128873718052,1.398647773562518e-08,0.0047600945661994,0.0078091078226993245,0.01256921637537646
1915,-0.02702616324298497,-0.24041242694854736,0.12407476063910876,0.012646990803159508,1.3986477735625192e-08,0.006312061308094711,0.008193516388921535,0.014505591683493982
1916,-0.0070057998071114186,-0.19936365044116977,0.17679981985688215,0.012252743228384986,1.3986477735625172e-08,0.005688435188036677,0.008924650797153577,0.01461309997166799
1917,0.0032263403451898063,-0.18944321191310873,0.18564587795734414,0.012175261874829339,1.3986477735625174e-08,0.00548496314244514,0.010161843704249336,0.01564682083317221
1918,0.022770702125276963,-0.11873525863885875,0.2294704314470292,0.015058346000178453,1.3986477735625154e-08,0.005865743109808933,0.012697188965115323,0.01856294606140199
1919,0.06506420492440877,-0.08939307904243468,0.22294743168726558,0.011345254559568764,1.3986477735625172e-08,0.0037467097461854324,0.011118104221531594,0.014864827954194762
1920,0.07681495646933716,-0.11875252759456638,0.2279854383468628,0.011253559558673678,1.3986477735625142e-08,0.003936948102894761,0.012916077063793333,0.01685303915316583
1921,0.08919120951750213,-0.06873085728287688,0.23003815436363226,0.009572497605428637,1.3986477735625137e-08,0.003733154384263722,0.009751559680515767,0.013484728051257224
1922,0.095991556452877,-0.07302544815838327,0.23770575249195103,0.010542819897058874,1.3986477735625218e-08,0.005470732450926437,0.007903279630114253,0.013374026067518426
1923,0.06158426682788672,-0.1041727361679077,0.2400417902469636,0.012090057498752643,1.398647773562521e-08,0.006300447953604749,0.008152554761894687,0.014453016701977172
1924,0.06579004665099912,-0.12042159175872806,0.2986726948022842,0.014601333793979479,1.3986477735625167e-08,0.00822807955173639,0.008384605086837147,0.016612698625051273
1925,0.08558357050940396,-0.07945204830169669,0.32371647381782537,0.01314859753777715,1.3986477735625278e-08,0.006068982917497028,0.007325538160460258,0.013394535064435022
1926,0.08625719428567424,-0.09891466593742367,0.2908519854545594,0.01388446491586647,1.3986477735625154e-08,0.00591203922377919,0.008255183066957538,0.014167236277214463
1927,0.09297030584007607,-0.11738810858130451,0.28825936222076426,0.016776594132443375,1.3986477735625214e-08,0.006302922313861206,0.010017749509084004,0.016320685809422947
1928,0.132758016100857,-0.10122318094968799,0.3022496625185012,0.018547586764816156,1.3986477735625268e-08,0.008186939990912022,0.009486920895136383,0.01767387487252614
1929,0.13826000209574899,-0.10810117757320407,0.34555699312686916,0.01936337029670277,1.3986477735625245e-08,0.0093069664538022,0.011574135132290372,0.02088111557257031
1930,0.11377586494756657,-0.07414503740519285,0.27976072335243235,0.013085244695669766,1.3986477735625124e-08,0.003971340077763086,0.009577203731091352,0.013548557795332174
1931,0.13428601941598786,-0.09439794244617214,0.3612098356485367,0.018426640770081076,1.3986477735625424e-08,0.010474628043880543,0.010027522986970778,0.020502165017329058
1932,0.11546711174862254,-0.08525305493175983,0.29753530824184415,0.013485205119411392,1.3986477735625154e-08,0.008466903913824424,0.007690669509923165,0.016157587410225327
1933,0.12284749553112521,-0.07467156445980072,0.3122750517129898,0.012941770954429877,1.398647773562523e-08,0.0074897543551254615,0.008920915765690112,0.016410684107293308
1934,0.12920751306008962,-0.05578567838668823,0.34969517254829396,0.01604048016826035,1.3986477735625463e-08,0.008985494790827773,0.012972261851300031,0.02195777062860554
1935,0.1304218463474264,-0.0237924269437789,0.3094805797338486,0.012555846036617111,1.398647773562529e-08,0.007027813759867652,0.010253888584980431,0.01728171633132582
1936,0.14891625068047498,-0.02393023662990882,0.32696047806739814,0.01639007393431986,1.3986477735625189e-08,0.009756096621887103,0.010787867902712574,0.020543978511077414
1937,0.15467437007503793,-0.040281779825687404,0.39647052073478706,0.015818552454344742,1.398647773562473e-08,0.007085412001470736,0.011440560988926436,0.01852598697687491
1938,0.16271532788756823,0.015552313566207976,0.3265722521543504,0.014340556684797693,1.398647773562507e-08,0.007570407641268,0.008186462141229154,0.01575688376897489
1939,0.1944101881472601,0.019725317597389137,0.36268774771690376,0.0159155394519715,1.3986477735624855e-08,0.006452029422173096,0.010658784614078022,0.017110828022728855
1940,0.17127007685071893,-0.01696394151449212,0.3193895205259324,0.009787078855744627,1.3986477735625214e-08,0.005652408124699123,0.006606739051536461,0.01225916116271332
1941,0.1756450620095763,-0.07358960954844955,0.37257490777969365,0.016849848796419008,1.3986477735625104e-08,0.0081962446463504,0.01111476594530991,0.019311024578138047
1942,0.17666348226330142,-0.05152478253841396,0.4270001688003541,0.017807826916065143,1.3986477735625055e-08,0.00921784146176263,0.012627174642934131,0.0218450300911745
1943,0.16006869984467825,-0.04453855434805158,0.3244484254121781,0.015285752738535493,1.3986477735625369e-08,0.008671541379463387,0.008032494185006272,0.016704049550947397
1944,0.16514593956306992,-0.05545485197007647,0.33829363071918483,0.013905364631471583,1.3986477735625493e-08,0.006811951335676085,0.009440708774142815,0.016252674096296636
1945,0.1754313644051552,-0.06219857460260395,0.34215724849700935,0.01482218893015542,1.3986477735625295e-08,0.006991497432303091,0.009758458340448743,0.01674996975922957
1946,0.18957069748275812,-0.046957991927862076,0.36883713924884803,0.016299977794193055,1.3986477735624868e-08,0.0060665600032578605,0.011367200138988382,0.01743377412872398
1947,0.19986652237557703,-0.004703306466341017,0.36485865855216987,0.015206018081535136,1.3986477735625257e-08,0.004511041706961317,0.013173610811677765,0.017684666505116818
1948,0.22844997104555367,-0.024788740932941346,0.4632636942863464,0.02072935922753132,1.398647773562529e-08,0.013083462795209867,0.0109768510724801,0.0240603278541677
1949,0.24342750427093773,-0.018042179703712503,0.44252422297000893,0.016463382833853703,1.398647773562541e-08,0.009270913901402502,0.010633513929442472,0.01990444181732271
1950,0.22372948144757088,-0.036034931153059,0.4138801732063294,0.017338922482031296,1.3986477735625078e-08,0.008295930714323742,0.011503502407887774,0.019799447108689253
1951,0.22300410552455321,0.03764304274320599,0.3998108615875245,0.01096650377884557,1.398647773562489e-08,0.006303065767637348,0.007893808622644532,0.014196888376759614
1952,0.22782320483989188,0.004608524084091148,0.3742635288238525,0.014002549053295236,1.3986477735624898e-08,0.006921138248095011,0.009199368243961637,0.016120520478534385
1953,0.22984759346362618,0.0482693585157394,0.444501727461815,0.015839789428448447,1.3986477735625094e-08,0.007892186777942957,0.008509837030977378,0.01640203779539807
1954,0.22742806942396696,0.04231998556852332,0.41553362035751346,0.013338666440665108,1.3986477735624939e-08,0.006450294469273613,0.008332300971968272,0.01478260942771962
1955,0.2284462311671219,0.06180904978513726,0.37200528228282936,0.011110140188293519,1.3986477735625154e-08,0.005755054544585542,0.006195752202840001,0.01195082073390328
1956,0.23199021617869536,0.07515290209650993,0.4345170530080796,0.013272168113336619,1.3986477735624964e-08,0.006759921575959971,0.007792487917809574,0.014552423480247281
1957,0.25105575480692915,0.06338397228717808,0.4220114108324052,0.013098989422255108,1.3986477735625546e-08,0.006319084022309591,0.006738076694148334,0.01305717470293566
1958,0.2717842808281796,0.024689203739166343,0.4790406438112258,0.017580473598326058,1.3986477735625205e-08,0.011520027565772679,0.007559903348467513,0.01907994490071793
1959,0.28866539298751287,0.083035570025444,0.5064844300746919,0.017855154711144294,1.3986477735625624e-08,0.010338082755688056,0.010191065566790409,0.0205291623089562
1960,0.296546803086665,0.07650082194805155,0.43691810631752004,0.013398602587805904,1.3986477735625369e-08,0.008970012613523686,0.004899695072786491,0.013869721672787914
1961,0.29524828150338595,0.09548565590381627,0.4699867405891419,0.014944587807596941,1.398647773562501e-08,0.00923362948032322,0.00755378250795541,0.016787425974756368
1962,0.288662418860611,0.10250959956645962,0.5010400375127793,0.017221677387201727,1.3986477735625374e-08,0.011139732229169983,0.006184786809447354,0.017324533025095075
1963,0.2508236055188709,0.019404862463474237,0.4630203964710236,0.01862958091636227,1.398647773562482e-08,0.011893920538579725,0.007985064095435361,0.019878998620492822
1964,0.1697587596230623,-0.02481887450814251,0.36259190702438365,0.016212677423699043,1.3986477735625124e-08,0.009342863154990095,0.007307555618321389,0.01665043275978922
1965,0.13810598964893986,-0.04827375179529199,0.318696792960167,0.01536273724278327,1.3986477735624919e-08,0.009769249218143001,0.006337863193502382,0.016107126398123117
1966,0.1406026556496819,-0.05068207687139507,0.34643677318096167,0.01842628220210583,1.3986477735625359e-08,0.00941623777504569,0.013092262333628682,0.02250851409515211
1967,0.2139736039593816,0.024622713342308998,0.4260562934875489,0.01474640999919949,1.3986477735625204e-08,0.011059334539090838,0.005499601534758061,0.016558950060326635
1968,0.21983778622920316,-0.018870846986770586,0.4430684854984284,0.01929761553905668,1.398647773562481e-08,0.013178861150910732,0.008057633595142454,0.021236508732530922
1969,0.24037801300783954,0.03581414246559152,0.44722927117347727,0.022063553849411575,1.3986477735625189e-08,0.011329895884033216,0.01324647640298621,0.02457638627349716
1970,0.2506774571650558,-0.019685438185930337,0.5090085479021071,0.02440394350748682,1.3986477735625341e-08,0.01441532509091412,0.012402234973897336,0.026817574051289192
1971,0.28722454736100306,0.027259035348892256,0.5149256637096405,0.02301382926378266,1.398647773562458e-08,0.01254312154258151,0.011602505536106448,0.024145641065165695
1972,0.25507771177515387,0.061688943147659346,0.4908085539340972,0.016641044000966155,1.3986477735625445e-08,0.008336731544151937,0.01030935228899352,0.018646097819623193
1973,0.2724982337228126,0.07802676820755002,0.45320344114303596,0.020408848787004923,1.3986477735625271e-08,0.011345979371420128,0.010753391200804955,0.02209938455870282
1974,0.30275045774347253,0.037314569592475935,0.5687563099861146,0.02344736987006497,1.3986477735625485e-08,0.012538247922152319,0.012421503567733645,0.0249597654763637
1975,0.28195212292265565,0.025801426708698318,0.5105666866302491,0.022652337887115143,1.3986477735625086e-08,0.01680915838829381,0.00797112546665803,0.02478029784142958
1976,0.28691384358008704,0.05051174679398537,0.537859236240387,0.020176557227653595,1.3986477735625318e-08,0.012954480715290855,0.010212568758754077,0.02316706346052267
1977,0.2999172785659631,0.10427551352977762,0.5190261378288269,0.016576236827839395,1.3986477735625311e-08,0.012001270762838648,0.008025660049890193,0.020026944799206577
1978,0.3355834475851721,0.11685759389400487,0.577532384634018,0.022006833851105856,1.3986477735625819e-08,0.015886305601762157,0.00834273842264519,0.024229058010885082
1979,0.38009138608442417,0.14114949727058418,0.5788502266407013,0.018188651348573608,1.3986477735625472e-08,0.013849858135689666,0.006932353313864154,0.020782225436031556
1980,0.3977847961531745,0.1536862238645554,0.5910225584506988,0.02383272652413427,1.3986477735625486e-08,0.01453278469318517,0.010602300943553567,0.025135099623216473
1981,0.41819594697289997,0.16938994491100307,0.6326074316501618,0.019162684666857634,1.3986477735625518e-08,0.011557425838197983,0.008504436408977679,0.020061876233653398
1982,0.43544477783441543,0.17372181856632238,0.6749307199716569,0.021314285700302762,1.3986477735625197e-08,0.013645958943120097,0.008888102066997233,0.022534074996595065
1983,0.4281576078414917,0.17412249588966375,0.6797194900512695,0.02429304346959916,1.3986477735625384e-08,0.018693561392345764,0.0071672000184411005,0.025860775397264602
1984,0.39224734642944403,0.12535709464550018,0.6675290813446045,0.0300505838598611,1.3986477735625672e-08,0.022914326726845145,0.00933195231359201,0.03224629302691489
1985,0.3944970017121898,0.13548201197385779,0.6103466197252274,0.023699961529820346,1.3986477735625462e-08,0.01725494976772358,0.00909016557762502,0.02634512933182634
1986,0.4166074173347818,0.16465698802471168,0.6678674032688142,0.024627722648281836,1.3986477735625543e-08,0.015012201543998863,0.01294531371763473,0.02795752924811133
1987,0.4630702669037713,0.22055117630958562,0.7187676503658295,0.026392844729525078,1.3986477735625654e-08,0.018833161778834106,0.00984363267426157,0.02867680843957341
1988,0.4947668104979727,0.2344762893915177,0.7671563240289687,0.023071267525018167,1.3986477735624942e-08,0.014312886933595281,0.012514664487442739,0.026827565407515755
1989,0.5214936782532268,0.2622260066270829,0.7519475557804108,0.02377522818472979,1.3986477735625311e-08,0.017346137960521184,0.007083858168507393,0.024430010115506315
1990,0.5780369152241284,0.32241669142246243,0.8304415907859802,0.0259809368208356,1.3986477735623169e-08,0.019016574732042834,0.00913585760492731,0.02815244632344788
1991,0.5914099053819973,0.3180287017822266,0.8207534720897675,0.02298367415889546,1.3986477735623132e-08,0.014129684705024853,0.010361481631549657,0.024491180323052246
1992,0.5595035847306251,0.2876438590288163,0.7334911646842956,0.022039936539230844,1.398647773562402e-08,0.01614263649866767,0.008279603481977763,0.02442225396712317
1993,0.4512837459259563,0.177635846376419,0.7057083728313445,0.026146386479031957,1.3986477735625582e-08,0.01950412016246832,0.007515585697315619,0.027019719846261676
1994,0.4546559019044042,0.19034012818336482,0.7028778018951416,0.027577857944941563,1.398647773562549e-08,0.02087694079116149,0.00811731129030435,0.02899426606794358
1995,0.5375753385768997,0.2797448303699493,0.7917505183219911,0.02362820211572043,1.3986477735624266e-08,0.014621895743435588,0.00974599889777066,0.024367908627683985
1996,0.6089478098299768,0.39573888325691225,0.8262480279207229,0.021274031006891805,1.398647773562327e-08,0.01286518011707781,0.0110123122968752,0.023877506400430744
1997,0.6566447976178592,0.4097653754949569,0.8902937593460083,0.025472591890207594,1.3986477735623468e-08,0.014773040643070126,0.01286786994480267,0.027640924574350533
1998,0.68372994227012,0.4820797278881073,0.8896662273406983,0.01764998798344194,1.3986477735624307e-08,0.011467507208686906,0.008105031768075987,0.01957255296324063
1999,0.7065344396180576,0.4764791938066483,0.9212002792358398,0.0231632056982707,1.3986477735623215e-08,0.01576481841552317,0.00691694575743608,0.022681778159436988
2000,0.7506022178080346,0.5421112116575241,0.9588525714874268,0.01438671421467269,1.3986477735623574e-08,0.008124540909687665,0.005350261053267186,0.013474815949432587
2001,0.8092029793010818,0.615797600388527,0.9948037090301514,0.01383725996663766,1.3986477735624057e-08,0.007429617020944278,0.006712334514540253,0.014141965521962266
2002,0.8504274821559588,0.6637788763046264,1.043323554635048,0.0136481724027822,1.3986477735623867e-08,0.006589873709322783,0.009212975892066605,0.015802863587867123
2003,0.8862764672716458,0.7102568897008896,1.059676748752594,0.014625625129070575,1.3986477735623708e-08,0.0073107191164078445,0.00943864891261382,0.0167493820154994
2004,0.8927743974275059,0.6985425122976303,1.1410933413505555,0.01676830551039231,1.398647773562382e-08,0.01122778865060514,0.008800213480442269,0.020028016117525145
2005,0.8956853319817119,0.6761897041797639,1.1312237694263458,0.019576421856130462,1.3986477735623536e-08,0.012233250167368976,0.00947873321130127,0.02171199736514798
2006,0.8968783917970127,0.7158676000833513,1.0921491231918334,0.014306971656495034,1.3986477735623587e-08,0.008868419634536604,0.008321288257625266,0.017189721878639607
2007,0.9008005496144295,0.723824954867363,1.0843988695144653,0.013811599588460467,1.3986477735624515e-08,0.006989968214527509,0.010356441124860767,0.01734642332586601
2008,0.9307428488744629,0.7503885217905045,1.1184100582599639,0.015312645696868995,1.3986477735623594e-08,0.009636744400059565,0.008955146800913685,0.018591905187450984
2009,0.9562544805751906,0.7765531721115112,1.164268819332123,0.016486761091823156,1.398647773562522e-08,0.01008757926318014,0.009081203418599535,0.01916879666825741
2010,0.9719595163676473,0.7742374124526977,1.1495125933885575,0.012922961889142173,1.3986477735624964e-08,0.009273480990792626,0.005140893187890863,0.014414388165161225
2011,1.0065614656885464,0.8420134737491608,1.2174808456897734,0.012153636965602323,1.3986477735626302e-08,0.005443296523687121,0.00911030949893394,0.014553620009098796
2012,1.0254065231760343,0.8638850274085998,1.1948644515275955,0.010204887081680438,1.3986477735628623e-08,0.006644985475176746,0.007621280784076083,0.014266280245730564
2013,1.067608752146032,0.9246489300727845,1.2499863215684892,0.010463903162950407,1.3986477735628898e-08,0.005535302921789697,0.007142819582086676,0.012678136490354108
2014,1.1132358878466817,0.9763664927482606,1.2764725127220153,0.010359572991523873,1.398647773562838e-08,0.003933476889897765,0.011146900542905897,0.015080391419281396
2015,1.1363330956578255,0.9827073367834092,1.2774044867753984,0.00815820006985853,1.3986477735626742e-08,0.002789816015662404,0.011619247351605431,0.01440907735374557
2016,1.1520356863352987,1.0075457319021226,1.2906942888498305,0.00663292074926786,1.3986477735627338e-08,0.002481375561458206,0.009499559585979079,0.01198094913391502
2017,1.1679830414997205,1.0209926047325135,1.293314393401146,0.007888632715493987,1.3986477735627073e-08,0.0018080321199123437,0.010784521840055714,0.012592567946445794
2018,1.2247009180929929,1.1071013160943983,1.36168927693367,0.005039266794518976,1.3986477735627571e-08,0.0005332147221412896,0.00783815727768106,0.008371385986300085
2019,1.2459446241074141,1.1308811851739882,1.3609972783327104,0.005147879461206982,1.3986477735626813e-08,0.0017666161931011782,0.005493959393795525,0.0072605895733744395
2020,1.2659859004563758,1.1542059537172318,1.3655760111808777,0.004943663559181444,1.3986477735627578e-08,0.002123635133910749,0.0,0.0021236491203884844
2021,1.304808259965314,1.1926350280046463,1.4182628985643386,0.005401088649374994,1.3986477735627497e-08,0.0025856609362377146,0.004901005240195145,0.0074866801629105955
2022,1.3251514411780572,1.2117617675065995,1.4450058212280272,0.006049952944241159,3.028888552196156e-09,0.0018051748286608321,0.005642424867397095,0.00744760272494648
2023,1.3330592464552984,1.193293714761734,1.4614957793951036,0.007820398304371607,6.790709421598676e-08,0.002913028482071369,0.007394473490304369,0.010307569879469954
2024,1.3839977862517039,1.2559581800699235,1.5244623705148697,0.007410589160476536,3.2259041953483753e-07,0.0038352953971463218,0.006877046926858579,0.010712664914424436
2025,1.390655458623833,1.2551033880710603,1.538618266224861,0.010197300586720482,8.952364300043479e-07,0.0038259555035225594,0.007690435927512362,0.011517286667464925
2026,1.4116438968261082,1.2716945304870604,1.5514329966306686,0.007569724338958965,2.061814789241347e-06,0.004189056349743041,0.004665348648018836,0.008856466812551119
2027,1.4468614467660585,1.3116518058776856,1.607653267920017,0.00906098547710788,4.412301943043788e-06,0.004141092664517086,0.0073767808554643394,0.01152228582192447
2028,1.463359391385979,1.314066784620285,1.674247201323509,0.011453185472917375,9.166755424167312e-06,0.004399904614782396,0.00920758712441144,0.013616658494618003
2029,1.4634025865607792,1.2870314397811888,1.6490984126329422,0.01092053575295883,1.689500949785929e-05,0.004388949047711616,0.007577740751001414,0.011983584808210889
2030,1.486486657283041,1.3491563984155654,1.6981241264343259,0.011264281155957874,3.0275427680006085e-05,0.005264017929464505,0.008656055867364662,0.013950349224509172
2031,1.510455493987931,1.3405040355920792,1.6720342692136763,0.01035599654371663,5.2553429005988946e-05,0.0045102916683112644,0.009419914831157412,0.013982759928474666
2032,1.5358416527721617,1.3302007969617844,1.7300212862491606,0.016778327060840634,8.38701977160311e-05,0.008827660300106637,0.010424643756450596,0.019336174254273263
2033,1.5738635328226616,1.3609321805238723,1.801940264046192,0.018293504580172787,0.00012875889667133552,0.010262060719915915,0.00749490936301479,0.017885728979602042
2034,1.5999875668168067,1.3284363796710967,1.8071250005960462,0.02199133500977125,0.00019134973970578382,0.011382685297640662,0.008300321537667948,0.019874356575014393
2035,1.6444105862458545,1.4414144768714905,1.8682240703105928,0.020537125502152295,0.0002763494735739962,0.01199383286911371,0.009631590761993996,0.0219017731046817
2036,1.6638479394859735,1.4292308309078217,1.8911784409880636,0.020143751591106457,0.0003922219974233679,0.011737147437121113,0.007711451561715271,0.01984082099625975
2037,1.7053574854811029,1.4203095176219942,1.9542918067574497,0.026524467503404123,0.000544922760505831,0.017580173487564802,0.010819930960007272,0.028945027208077907
2038,1.7399835408674342,1.456602617740631,2.0073617323637,0.027691554443980252,0.000743447484939792,0.016734244496121577,0.011480664419191839,0.028958356400253207
2039,1.7840155397401916,1.5152963712215424,2.040575643420219,0.02622935278606121,0.0009964428751767767,0.015149667655887713,0.010994359521537668,0.02714047005260216
2040,1.8124340005397797,1.5667254113554956,2.119693029761314,0.029971536007251703,0.0013185694409205012,0.019173378516779832,0.01033211125877124,0.03082405921647157
2041,1.83379433599578,1.5199057885408402,2.163874202609062,0.03717547409266133,0.0017191480463252917,0.025031192655063456,0.009395271746623048,0.036145612448011795
2042,1.8576308794498444,1.5319793906211854,2.1651297082901,0.03856891934525696,0.0022134712146399844,0.02871185329556266,0.00837337864638974,0.03929870315659238
2043,1.8771986768921216,1.5530557307004929,2.201510899305344,0.03982913631843912,0.0028204044311365972,0.029728444586107704,0.009691342544699867,0.04224019156194417
2044,1.909119634715716,1.599725571513176,2.226355818748473,0.037696095014253535,0.0035565620945284242,0.027206727681736164,0.008481343624597728,0.03924463340086232
2045,1.914785068851047,1.595546612381935,2.2824699654579166,0.045778845054550404,0.004441012676356395,0.03478771474691926,0.00789197261289771,0.047120700036173364
2046,1.9451273507422873,1.614857794880867,2.3529362078905103,0.05402367146047812,0.005472887290101309,0.04122994495842984,0.008711195452959465,0.05541402770149061
2047,1.9919659305757946,1.6587207951545715,2.3672666230201713,0.047327587222728666,0.006670252335683238,0.03542674887722411,0.004702423685603073,0.04679942489851042
2048,2.051944702176253,1.7041656043529512,2.44613473200798,0.053017916519112904,0.008064397949814981,0.03824295465498967,0.007475949853454832,0.05378330245825948
2049,2.0653007886290546,1.6995639678239822,2.4775285338759416,0.061602542944666494,0.009676538041620497,0.04459140801361901,0.009381048664545226,0.06364899471978473
2050,2.0735985182007153,1.674861519575119,2.5394919600486756,0.07540102343629004,0.01149776186980743,0.05602937981051915,0.007590963770442008,0.0751181054507686
2051,2.1230001847558553,1.6766996237039566,2.596704159915446,0.08473464939268521,0.013537785329192501,0.06181754061389268,0.007567811568229883,0.08292313751131507
2052,2.132359793730577,1.6933453854322433,2.6465415271520616,0.08895838865433005,0.015789076466955744,0.06553068327409074,0.009120711351880353,0.09044047109292684
2053,2.164246643776364,1.6999644463658334,2.6906590204834915,0.09985185410667219,0.018263915170567708,0.07407170674485342,0.00888429374983593,0.10121991566525705
2054,2.197108009227117,1.7150103273391724,2.7410221900939935,0.10146197646553116,0.02095313309848771,0.07455251335965947,0.007577768307053048,0.10308341476520023
2055,2.2063300190117627,1.733767895936966,2.754872971117497,0.10137102846672749,0.023861527374748562,0.07203753399243798,0.007092787347833375,0.10299184871501992
2056,2.233359943629636,1.7342628552913666,2.8157976394295674,0.1124235520942482,0.02699409814129543,0.0775438565944355,0.008655192346978438,0.11319314708270936
2057,2.26349311585029,1.7607181789875033,2.852644683361051,0.11215161655976859,0.03034879285522141,0.07260707005271792,0.010770685742832598,0.11372654865077193
2058,2.2907040659334923,1.7548342677354813,2.902338019847869,0.12426454118888415,0.03392970498181105,0.0820314495988132,0.013265942224653072,0.12922709680527733
2059,2.300157719911469,1.7207990744113923,2.9316469326019274,0.14057910919331815,0.037744493425070164,0.0913226435352772,0.013867486187055524,0.1429346231474029
2060,2.342768913197517,1.7477971678376198,3.009337237417698,0.1535562301980573,0.04178802405669929,0.10458342506480217,0.008462934884487742,0.1548343840059892
2061,2.3684020234757,1.7454511680603029,3.0634964456558222,0.16566884999420917,0.046018432381842604,0.11307525012146913,0.008142614766039707,0.16723629726935144
2062,2.3907486864474086,1.7811283781528473,3.102712017536163,0.16592310493764784,0.05048777011991909,0.10966031594204903,0.0083003368611333,0.16844842292310142
2063,2.398277863887946,1.72115396463871,3.1392389717102054,0.19149650975477114,0.055199531955395696,0.12519562429782996,0.014203524556338854,0.19459868080956452
2064,2.432928563039833,1.777784806728363,3.1875027515888164,0.18700083770160664,0.06014126046867144,0.11908074606457106,0.011660066318316554,0.19088207285155906
2065,2.441016598212719,1.765501966714859,3.190147680580615,0.19284415759197954,0.06528495328563652,0.11687202260489737,0.01576405642250763,0.19792103231304153
2066,2.463355826776558,1.7858765443563462,3.2726701822280884,0.21250293573416723,0.07066293906729344,0.1362369875187932,0.009185511940009697,0.21608543852609632
2067,2.4971855419225166,1.7914308633804321,3.3264609097838393,0.22745079889090802,0.07623408539232031,0.14569732285781817,0.010260461608761377,0.23219186985889984
2068,2.516191339812014,1.801823420763016,3.3475181134939187,0.22901016912011254,0.08197733281283077,0.1416857137671492,0.010448405727839142,0.23411145230781913
2069,2.541018973285622,1.7987820514440536,3.400870504319667,0.24410971865929265,0.08795872876670835,0.14731591785390152,0.015891044579722857,0.2511656912003327
2070,2.5704535293194986,1.7912790396213532,3.456308208048343,0.2601767117878936,0.09420365403455175,0.15682882736777415,0.01567336876309655,0.2667058501654225
2071,2.583198626956675,1.829733494758606,3.4751642080545424,0.25857534316410047,0.10061372516917487,0.15263225662483584,0.00808350227334936,0.26132948406736006
2072,2.592201672853364,1.7837664099931716,3.5293632906079284,0.2874639654995404,0.10728655534726422,0.17204858275924736,0.013194970403605035,0.29253010851011657
2073,2.6084938806176186,1.8134123268127442,3.578547158181664,0.29310371154095893,0.11413714216624747,0.1721840945016553,0.009947042492745058,0.29626827916064785
2074,2.6439355099148223,1.82208584690094,3.639313185751436,0.31202481580796704,0.12120565222275836,0.1844222119335811,0.011100174371994134,0.3167280385283336
2075,2.6565749655975237,1.7908344068527222,3.6727499117851243,0.3321488626430745,0.12848941235240194,0.19705309186943137,0.012368206053530291,0.33791071027536357
2076,2.6811170827229818,1.7859024568796158,3.7210010599493977,0.34900850595675403,0.1359297150521052,0.20802464084685546,0.009926352823782111,0.35388070872274274
2077,2.7086330558141074,1.8244394692182542,3.743174684286117,0.34326045348585815,0.1435227076599657,0.19540968846944992,0.007918783998711173,0.34685118012812677
2078,2.7082792504111928,1.7940952315330505,3.7857139291763295,0.3706152985542506,0.15131867406437338,0.21082375470940648,0.00964669797481084,0.3717891267485907
2079,2.736599833052688,1.8107339056730272,3.8630270087122898,0.38783591918786214,0.1592920714253095,0.22266552428818792,0.007771886019088328,0.38972948173258576
2080,2.7695128679421215,1.815398977637291,3.91574377888441,0.4105999654219166,0.16738505332292788,0.23996510814076924,0.004491511107451151,0.4118416725711483
2081,2.76481546220647,1.8068145533800126,3.9136274614334097,0.4149573621223623,0.1756189322262292,0.23462936748124186,0.005568722752670422,0.41581702246014146
2082,2.798698888382647,1.8077224835157395,3.9854537191390977,0.44308170842317257,0.18396670792077024,0.25210946712912874,0.009339420673932276,0.44541559572383127
2083,2.8309135770678524,1.832568893969059,4.030036542356009,0.4474737695529898,0.1924009631706653,0.24687607325799893,0.01063281498549997,0.4499098514141642
2084,2.849321043221156,1.8504032399654389,4.062424212038512,0.4565698889567901,0.20093259721588197,0.24615891086493277,0.009432765307416689,0.4565242733882315
2085,2.85561220520205,1.830335499882698,4.07781645053625,0.47586716989509525,0.2096962788254041,0.25585833716717404,0.009594411413351328,0.47514902740592946
2086,2.880462019213041,1.8458860003352167,4.113661723375317,0.4834905013261085,0.21859199759954462,0.2538771122824801,0.010988629236278335,0.4834577391183031
2087,2.890123080390692,1.8280940806269645,4.155101309061051,0.5067897232210842,0.2274143581760957,0.26974218632168034,0.011495406656972032,0.508651951154748
2088,2.897923734659619,1.8142845221757888,4.166397924065588,0.5162818541458493,0.2363140555048654,0.2703829940358044,0.009463921384215057,0.5161609709248848
2089,2.9087878340297277,1.8222833391427995,4.188963279664516,0.5253913800809273,0.24562948080117608,0.26855643407052576,0.01154580700645505,0.5257317218781569
2090,2.9175543192373383,1.8182975503206253,4.217671192526818,0.5374135582114844,0.25537674128795673,0.27152637869177637,0.011365743459405204,0.5382688634391384
2091,2.9452652800493766,1.8194161769151689,4.279978632271288,0.5625531459713499,0.2651545389568829,0.29119604325696397,0.00825179309383729,0.5646023753076841
2092,2.9623526189208027,1.852078716993332,4.308970303475852,0.5615014718510212,0.2749298001025477,0.2777629035779197,0.009133795333533574,0.561826499014001
2093,3.0091507031732134,1.8763186093568804,4.377293221592896,0.5803001823314432,0.2846480829191187,0.2883276778250759,0.007617648901352057,0.5805934096455466
2094,2.9981548366394306,1.8162157493233682,4.401561429738997,0.6195645701014663,0.2942561484193717,0.3157355178977013,0.009536770254923718,0.6195284365719967
2095,3.020808087065485,1.8458573957681657,4.437785153031344,0.6259869666786334,0.3039764326494311,0.3143346770746413,0.008542693670731518,0.6268538033948039
2096,3.026599772097005,1.8101834204196932,4.48980296307802,0.6715888196266206,0.31399798793772055,0.353285159994987,0.005765988256758478,0.6730491361894659
2097,3.0717533727169037,1.850092136502266,4.546375248372551,0.6713012456610293,0.3244167440437104,0.3382646271742331,0.010473952406658101,0.6731553236246016
2098,3.0654956094172268,1.8135786708593369,4.562589473068714,0.7032725021012488,0.3350608457084633,0.36104250666979915,0.007595430824836429,0.7036987832030989
2099,3.0905483515209617,1.8211066749095919,4.627350340127943,0.7308746270716451,0.3459688837747346,0.3788053053568761,0.007159563822146667,0.7319337529537574
2100,3.108552106424835,1.846423662543297,4.658820337295531,0.7329730963116559,0.3567963206945365,0.36872432615274336,0.00864087775553218,0.734161524602812
2101,3.104581633221441,1.7976643886566162,4.687766749501223,0.772528203313445,0.36780943596802984,0.39609897072153627,0.00987657391779854,0.7737849806073646
2102,3.1249557066341245,1.8300049158334732,4.7218454709053015,0.7727454962019974,0.37891833333761,0.3857663178177382,0.007864313938455783,0.772548965093804
2103,3.1536107897705503,1.8351237901449207,4.769402654111386,0.7923843605458244,0.3901470021932745,0.3927636422565477,0.008739396495106175,0.7916500409449283
2104,3.167647040275733,1.8255623509883885,4.835846876442429,0.8309267960768678,0.4015072391890979,0.41685663145857577,0.009964936922033995,0.8283288075697077
2105,3.1816194425602755,1.8231018968820574,4.874918728411195,0.8542680501473595,0.4130014589058568,0.4296386988204,0.01260711663263558,0.8552472743588924
2106,3.2025827240228657,1.8558863713741305,4.897121734559522,0.8487725929487282,0.4246314839854772,0.4140595339376123,0.00949237604463304,0.8481833939677226
2107,3.1867049433933365,1.8097417273521426,4.909071938037872,0.8842441799551773,0.43638935020802316,0.4385014912302486,0.010325692517305038,0.8852165339555769
2108,3.2143473180479476,1.8416578092575073,4.917367257416246,0.870726404554896,0.4482691669823325,0.4136225296459285,0.00971126300215375,0.8716029596304148
2109,3.2086230168256495,1.8211709054708483,4.9505558984875675,0.9036780676530721,0.4602679433469662,0.4363251414828884,0.0104905561090269,0.9070836409388816
2110,3.2067131590624647,1.7983417918682099,4.974571854710578,0.9255310858838515,0.4723789558851565,0.4475769784760817,0.007812351478957911,0.9277682858401961
2111,3.2315035228941174,1.7830814876556396,5.04449359023571,0.9760621833983414,0.48460240860975573,0.4808935523936442,0.013885368697119206,0.9793813297005192
2112,3.2568424242085876,1.820175353527069,5.069686618983744,0.9714677670884748,0.4969450999015055,0.46805853702479455,0.009072857068351552,0.9740764939946516
2113,3.276281461836232,1.818508579671383,5.097112924098966,0.9924300540091494,0.5094023901549369,0.4761386821681717,0.00929627239050398,0.9948373447136126
2114,3.2952172983202668,1.8140310337543488,5.1676210656166015,1.0345521172886387,0.5219777244274545,0.5072483211266836,0.007330981393604287,1.0365570269477424
2115,3.3021328893217774,1.805450617313385,5.177415040969849,1.043818497239475,0.534669653734075,0.5020466265582795,0.008878332596753347,1.0455946128891078
2116,3.2880255142364234,1.7701730909347535,5.193065988659858,1.0773358985067087,0.5474717175040452,0.5226060032042004,0.008235452121587812,1.0783131728298332
2117,3.3062531176884966,1.790994317173958,5.213086214900014,1.07408412541095,0.5603871451472393,0.5075856827063575,0.008376207651145133,1.076349035504742
2118,3.330237331193023,1.8043569918870925,5.247168183863161,1.0904711999851004,0.5734155998235235,0.5094238122473883,0.009625587092954375,1.0924649991638664
2119,3.32803777855436,1.7809558948278428,5.2653677504658685,1.1224994473496468,0.5865586071721052,0.5274677401584685,0.008871913574903073,1.1228982609054767
2120,3.3310243364651995,1.7701583834886552,5.321185539603234,1.1619936338210768,0.5998143573269455,0.5559044146000331,0.008284269213880941,1.1640030411408595
2121,3.316046461914645,1.7397423454523089,5.33648647212982,1.1839102917063873,0.6131773655562794,0.5630349672711314,0.011053792303893485,1.1872661251313046
2122,3.3378339571634923,1.7432329150438308,5.357954680263993,1.1976041128050052,0.6266442177273813,0.5598116239518195,0.01568379098922626,1.202139632668427
2123,3.3719464139421778,1.7541836293935775,5.412349474966523,1.2342199333728943,0.6402119632212073,0.5843860081504332,0.01077389319226814,1.2353718645639087
2124,3.3796069787455925,1.7691350808143615,5.435516797542566,1.23865618826394,0.6538861253393717,0.5741746619988664,0.009460371965414511,1.2375211593036526
2125,3.407032023252381,1.7858164503574374,5.485855598390101,1.2656028981461833,0.6676521589175058,0.5905801908037415,0.009245442751764608,1.2674777924730118
2126,3.4106961203727453,1.7734187706708908,5.51382859462499,1.2891505056138628,0.6815165552639578,0.6005057973153018,0.007761811223166304,1.2897841638024259
2127,3.4316626122540894,1.7788330971598627,5.522233155310151,1.2964619407567495,0.6954820263353337,0.5937081840389618,0.009584180950025434,1.2987743913243208
2128,3.407002703227599,1.716634508907795,5.571589394450182,1.3662714167751244,0.7095405048416944,0.6463375898948958,0.0157672046729989,1.3716452994095891
2129,3.4025441326909593,1.7264561780691148,5.555412136554716,1.353971354049666,0.7236931910267682,0.6257145054289949,0.007046802594657778,1.3564544990504208
2130,3.4181432725634835,1.7143402543067934,5.579247278213496,1.3741580976541878,0.737933477490675,0.6313291245647447,0.0074591049836252275,1.376721707039045
2131,3.4220761018657018,1.7229799970388415,5.596292964458464,1.387884367968512,0.7522626333155387,0.6287008334906146,0.0075535061695952465,1.3885169729757485
2132,3.442410795314113,1.7294737609624864,5.640139418780803,1.4106996968469003,0.7666746664633259,0.638319769962149,0.009430676110205281,1.4144251125356802
2133,3.4729334691676828,1.7585132780075075,5.655153985559929,1.398692422175278,0.7811611263124084,0.611984691851354,0.009080010975828489,1.4022258291395908
2134,3.475202467759119,1.756346493601799,5.6762496601939185,1.4218952828794649,0.7957151328317366,0.6210640382246219,0.008641727404400527,1.425420898460759
2135,3.494909131842852,1.7511290069818497,5.726772760987276,1.4652189406951608,0.8103343117356937,0.6495714454284416,0.009204231335602341,1.4691099884997378
2136,3.493206880958213,1.743290452003479,5.745005675792693,1.478366247146927,0.8250182239602856,0.6471675946379477,0.010785135188471955,1.4829709537867053
2137,3.50242486481501,1.740587025523186,5.780284766495218,1.5102841619758436,0.8397675905204488,0.6633813590910281,0.010051356491580348,1.5132003061030572
2138,3.490356649799148,1.704080470442772,5.783690330624578,1.5403367649719293,0.8545847440183698,0.677047032189206,0.013811598684338833,1.5454433748919147
2139,3.5202630265550483,1.7040251257419587,5.8267279159426675,1.5735957269097542,0.8694676583064713,0.6985754803854153,0.008174431419357565,1.5762175701112442
2140,3.51696784909202,1.6879830255508426,5.841721402943131,1.5917921432845854,0.8844171784621362,0.700146392776507,0.008575451271611561,1.5931390225102549
2141,3.52730445637438,1.6717274411916734,5.892490019440646,1.6403978263689436,0.8994349239566612,0.7336283354998667,0.009824812109590594,1.6428880715661185
2142,3.5357615294585627,1.7004477944374092,5.897954682350158,1.6318151913163197,0.9145221905007733,0.708029670452772,0.011721857771557083,1.6342737187251024
2143,3.5495108297447366,1.6880821141004565,5.9320501142144115,1.680292912704683,0.929671610892136,0.7387428318034498,0.011198863440253547,1.6796133061358394
2144,3.571847036839856,1.7248644866943361,5.94472070211172,1.6560033941220167,0.9448845951402872,0.7016316839937536,0.009649373808051006,1.6561656529420918
2145,3.5571565706875585,1.6498191996812823,5.981656899094572,1.7347447464745438,0.9601645268689541,0.7658410407306926,0.012158566964184648,1.7381641345638312
2146,3.537988676079114,1.627751356601715,5.98442711794376,1.7657327860055971,0.9755082572958216,0.7803522249816202,0.010067182130786986,1.7659276644082287
2147,3.564332460321983,1.654190796852112,6.020213306188572,1.7642592181540009,0.9909101833804744,0.757340127693586,0.013685895439406223,1.7619362065134665
2148,3.597985656689935,1.665227234005928,6.073501259624954,1.799669491180835,1.006373271561284,0.7846542283348807,0.007541961788800989,1.798569461684966
2149,3.5968439365423386,1.6421574520468716,6.087547571897503,1.833143041657625,1.02189040461559,0.800774291025522,0.007775061597480909,1.830439757238593
2150,3.588892886431349,1.6443179943561554,6.094806822478764,1.835366818240682,1.037465241932894,0.7855165687781616,0.00954602703904822,1.8325278377501037
2151,3.624273839573562,1.6820891686677935,6.144891079902648,1.8466651319739527,1.0530958133361192,0.7798949269768323,0.010128449908386543,1.843119190221338
2152,3.620514949506852,1.6629348918199542,6.177463650941847,1.8863542794003214,1.0687772878656203,0.8042509295948531,0.00951170579423089,1.8825399232547042
2153,3.615482435572147,1.6610820820331573,6.199508980751036,1.9047164816829587,1.0845027358194181,0.8129585778494782,0.006164881716464726,1.9036261953853613
2154,3.6369771429280435,1.6522734560966492,6.225612648069857,1.9307043251360765,1.1002599429402442,0.821912360619165,0.008076542143720288,1.9302488457031295
2155,3.6580689263456394,1.6623592909574512,6.270117184162138,1.962121010717049,1.116047728925627,0.8342389950964619,0.011850873067115294,1.962137597089204
2156,3.662984107502301,1.6545623537302019,6.293666384160514,1.9925612922126343,1.1318616624723274,0.8529741113159858,0.006779211034093688,1.991614984822407
2157,3.6726473593795466,1.6374839129447938,6.331389965951441,2.04631989547428,1.1477012880950768,0.8895509099920605,0.006484365025398039,2.0437365631125353
2158,3.6883351925608183,1.6490767982006074,6.356330823540687,2.060177848544269,1.1635732028871555,0.8892914650995849,0.007459974091965353,2.0603246420787054
2159,3.6797130796061617,1.6358614542484287,6.367992834091182,2.081107857655976,1.1794698688177545,0.892495480656759,0.009233482537622614,2.081198832012136
2160,3.68548338793185,1.630350596547127,6.397859346806996,2.106400621500493,1.1953820361157474,0.9034096177503831,0.007927764728746844,2.1067194185948774
2161,3.703795946888294,1.6336620100736619,6.43570211225748,2.136831045331327,1.2113157551091864,0.9154443202829381,0.00971256489967818,2.1364726402918026
2162,3.694058857526299,1.6157585879564287,6.426411609590053,2.1513945292233982,1.2272626621042675,0.9115468286405792,0.0109456973847845,2.1497551881296313
2163,3.697910931847658,1.613799563884735,6.459148846209049,2.170775317848101,1.2432264865611082,0.9169153360296863,0.010279487519579975,2.1704213101103744
2164,3.71281734035876,1.6045869951844214,6.4889176582694015,2.208898889535513,1.2592004532884002,0.9414057937574145,0.009554384628223193,2.2101606316740376
2165,3.7184292864845854,1.5926153650283814,6.514021817088124,2.2467211391811786,1.2751832920082666,0.9639355286967458,0.010846659768072484,2.249965480473085
2166,3.750604193681313,1.626378170490265,6.553333253502842,2.253924361597399,1.2911697389252106,0.9544227483096951,0.008912996024723202,2.2545054832596287
2167,3.768803361939556,1.6439530303478243,6.572498696982846,2.2628423783129343,1.307157584927225,0.9492646604077346,0.007048907652068622,2.2634711529870284
2168,3.764639644908905,1.6299229117631915,6.592728749155992,2.2756138689403245,1.3231427939001947,0.946133313862318,0.006827150612451466,2.276103258374964
2169,3.7588469671396743,1.600670261323452,6.608808408617972,2.3234315883296794,1.3391218620502763,0.9777390430608943,0.00750316091279503,2.3243640660239655
2170,3.7656723742730085,1.6017680987119676,6.618860152006149,2.329330599122731,1.3550840087812392,0.964699826620267,0.009597793533079015,2.3293816289345854
2171,3.75154300325041,1.552958705663681,6.629319611132145,2.392152534303001,1.3710277619876035,1.0161004106660072,0.0061939034679498505,2.3933220761215606
2172,3.7378523819775937,1.5190035929679873,6.665274486780163,2.451492062118395,1.3869671390496665,1.0588726689201762,0.005880668405023023,2.4517204763748657
2173,3.782008722128636,1.5973088144659997,6.6887311696410165,2.398417665975491,1.4029113206700503,0.990571367776333,0.006831401263076401,2.4003140897094597
2174,3.793094152871964,1.5856266596317294,6.7414396327137895,2.4583165733968504,1.4188602380997912,1.0323847142503215,0.006635204644133305,2.457880156994246
2175,3.788722877481828,1.5779312314987184,6.743782664775848,2.4724127921557995,1.4348165261994807,1.0281025244305146,0.010303018665393524,2.4732220692953892
2176,3.796201093257591,1.5584144496321684,6.778916589856147,2.527088769939496,1.4507676736326547,1.0685802459797826,0.008496877293510431,2.527844796905948
2177,3.8005774415947493,1.5584235512614253,6.784497751832004,2.538480983256234,1.4667074619764457,1.0643137997997854,0.0071523298470937595,2.5381735916233246
2178,3.822647275175309,1.5771008207798005,6.807287592232217,2.546850856727957,1.482628117865213,1.0546065255842743,0.011281464040665733,2.548516107490153
2179,3.812112065063225,1.562643709421158,6.830669664978981,2.5789629501785405,1.4985194428154731,1.0735883630072518,0.00807803935375107,2.580185845176476
2180,3.8181342201167507,1.5446204360723494,6.855902715563766,2.6255951696702358,1.5143764254459149,1.1032447834264294,0.006215927301296756,2.623837136173641
2181,3.8364299801775146,1.5573845627307894,6.906258837521059,2.654560908903406,1.5302015489930312,1.1169607784286957,0.007367863720766585,2.6545301911424932
2182,3.840724402433137,1.5501757200956343,6.92380538189411,2.6862377260616412,1.545997493399376,1.1331333801749395,0.0069431553271112525,2.686074028901427
2183,3.8370568003870025,1.5491940006017686,6.925846514642237,2.678805689071826,1.5617743200014338,1.1098990465345642,0.009713500727826726,2.681386867263825
2184,3.8560590486527313,1.5581055977344513,6.940730785071849,2.689416629026506,1.5775310943952041,1.1050543546476206,0.0081723650971524,2.6907578141399773
2185,3.8576713479745197,1.5421683421134948,6.969964225530623,2.735850099038739,1.5932612236003212,1.1363472112761401,0.007894816558777574,2.737503251435239
2186,3.863983706999239,1.5462569918632507,6.9782665401100985,2.7424379311247824,1.6089716889209809,1.1299378154830089,0.0050558126229894975,2.743965317026979
2187,3.8598987223587513,1.5145668255686762,7.0131426104307115,2.8011075061344095,1.6246673411829748,1.1702577337435585,0.0053310472966452286,2.8002561222231788
2188,3.875037855350805,1.5441250475645065,7.0364845966696645,2.8041566523831474,1.6403550771854685,1.1577838715343973,0.006783096054636747,2.8049220447745027
2189,3.866569683930195,1.5085910567045213,7.043097020030018,2.8440178162641425,1.656041642639848,1.1818061883637807,0.006165525957393492,2.844013356961022
2190,3.8941058678956906,1.5162331786155703,7.0959628518819695,2.889092852793716,1.6717228667542654,1.2142258426630153,0.004984782119447801,2.890933491536728
2191,3.8896341229853943,1.501002468109131,7.113079266488552,2.927942772628498,1.6874135834613169,1.2353093728387123,0.006784968347594962,2.9295079246476243
2192,3.8838512773735547,1.4719501736164096,7.141461288869359,2.9840590675750422,1.7030955491907287,1.2742508161508301,0.008802819143544747,2.9861491844851034
2193,3.869602112358881,1.4401145007610323,7.1530707063674805,3.0391952338462365,1.7187589919573503,1.312891449192387,0.008230834842093419,3.0398812759918306
2194,3.8869982823699294,1.4621515979766846,7.167486758470532,3.0151520714939277,1.7344018685022078,1.2747113073780185,0.007268607739270159,3.0163817836194964
2195,3.895907602436095,1.4451669117212296,7.203129553139205,3.0717762219639355,1.7500274374918852,1.3156583535798496,0.007212683473288285,3.0728984745450227
2196,3.9007841517502855,1.4517550554275513,7.226439496517181,3.0858145367527356,1.7656364024607714,1.3118424887870657,0.0079662222272768,3.0854451134751137
2197,3.9182866437640866,1.4303003581762315,7.2725381743311805,3.1607416828179136,1.7812283620647786,1.3700423051889228,0.010507983532788081,3.1617786507864896
2198,3.9368975264405,1.457270182609558,7.273179324507713,3.134470817412662,1.7968091004204343,1.3301772017882576,0.007114040462241036,3.134100342670933
2199,3.9702277535112405,1.5023051687479019,7.300889223158347,3.120762509125882,1.8123960569086777,1.2984962102020625,0.00982932656556457,3.120721593676305
2200,3.971235655382714,1.523335251748562,7.319340541005129,3.117980784852073,1.8279822914197,1.2809833163841666,0.008131446157353537,3.1170970539612197
2201,3.966690608538097,1.501767757177353,7.3472924106717095,3.1737138273307206,1.8435653712264588,1.3229336858725462,0.007671574228226929,3.174170631327232
2202,3.950541133126546,1.4683719756603244,7.3468259393572755,3.197774345868083,1.85914545845578,1.3306050874483315,0.010237406280330878,3.199987952184442
2203,3.9732208756103695,1.494574431419373,7.364938774347299,3.2011995928495245,1.8747332511346406,1.3175207815118528,0.00985713227209653,3.2021111649185903
2204,3.979807778038167,1.4923455860614778,7.395538977921008,3.23755339601648,1.890313638122123,1.3402414522984702,0.00948798972506204,3.2400430801456555
2205,3.9946429568439927,1.503106470346451,7.426571766078469,3.269807228499231,1.9058942471112363,1.3547154054872064,0.01039092101718889,3.2710005736156313
2206,3.990406230082404,1.4796736803054815,7.448338523149482,3.318639131615701,1.9214728669534094,1.3881908275337858,0.01076202721039142,3.3204257216975868
2207,3.988706664748262,1.467509473502636,7.477242782950401,3.356692300032796,1.9370545498674914,1.4094022997312161,0.01263761182757948,3.359094461426287
2208,3.9968852935625168,1.4379622062444688,7.499111260414122,3.409215951699481,1.9526461137286644,1.4482833954882255,0.010509568276814145,3.4114390774937036
2209,3.982522641809429,1.4335159262418748,7.487186717033382,3.4089415656278628,1.9682421424915248,1.4328450908355939,0.009760825680411658,3.4108480590075305
2210,3.992653032759429,1.4224632566571236,7.516671800851818,3.4594947268818514,1.9838528312747064,1.468758222920418,0.007762550188670471,3.4603736043837947
2211,4.01248189604464,1.4513047477006913,7.556765456736081,3.471676489756883,1.9994714038145573,1.463981889049704,0.00810492431497116,3.4715582171792323
2212,4.051889377365695,1.4821468969583516,7.597975864052772,3.4823640559674844,2.015093010120003,1.4577252986710152,0.008808425097326754,3.4816267338883446
2213,4.048113237482216,1.4823043086528778,7.588590041935444,3.4685397370871613,2.030712717275701,1.4261786932476317,0.010501921552105544,3.4673933320754378
2214,4.026168365923072,1.4159346338510514,7.605672956645485,3.5686665350652724,2.0463367526900695,1.51310055680904,0.008364164542549886,3.56780147404166
2215,4.054491804306116,1.4294989838600158,7.634283859372136,3.586021271265894,2.061955456644551,1.51790029265399,0.0067839678484755426,3.5866397171470163
2216,4.044930143544947,1.4238756408691406,7.6519263874888335,3.5948905164909157,2.0775695646886994,1.5084164995570248,0.010778741584516964,3.5967648058302415
2217,4.050142134946685,1.4186371126174928,7.659712746977804,3.6369425294262308,2.0931868809164156,1.5309313492382532,0.014739977171071804,3.6388582073257405
2218,4.034174196977045,1.4045865997076037,7.661548652291296,3.6614097273904416,2.108811771326212,1.5441424540950937,0.01005854159175162,3.6630127670130577
2219,4.044543181521694,1.4147716044783594,7.685839892268174,3.6840272576395967,2.1244512874759547,1.5530836861493407,0.008502123460280508,3.6860370970855763
2220,4.039620314515628,1.3749793406724928,7.717483881354325,3.7392686039789105,2.1400980640537006,1.5940977326661083,0.0069613444892958135,3.7411571412091047
2221,4.045582858954937,1.3867342340350157,7.717936265707014,3.7356331593014667,2.1557581384391944,1.572204435848125,0.007738245135119517,3.7357008194224393
2222,4.082271553237902,1.4223254221081736,7.74959276252985,3.7302258482146944,2.171422395277087,1.549597666044133,0.012178625396013379,3.733198686717233
2223,4.084649388476655,1.3909820481538777,7.785421556174744,3.8091399411938838,2.18709160193117,1.61640545179768,0.007696905646254073,3.811193959375104
2224,4.075205875112274,1.3482957469820978,7.811328116297722,3.8967778473034893,2.2027632955865717,1.6867639324324313,0.010939578432038074,3.900466806451041
2225,4.104131787286068,1.3814039441347123,7.872855349719524,3.91392841816365,2.218439504200032,1.6878392623920007,0.011707043106293296,3.917985809698326
2226,4.09529722592543,1.389741512477398,7.843773791134354,3.891773939852122,2.2341222584926155,1.64668769902961,0.01180713436953493,3.89261709189176
2227,4.093571383515404,1.3809686987996102,7.871102979719633,3.9405142832450393,2.2498052214769353,1.6813261776916935,0.009016763685012688,3.940148162853641
2228,4.1090127213083765,1.390834101676941,7.861855611741541,3.9157484384277863,2.265497849225537,1.6431759490318445,0.007665866768781968,3.9163396650261633
2229,4.1124514894342985,1.3687320294380187,7.8888692494630765,3.9792605020058334,2.2811927448874716,1.688648794930672,0.011890074545711758,3.9817316143638553
2230,4.108516376125942,1.353661399424077,7.923248774349673,4.025745755418591,2.2969013985419156,1.7194355766064624,0.01244703234100232,4.028784007489381
2231,4.102669716420608,1.35250233912468,7.914741352736941,4.0356023532893115,2.3126191803375153,1.7154766003060642,0.007442865784935225,4.035538646428515
2232,4.1147405916001025,1.3603210627436642,7.928089265465725,4.036469062560148,2.328342233168374,1.700766017478499,0.007395637112852766,4.036503887759726
2233,4.122424514858601,1.3520790078639984,7.957989334404458,4.084990532357731,2.3440719748524708,1.7328083202561073,0.009526614454798292,4.086406909563377
2234,4.160851312947853,1.4009161090254785,8.00377933704853,4.063758777667167,2.359808879875975,1.6968150110114046,0.007309855062579718,4.06393374594996
2235,4.167226801753644,1.4057922174930573,8.0197855582237,4.085398656272755,2.375555842900786,1.7014321092782618,0.00910771613951671,4.086095668318564
2236,4.157499602401401,1.358414665102959,8.03657438778877,4.169279851947508,2.39129949812278,1.7697325657035983,0.009320824785165105,4.170352888611544
2237,4.190901693094243,1.3928334605097772,8.07028304839133,4.1696971855711835,2.407046179923695,1.7538229773315062,0.008598458787783472,4.169467616042985
2238,4.192553305022864,1.3771875383853913,8.12840764635799,4.25067468462225,2.4227958825522813,1.8181173920854656,0.010377742446832913,4.25129101708458
2239,4.182950121171688,1.3727776386737829,8.098543941020965,4.247277424406733,2.438551519153043,1.8005328395398608,0.01008199963259422,4.249166358325498
2240,4.176021349616691,1.343001470208168,8.118386824071406,4.286925964376614,2.454315861809155,1.8250616718311505,0.008980414196124262,4.288357947836429
2241,4.1753816069150655,1.3399689813852311,8.142388077020644,4.329421271243916,2.470092305060003,1.8502781528459922,0.009415254242388881,4.329785712148384
2242,4.20658391813992,1.377248404860497,8.1443763872385,4.2695952203718655,2.4858841167076147,1.7777884001635222,0.006068957485070484,4.269741474356207
2243,4.211067337848795,1.3747628685235977,8.161230265736572,4.291600301116507,2.50168884576632,1.7843147973942326,0.0064731810496233165,4.292476824210175
2244,4.208617784534095,1.3775042703151703,8.166265905737875,4.314555950795269,2.517509417767175,1.7906475196469507,0.009470672053230145,4.317627609467356
2245,4.231522458670796,1.3882259883880617,8.21090503597259,4.3453795943429006,2.5333456093441056,1.8049214464204693,0.007484888858799998,4.345751944623375
2246,4.252255688101395,1.4063561903834345,8.214356217622749,4.346352171267207,2.5492001051162188,1.791334670491425,0.0068629867117398265,4.347397762319384
2247,4.2564591649731724,1.3958750637769701,8.231091697156415,4.368524209297342,2.5650680401749804,1.797584185927799,0.006519386431077375,4.369171612533857
2248,4.2634651235786265,1.4006736912727356,8.262630684912201,4.407330040960728,2.580949787513581,1.8195874447764242,0.00833369095543341,4.408870923245439
2249,4.246250439212534,1.3513529133200646,8.26375093126297,4.472421595145426,2.596844494283617,1.8670788134549527,0.011232296244720968,4.475155603983291
2250,4.245138653403105,1.334985442399979,8.300623706817621,4.563270336184641,2.6127580285617564,1.943193437576915,0.008483746306736527,4.5644352124454075
2251,4.258306888415736,1.3455333127975464,8.32493303889036,4.575012692342344,2.628686869269095,1.938099560235342,0.008779159589817068,4.575565589094254
2252,4.2497709921387905,1.3385786768198014,8.286611564993857,4.525362713630799,2.6445703084902688,1.870285296882521,0.012267876821475862,4.527123482194265
2253,4.247194181134236,1.321107809185982,8.316707855105399,4.5975069814308815,2.660438064518342,1.928949209041757,0.009710268256757417,4.599097541816857
2254,4.251022148646084,1.3157748963832858,8.344355504453182,4.636872663252789,2.6763031791705405,1.9540146276707293,0.008191018980754005,4.638508825822024
2255,4.2690082255369886,1.32321339571476,8.387154910802831,4.677167091459315,2.6921857365110253,1.9780000630595413,0.009670882905513514,4.67985668247608
2256,4.25396479161341,1.287377207517624,8.393721896350378,4.7529619196556565,2.708088465221,2.037766919811972,0.006877740589093352,4.752733125622065
2257,4.2844623891923685,1.3327500852346423,8.417622347116469,4.712888828724492,2.724008965113873,1.9768039247370472,0.009385470284251211,4.710198360135172
2258,4.295794933925068,1.3444384234547617,8.448390531182271,4.742871238051174,2.7399523722218895,1.9907113141919877,0.010639887535144207,4.741303573949021
2259,4.288501104203446,1.307057492375374,8.461393813729268,4.815283959362565,2.755910806041395,2.052478115009518,0.00814416578357714,4.8165330868344896
2260,4.282505289647304,1.284481871664524,8.457438273072228,4.837529613134408,2.7718945009759874,2.0567331189980127,0.01081221481369508,4.8394398347876955
2261,4.293656441509044,1.2785661863684654,8.49245783531664,4.8904969572262385,2.787902620159562,2.094645843930768,0.010764811839505898,4.8933132759298354
2262,4.2834530074533985,1.2891128578186037,8.492430828154086,4.890355344712318,2.8039388059612804,2.077769872043686,0.012252296795392465,4.893960974800359
2263,4.294820063157064,1.281637476325035,8.508461775720109,4.920240375472379,2.8200124349921585,2.0878991931240107,0.01516897209413527,4.923080600210304
2264,4.289534564395143,1.2736169495582585,8.496047574222063,4.908379605152049,2.8361254053749914,2.0603426235872115,0.01637682500827544,4.912844853970478
2265,4.307075466404216,1.2828101160526282,8.542612991869436,4.949416204585512,2.852272449576418,2.0908616210982216,0.00837425655386703,4.951508327228507
2266,4.33220664858296,1.3132844992876056,8.572928026556967,4.941461724951314,2.8684628665689753,2.063213280568363,0.010406766310036234,4.942082913447375
2267,4.347532088524525,1.318483623206616,8.604461213886722,4.983499738157298,2.884697672181543,2.092861257456407,0.00863670385850775,4.9861956334964574
2268,4.343490098363861,1.3077087529897693,8.632396898806089,5.042353313086244,2.9009617695692045,2.1329304576028747,0.01025190094309356,5.044144128115173
2269,4.339460950182077,1.3071183046102526,8.639439369380451,5.055917285976097,2.917262615436671,2.127481985254875,0.013780965409375194,5.058525566100921
2270,4.351394858609503,1.2944992538690567,8.656557430267327,5.075517360781016,2.9336032396371103,2.1325314061853367,0.009186863786167026,5.075321509608614
2271,4.345534085337349,1.2931471821069718,8.644416302084903,5.080680962356592,2.9499825218066054,2.1206217621472607,0.010613684189659571,5.081217968143526
2272,4.315015881443324,1.2287800618410112,8.678325153529643,5.182912952089974,2.966410465834201,2.208473955113742,0.008559368257427195,5.183443789205371
2273,4.314591535334934,1.224488319694996,8.687333255052565,5.22137029967611,2.9828945609642323,2.2310955389695857,0.008451922822131535,5.22244202275595
2274,4.320327943445448,1.2280385043621065,8.662471324741833,5.200221814357462,2.999435672454914,2.188908069410451,0.013244450041058215,5.201588191906423
2275,4.310116033883797,1.220265760660172,8.689265567600719,5.260787595148435,3.016029271496904,2.237617557776199,0.007725989758996251,5.2613728190321
2276,4.329066067987981,1.2256476362943651,8.738480886161318,5.29481692756829,3.0326896836390427,2.2561784912654423,0.007745418570218411,5.296613593474703
2277,4.365419749009483,1.2773502870798112,8.740390692591665,5.2557234744137835,3.0494030663678404,2.2001167964749344,0.008443296297048429,5.257963159139822
2278,4.404010718366188,1.2765057101249697,8.7840720757246,5.312649497334967,3.066156442747123,2.2410724043869417,0.008575405809685509,5.31580425294375
2279,4.387881536501206,1.2582778688669207,8.77983018451929,5.326468542795359,3.0829372564921855,2.235231197601154,0.009051780302196631,5.3272202343955355
2280,4.383915864547193,1.2530776669979096,8.802515594601621,5.361609089670178,3.09976212878591,2.2552968257760173,0.007047318446595124,5.362106273008523
2281,4.379507519993471,1.2404018100500107,8.785795645952224,5.363124978217402,3.116623708545284,2.2367986504030695,0.008467201620535197,5.361889560568889
2282,4.3802742937830486,1.2318386703133586,8.813718105792995,5.403359910402076,3.1335358924190007,2.2615301095590596,0.008739385079770118,5.40380538705783
2283,4.387388112193109,1.2415915265083315,8.821504393756376,5.41093873978541,3.150499382909049,2.253957268394187,0.005550788116003966,5.41000743941924
2284,4.388494868442137,1.2364595829844476,8.81162541055679,5.409487180883671,3.167508871576822,2.2334805172071346,0.008509586856976408,5.4094989756409335
2285,4.396648041329921,1.2355269440412522,8.85269612216949,5.460707112166763,3.184567231130062,2.2701207900141953,0.008151561193984322,5.462839582338241
2286,4.381468436862471,1.212196616768837,8.859839322805405,5.503584651388493,3.2016824655614813,2.2950945973846704,0.008283907993983307,5.505060970940135
2287,4.405815901062095,1.2392676406502725,8.887217634856691,5.524541711102345,3.218847790127039,2.2948724459152317,0.009459592302251444,5.523179828344523
2288,4.395079451769544,1.2191238787174226,8.897523276746268,5.5457470622592675,3.2360579143303982,2.301251416694585,0.007931249203477719,5.5452405802284614
2289,4.430501986716517,1.264121006369591,8.917349766731254,5.544687911115404,3.253315208387093,2.2844906267743443,0.008703416619126669,5.546509251780564
2290,4.409162455582823,1.235216980814934,8.910449640989299,5.552174037791478,3.270613571305266,2.271735512273718,0.011212484977365624,5.55356156855635
2291,4.429882524098243,1.2402767946720128,8.94490061008929,5.607286009048802,3.287963901664983,2.3127610123435995,0.007485907893645259,5.608210821902228
2292,4.428599026190976,1.2315552996993073,8.974038557946677,5.66156602785983,3.3053529616295925,2.3473922496294506,0.008947241897370558,5.661692453156414
2293,4.434553955995994,1.2406538441181183,8.967533696830262,5.63346058301088,3.3227774121733025,2.301020322001688,0.010195566296859917,5.63399330047185
2294,4.448756422170805,1.230407985985279,8.991188779413699,5.677161179395074,3.3402325394647674,2.3272568780160863,0.010539493067641823,5.678028910548495
2295,4.4373024404414,1.2005893441438682,8.989495316088195,5.705546185385554,3.357732112410788,2.3367084619968197,0.011017110196559841,5.705457684604168
2296,4.424304621198142,1.1749763681888583,8.985930726170524,5.7689133391881935,3.375262711480378,2.383627500889534,0.011378568010112682,5.770268780380024
2297,4.429951611629175,1.1548363908529282,9.04708773338793,5.876417451736791,3.392839371584215,2.4757306938086274,0.009679042346869601,5.878249107739712
2298,4.417181002283707,1.1480251228213314,9.044258416235445,5.878829249350178,3.41046620141654,2.4610613636502716,0.007261806052990841,5.878789371119803
2299,4.450843827965739,1.1819159805178643,9.067585929274557,5.884067731240484,3.4281377779926783,2.4489524732041392,0.007021675905288786,5.884111927102106
2300,4.4387353247840835,1.1501334836483001,9.112453258574009,5.966433280436557,3.4458586520092114,2.512722741850655,0.007844891998749886,5.966426285858616
