year,V_total,V_emissions,V_climate,V_brick,V_seed,V_residual,R2_oof,S_emi,S_clim,S_brick,ST_emi,ST_clim,ST_brick
2020,0.0,0.0,0.0,0.0,0.0,0.0,0.0,0.0,0.0,0.0,0.0,0.0,0.0
2021,0.0,0.0,0.0,0.0,0.0,0.0,0.0,0.0,0.0,0.0,0.0,0.0,0.0
2022,0.0,0.0,0.0,0.0,0.0,0.0,0.0,0.0,0.0,0.0,0.0,0.0,0.0
2023,0.0,0.0,0.0,0.0,0.0,0.0,0.0,0.0,0.0,0.0,0.0,0.0,0.0
2024,0.0,0.0,0.0,0.0,0.0,0.0,0.0,0.0,0.0,0.0,0.0,0.0,0.0
2025,0.0,0.0,0.0,0.0,0.0,0.0,0.0,0.0,0.0,0.0,0.0,0.0,0.0
2026,0.0,0.0,0.0,0.0,0.0,0.0,0.0,0.0,0.0,0.0,0.0,0.0,0.0
2027,0.0,0.0,0.0,0.0,0.0,0.0,0.0,0.0,0.0,0.0,0.0,0.0,0.0
2028,0.0,0.0,0.0,0.0,0.0,0.0,0.0,0.0,0.0,0.0,0.0,0.0,0.0
2029,0.0,0.0,0.0,0.0,0.0,0.0,0.0,0.0,0.0,0.0,0.0,0.0,0.0
2030,0.0,0.0,0.0,0.0,0.0,0.0,0.0,0.0,0.0,0.0,0.0,0.0,0.0
2031,3.083283586183329e-09,4.55054078766149e-12,2.645680487949456e-10,1.291374319305208e-09,0.0,3.5704908808124166e-10,0.6219155466470419,0.0023731114076532647,0.1379724924998422,0.6734529524497538,0.004944743706792544,0.23181442761813903,0.745552047482655
2032,7.3283418253527e-09,2.36982772070485e-12,1.6513546998260695e-09,4.518301079471894e-09,0.0,3.069151948647355e-11,0.846401174280188,0.0003820628399412606,0.26623085756556314,0.7284390029918525,0.002121043230942911,0.231602276942318,0.7717492457066821
2033,1.3280642073262738e-08,8.219289949712003e-12,2.752399024598928e-09,8.924772822826212e-09,0.0,3.497102044970783e-10,0.9062138167326719,0.0006829431440777199,0.22869761927329327,0.7415619170380878,0.0006473254277099261,0.2629378231446614,0.7396312530493369
2034,2.063532680022037e-08,4.470019801978089e-11,5.26092796385576e-09,1.3154778805386823e-08,0.0,4.657125920131338e-10,0.9171708179137429,0.0023618258291026053,0.27797182340409726,0.6950594792655106,0.0006492351307483533,0.28359017472437764,0.7157352070334475
2035,2.895728923495295e-08,-4.320498266005899e-11,6.926081061237269e-09,1.5612375037738525e-08,0.0,4.604903614351589e-09,0.9358664241940172,-0.0015942707002763706,0.2555734876819546,0.576099110610284,0.0004323925813576515,0.29435371622717593,0.6793654617186287
2036,3.854924264962419e-08,-5.862565173227232e-12,1.0412265388412132e-08,2.2303917921911784e-08,0.0,3.2402209455931805e-09,0.9325874964003823,-0.00016307306920876406,0.28962749651955766,0.6204056148520939,0.0003725943296069193,0.318647262034219,0.6692298847554596
2037,4.892892066454117e-08,-1.665871813689985e-11,1.1296013741168629e-08,2.612321311634137e-08,0.0,8.222767264459683e-09,0.9324819510457237,-0.0003651199051897912,0.24758204276608345,0.5725593660873531,0.00034763586845621656,0.33874989921401805,0.6440247386574084
2038,6.02867216362454e-08,2.7748832065548815e-11,1.980890423730879e-08,2.893802186791522e-08,0.0,7.337254724696501e-09,0.930751053284188,0.000494526426603142,0.35302482656782797,0.515719599062724,0.00046261174810786513,0.3641369350102072,0.6192609913078987
2039,7.293289245380897e-08,1.3396299901754623e-10,2.604240988224151e-08,3.636683649548167e-08,0.0,5.674053569601551e-09,0.9353428974388576,0.001963769773684964,0.38175688612317554,0.5331031314476333,0.0004656955963191161,0.37396722438073055,0.5903197410801537
2040,8.66137634915666e-08,-1.2061304707058215e-10,2.732138040591707e-08,4.395534270572361e-08,0.0,9.2350721774704e-09,0.9281571311685126,-0.001500326823250867,0.3398554374241977,0.5467682086498437,0.000395568908988428,0.3757824579483788,0.5771323596523317
2041,1.0008130275940047e-07,-1.342386588770441e-10,4.036003935862856e-08,5.432252611139236e-08,0.0,0.0,0.9284169550025041,-0.0014447130363357491,0.43436574453445964,0.5846338327299727,0.0006113809105405356,0.3964145762824077,0.5830584103695269
2042,1.1657378580502464e-07,-9.172778675472011e-11,3.6209875350890745e-08,5.76351931788891e-08,0.0,1.4113318230902223e-08,0.9253080204012557,-0.0008503812728351196,0.3356910809636099,0.5343188871069068,0.000611363710579635,0.3995966245855114,0.5802152545323219
2043,1.3187463706592694e-07,1.6539792590734176e-10,4.87655524077819e-08,5.8581791446211224e-08,0.0,1.322251164689235e-08,0.915530507708125,0.0013699223815157675,0.40390483329171656,0.48520866758880815,0.0006905825168151047,0.4119987432013172,0.5687813149689028
2044,1.498067396648752e-07,2.1062963245032818e-10,5.05729613157959e-08,6.586372322178891e-08,0.0,2.060909986837398e-08,0.9162232243052498,0.0015345704164425181,0.3684560876087279,0.4798589827893795,0.0007232031462357206,0.4277712458493119,0.5379734605213506
2045,1.6782207190517453e-07,-8.166791417579745e-11,4.23737898985803e-08,9.308574396971501e-08,0.0,1.7679258833263615e-08,0.9120202310091003,-0.0005335779976871062,0.2768495093413206,0.6081764837737779,0.0008118671419868036,0.4306457537000853,0.536452409821764
2046,1.861854297855342e-07,-2.565889556638388e-10,6.405596371482021e-08,5.682121559892007e-08,0.0,4.9868427144238224e-08,0.915694733463837,-0.0015050175044873796,0.3757190032135093,0.3332837295408112,0.0008569597160615313,0.4469315845004124,0.5151024498795003
2047,2.0767061863394153e-07,5.697201375960456e-10,8.516457113503865e-08,9.721951534722708e-08,0.0,4.945539060581761e-09,0.9047950399360607,0.0030320496089696696,0.4532457035793847,0.5174020962934393,0.000838819858457577,0.4488462345677278,0.5100341360699684
2048,2.2819830405263347e-07,6.24854897537964e-10,1.000929096118336e-07,1.1438045401790784e-07,0.0,0.0,0.90550311357729,0.0030239653999503363,0.4843964521029487,0.5535405687682061,0.0010251400216423634,0.4655434133033161,0.5062786622332943
2049,2.4963178651607755e-07,-1.464068862983838e-10,9.685377337929186e-08,1.1381125949192459e-07,0.0,1.5741873305314964e-08,0.9063769580307863,-0.000647072232040742,0.42806311169257083,0.5030098485990456,0.0009814615844200212,0.4711391961546093,0.4871640273456644
2050,2.7311609955519784e-07,4.511436186439946e-10,1.1205873348665227e-07,1.353567261490396e-07,0.0,0.0,0.9075046352912047,0.0018201981356701657,0.45211566638365785,0.5461144753137221,0.001039187879616503,0.46925225980300606,0.48977812586706054
2051,2.970099345263405e-07,-7.144458296989661e-10,1.142747008846183e-07,1.3143168293493138e-07,0.0,2.3335342962333524e-08,0.9034286391130376,-0.0026625910983172824,0.42587805637616843,0.4898185621250805,0.0012054056630768084,0.48110882645288855,0.49661859100414596
2052,3.218698201859782e-07,3.3938637534687507e-10,1.1270848623072347e-07,1.4575833072143936e-07,0.0,2.7031277733239058e-08,0.8880530672170205,0.0011873403518929892,0.3943096818949704,0.5099342821680599,0.0012788636486741943,0.4841007239534067,0.4774578937693645
2053,3.464127620467285e-07,4.955940378927126e-10,1.4200704990524624e-07,1.5747789955354295e-07,0.0,1.1727028070787828e-08,0.8998154967668965,0.0015899326262770626,0.4555778006647122,0.5052103763846383,0.0012716639668294144,0.47915891204115846,0.47771870945624206
2054,3.7348170576427494e-07,3.379351752470463e-11,1.2694466299535447e-07,1.4944192642235119e-07,0.0,5.62278225838092e-08,0.8906680043091383,0.00010158935765781673,0.38161836104685865,0.44924915854926406,0.001518381630627624,0.4803630789878124,0.481091107731759
2055,3.9909714735238486e-07,1.1257845050082945e-09,1.5562191056527843e-07,1.6992792648676414e-07,0.0,3.1191917931922704e-08,0.896692802399293,0.0031458134107829067,0.43485897264530576,0.4748347020504213,0.0013599924518990251,0.4740425026958956,0.47327640723256353
2056,4.293147838161741e-07,1.4544829625873422e-09,1.974863068768057e-07,1.5876427620613584e-07,0.0,2.044410474263187e-08,0.8808202862868992,0.003846320645251775,0.5222444530691238,0.41984562831442945,0.0014502713972530806,0.5042046353080666,0.4541591072473195
2057,4.5777831760129206e-07,-1.276169731653418e-09,1.860370934221065e-07,2.004972016016324e-07,0.0,2.5413114252239947e-08,0.8970963100572291,-0.0031075215616984445,0.45300735846155293,0.488218268764331,0.001618448404384318,0.4855713641252507,0.44580652728174985
2058,4.888610821350464e-07,8.370197052856577e-10,2.0274164697189007e-07,1.6673698246230948e-07,0.0,5.990896247571728e-08,0.8800549426766481,0.0019455411956633881,0.4712460456660819,0.38755798241370915,0.001542393748173891,0.5112843466956271,0.45236496592033854
2059,5.190969614118457e-07,1.0668832797934655e-09,2.3425121609117461e-07,2.0122074240769333e-07,0.0,2.483165126509311e-08,0.8887944398459084,0.0023124220033123935,0.5077290802577598,0.436136999313067,0.0016466489105168903,0.5014238196252779,0.440271472597733
2060,5.535031939788272e-07,9.650905888646067e-10,2.4647299684103227e-07,2.101175064945954e-07,0.0,3.0421497161682034e-08,0.8816156733954468,0.0019777374932016564,0.5050913277351096,0.43058887462708717,0.0018566393883855548,0.5116098889098555,0.4365501083306378
2061,5.850182431606953e-07,3.858759760899432e-10,2.517222087329163e-07,2.3164129081532172e-07,0.0,3.22681329335545e-08,0.8820537042913047,0.0007477962855235919,0.4878171856710594,0.4489019985147042,0.0016660923723717611,0.5175264396208977,0.429965642239169
2062,6.18040179560763e-07,2.063606795124037e-09,2.747058383074907e-07,1.9768108952588952e-07,0.0,6.127798916316754e-08,0.8668182773689737,0.0038519636410595712,0.51277060322126,0.3689948933963456,0.0019254209597460987,0.5074086898624752,0.42589552645123946
2063,6.524845430423529e-07,2.9583674041262883e-09,3.2112573037601623e-07,2.226371528582155e-07,0.0,2.5170519131132188e-08,0.8764832452626677,0.005172949779149128,0.5615148658380779,0.38929945249597286,0.0019853981780323317,0.5265883275754537,0.43191040528162783
2064,6.907424546398619e-07,2.1523939578600624e-09,2.772743676062287e-07,2.619251795512036e-07,0.0,6.777106626415132e-08,0.8818380907208421,0.0035335949090480865,0.45520258510528555,0.4300037535571882,0.002282076394282914,0.5279530063854039,0.4136300093602541
2065,7.267692653461413e-07,2.0812887462909986e-09,3.4818649376343787e-07,2.1532654827119444e-07,0.0,6.934648452625859e-08,0.8736484130280002,0.0032779255894647115,0.5483762980254886,0.33912853462888554,0.0021135709233329504,0.5140012347766645,0.42984823656121635
2066,7.663813755814341e-07,-1.5710427150265279e-09,3.8859228800889274e-07,2.6608214966651643e-07,0.0,1.4714287263989331e-08,0.8713908029376571,-0.0023525024222085396,0.5818837960602761,0.3984353166275084,0.0023159898926993,0.5295975635427113,0.4192028985085865
2067,8.008392202773821e-07,5.979176336375995e-09,3.0974036652118157e-07,2.132556599990165e-07,0.0,1.5919351398300526e-07,0.859309458646671,0.008688532608450168,0.4500936455578318,0.3098886287339461,0.0022438351439952576,0.533585836183382,0.4129580840027739
2068,8.410227993693314e-07,4.8510473709576954e-09,4.043642110263551e-07,3.510039614041968e-07,0.0,0.0,0.8575416889394536,0.00672624224071645,0.5606730730197953,0.48668617131842556,0.002431216530347167,0.5279816754049462,0.40199060702363726
2069,8.810175620464302e-07,2.8869682438696374e-09,4.2838493737184497e-07,3.0728812448004684e-07,0.0,2.401226472741339e-08,0.8655585628189633,0.0037858289154591787,0.5617630489331884,0.4029626129432105,0.0025091184059725675,0.526747982541627,0.40693299029467617
2070,9.305294525035626e-07,1.6451951241813478e-09,3.9534590913845086e-07,3.345532533370459e-07,0.0,7.38359109678215e-08,0.8655075520722609,0.002042755687456307,0.4908810465913675,0.415397876498891,0.0025090849467072004,0.532806571944608,0.4077937982491197
2071,9.67191529689707e-07,-7.658321756848178e-10,3.7622113461384525e-07,2.3502269958250204e-07,0.0,2.1566613845907385e-07,0.8541680888632044,-0.0009269958330033113,0.4553940604061855,0.2844814700810272,0.002541483512002422,0.5276357332503434,0.4054538387461217
2072,1.014564932885159e-06,1.5925322915516702e-09,4.4720358154472107e-07,3.727475420493418e-07,0.0,5.381913575387383e-08,0.8627962225642711,0.0018192825954699051,0.5108779877508187,0.4258206375795501,0.0026734973694051796,0.5299094711730324,0.40998059511617796
2073,1.0516983497612381e-06,6.487086102535558e-09,4.3435660189049483e-07,3.6613596487938944e-07,0.0,9.121181613248612e-08,0.8540390590218364,0.00722238668078479,0.4835902108619586,0.4076368764502144,0.0025281618726891615,0.5463758482010702,0.4030950110933943
2074,1.0998031044491406e-06,2.361331518770458e-09,4.805957913697251e-07,3.5134436552190864e-07,0.0,9.911742591426744e-08,0.8487145658605811,0.002529766091657657,0.5148768511054183,0.37640587750046417,0.002692319314846768,0.5354420764664694,0.39385529169605915
2075,1.1473826361965577e-06,-2.9897685709922885e-09,5.182821346254011e-07,3.9955392787690034e-07,0.0,7.450089768756651e-08,0.8622643923725817,-0.003021960941840962,0.5238627440558379,0.4038561298416459,0.0030729231794000855,0.5374381340656618,0.4094430234608929
2076,1.193743093517086e-06,2.558626056638431e-09,5.24662764391356e-07,3.9383343128896183e-07,0.0,9.759914314015787e-08,0.8533276300480095,0.0025117715582122064,0.5150549474910736,0.38662140910281745,0.003060110739564938,0.5355645703991145,0.4057983155770666
2077,1.2455885339541877e-06,1.6882832442642724e-09,5.716564866704527e-07,4.7413158848481277e-07,0.0,2.144588600554914e-08,0.8581664131185662,0.0015794256814291542,0.5347970721561837,0.4435604095307197,0.0030149282036296314,0.545662804177661,0.4025811655829725
2078,1.2980667905207414e-06,1.1654431801190827e-08,5.581349164450745e-07,3.9738593540765643e-07,0.0,1.297375316840125e-07,0.845035728013571,0.010624756715601284,0.5088234075131356,0.3622766822039824,0.0029356503799750355,0.5364307176348869,0.3924995575748679
2079,1.3458334861485442e-06,8.37442507310985e-09,6.077412839653058e-07,4.546196453221512e-07,0.0,6.587570263057814e-08,0.8445406275659376,0.007367889852557621,0.5346959104674982,0.3999782005690034,0.003174017380433688,0.5611679588899559,0.39564765965315496
2080,1.3960081982747853e-06,2.369211096521725e-09,6.75312028887746e-07,3.7793521214211567e-07,0.0,1.3870252618841573e-07,0.8555243298647975,0.0019837339433931753,0.5654369068476336,0.31644411501807296,0.0029895394594523952,0.5588339248304766,0.40117864250780383
2081,1.4510420829793979e-06,7.701250276835741e-09,6.011175967657428e-07,4.541101928657353e-07,0.0,1.566726474962822e-07,0.8405005628095985,0.006314561841271784,0.4928802599846891,0.3723430342508921,0.0031778814709746746,0.5569053051832955,0.39482763271331583
2082,1.5103453865849583e-06,-5.365314125591775e-09,5.125913482093452e-07,3.9852850403174937e-07,0.0,3.785960003169029e-07,0.8503687632247154,-0.0041774530901356,0.3991054878483414,0.3102957425611914,0.003224619996589331,0.5464600431078855,0.385710047536873
2083,1.5686323403305822e-06,1.5497159759890284e-08,6.433484461800329e-07,4.1509334048674376e-07,0.0,2.385139065896055e-07,0.836686085880187,0.011807783970505907,0.49018785299715173,0.31627295375432224,0.0036608027251575008,0.5479903481674262,0.40481572066780735
2084,1.6239108569540482e-06,5.99590827079679e-09,8.40513369181355e-07,5.54283510225306e-07,0.0,0.0,0.8470817595737423,0.004358805243529644,0.6110223698198106,0.40294376792575903,0.0034464326958411327,0.5528027222113666,0.38915402090007833
2085,1.6743650208409165e-06,2.3711066703865096e-09,5.807916626284493e-07,4.732040375668295e-07,0.0,3.3658924968421665e-07,0.8319309345403653,0.0017022121116005214,0.4169490199618878,0.3397121074579168,0.003611516505631674,0.5612612294304091,0.38779551930420647
2086,1.7455997704949523e-06,1.1628955094669759e-08,7.723250602845258e-07,6.503379598998878e-07,0.0,3.4417699217812574e-08,0.8413782467904736,0.007917803835978161,0.5258527765530546,0.4427954490887792,0.0031349197363623633,0.5456796456589089,0.38616014011441047
2087,1.7975347285581044e-06,1.4112852032925107e-08,7.749385425955711e-07,5.632845463037532e-07,0.0,1.4357376057065254e-07,0.8322007234335042,0.0094342940745329,0.5180383159605224,0.37654983167622735,0.003584819333200789,0.5448251067722585,0.3919880709514421
2088,1.8592620078303314e-06,1.8747091746708567e-08,8.08651225754563e-07,5.724632332443427e-07,0.0,1.447526642485578e-07,0.8307673735541242,0.012137070580293282,0.5235295764500096,0.37061890774228223,0.003656998286793457,0.5466571811399881,0.380098415547383
2089,1.9243503887116324e-06,1.925884929622174e-08,7.636289198858152e-07,6.317097416023301e-07,0.0,2.0613883041923836e-07,0.8422251741215907,0.011882777479969115,0.4711617185795454,0.38976712346266285,0.003795040918066603,0.5287962504630361,0.37900562463699555
2090,1.9879620473828893e-06,1.982956764499482e-08,7.628692268634759e-07,6.269182760569914e-07,0.0,2.3148966329508572e-07,0.8255221652853135,0.012083045688532182,0.4648504640943727,0.38200944711391543,0.0037643056405581416,0.5432934752335192,0.38889743164427454
2091,2.057222254289559e-06,6.178096099272429e-09,1.0285053534625499e-06,6.828333889196181e-07,0.0,0.0,0.8044288466271604,0.003733239134614416,0.6214950971965304,0.41261584296759507,0.0038345094300681554,0.545645771563373,0.38372717765714953
2092,2.1161455743007745e-06,1.8537164256727896e-08,8.912869241109987e-07,6.348560607160979e-07,0.0,2.1410549164049906e-07,0.8311269612467321,0.01053975187623985,0.5067626795860913,0.36096272679065317,0.0037251663062695217,0.5513592225111827,0.3856439999054808
2093,2.2026721586631376e-06,1.404356384705631e-08,1.0939597275243502e-06,8.032880871001308e-07,0.0,0.0,0.8364961413320862,0.0076219049523236285,0.5937279992220923,0.4359709199096513,0.003877516097173908,0.5622540315742516,0.372306878324545
2094,2.2640927645042244e-06,1.1846103671046729e-08,8.755729374057719e-07,6.391906311435813e-07,0.0,3.337535522691273e-07,0.8216815378131809,0.006367629458111456,0.47064622966089004,0.34358378123657624,0.003952850056495405,0.5477067628935739,0.36793552346577474
2095,2.330887727752966e-06,1.92845268279048e-08,9.157370817950333e-07,6.327225325514553e-07,0.0,3.4682354853391466e-07,0.8213899223511716,0.010072522863290813,0.47829966353111786,0.3304780165008703,0.0042053536263372,0.5585688656392602,0.38110412395399695
2096,2.4138976764505007e-06,1.544946233762022e-08,1.0084562967463485e-06,7.305631552116764e-07,0.0,2.2301380858540375e-07,0.8192073517336596,0.007812691437885978,0.5099697130486687,0.3694409800694991,0.004280451887513323,0.5561712573240696,0.3796693811644589
2097,2.4769735480557063e-06,2.8789711022952297e-09,1.1157128200410314e-06,6.047561046630243e-07,0.0,3.0526826902038004e-07,0.8189898379896257,0.0014191798094742726,0.5499871485724492,0.2981126322212255,0.004386357067692283,0.5578919592618942,0.3819558473212207
2098,2.5569339627834587e-06,1.912600542688128e-08,1.0322704918117945e-06,6.435759478253662e-07,0.0,4.2560121535721567e-07,0.8293423652258964,0.009019260110531528,0.4867883210464527,0.3034914371696563,0.004371189919905282,0.5652981835736701,0.3646815703491177
2099,2.631305160983995e-06,1.249744970658866e-08,1.1450886935062358e-06,6.447487959129755e-07,0.0,3.213653320500949e-07,0.8070900717504473,0.005884752135794007,0.5391950592313101,0.3035968891956573,0.0042231182222548895,0.5626660231933011,0.3756413585626797
2100,2.7114381697949534e-06,1.289980434350322e-08,9.822380700964147e-07,7.125292859004744e-07,0.0,5.207557707910573e-07,0.8218601316289538,0.0057887594689907135,0.44077722248069734,0.31974598535417953,0.004559245773544946,0.575388342715249,0.38434945399508397
2101,2.785555108046459e-06,4.27236123324967e-09,1.002452541625558e-06,6.256391055460566e-07,0.0,6.384832293197099e-07,0.8152225138770076,0.0018813952617661087,0.44144428782890377,0.27550911182073046,0.0043959029829482126,0.5632794585813032,0.37656970064149453
2102,2.8678293744770277e-06,1.7643605872243075e-08,1.2600125669505284e-06,8.115510194053459e-07,0.0,2.1556284629613622e-07,0.8036635857893559,0.007655256523353754,0.5466977381211167,0.3521180012930847,0.004707419889657545,0.566645650037039,0.3708025919700819
2103,2.9434847063039646e-06,2.336984184140606e-08,1.1315112996545954e-06,8.359271688488435e-07,0.0,4.3279566666973043e-07,0.8233791640989411,0.009642599229513276,0.46687136610842034,0.344910792677667,0.004395045902919116,0.5522710231561283,0.3816011114080468
2104,3.0365955453501123e-06,1.9722785426586576e-08,1.4193812009570533e-06,8.875268536398685e-07,0.0,1.694773322068729e-07,0.8220087709911285,0.007901414548458214,0.5686376963738613,0.3555642593993932,0.004830052937550123,0.5470094559993405,0.3804923831910785
2105,3.1136770298518317e-06,3.3456175735081004e-08,1.1922404762032065e-06,7.947361177334911e-07,0.0,4.950284322934672e-07,0.8078747981401742,0.013300215367640261,0.47396496327263915,0.31594051902394293,0.004911357586228199,0.5721816257723357,0.370284290345823
2106,3.1920071788344266e-06,1.5159997555947074e-08,1.2485456499993702e-06,8.640469434630581e-07,0.0,4.76129372784701e-07,0.8157506602957871,0.005822075565132483,0.47949395070728096,0.3318303039363129,0.004810795583210921,0.5643885400455312,0.3636995372311039
2107,3.2984142014808278e-06,1.0968178903638091e-08,1.47818313798777e-06,8.885139077739268e-07,0.0,2.8430470346981046e-07,0.807045375605056,0.004120324120761912,0.5552967080373135,0.3337805954841793,0.004663147506623457,0.5583159654854184,0.3782045871716571
2108,3.3866057469567116e-06,3.066914705330689e-08,1.2299064189435374e-06,8.662431506577644e-07,0.0,5.911253693265145e-07,0.8025569815510812,0.011283950693281442,0.45251351022534586,0.318712645755208,0.004907453245510441,0.5751923818736376,0.3779999871891965
2109,3.4777157753978326e-06,9.832401937401286e-09,1.569134693606464e-06,7.019478401645599e-07,0.0,4.875269426652638e-07,0.7960517929493516,0.003551601358948267,0.566793439249751,0.2535533960990781,0.00530324167158797,0.566362539003633,0.36077708389162455
2110,3.5665808510213473e-06,7.787918841841056e-09,1.4725320473085595e-06,8.661119554595836e-07,0.0,5.522491655140394e-07,0.8127338782447453,0.002686711165445238,0.5080007089602111,0.2987951863027855,0.005044049763244328,0.5689200749589607,0.3720712319061312
2111,3.6718238853831586e-06,2.7760760659752695e-08,1.6612437027471061e-06,1.085541003462409e-06,0.0,1.3571105567968314e-07,0.7925915330890829,0.009538939418109578,0.5708238053503628,0.3730052643303199,0.005312996879280972,0.5548386232720504,0.3841139806764972
2112,3.74935279591089e-06,2.4472942902900208e-08,1.6430837520368827e-06,1.1235573561674847e-06,0.0,1.6563352196343907e-07,0.788602122557095,0.008276980803431937,0.5557064684864089,0.37999772669150217,0.005193915833126986,0.55688927934573,0.36731722401200056
2113,3.842402770989114e-06,1.2601200491659193e-08,1.6137692475741376e-06,9.009497010094502e-07,0.0,4.803301625182721e-07,0.7827524834985709,0.004189715953043358,0.536554812025048,0.2995526765650184,0.005054032340531998,0.5756950900352324,0.37753034427950705
2114,3.9672066850663425e-06,1.0227419633725797e-08,1.8656321167841314e-06,1.0116960253951532e-06,0.0,2.7422956959385254e-07,0.7969801884304875,0.003234697871191209,0.5900565785613656,0.31997621069999477,0.005554616979224216,0.5544520963947075,0.367973233471648
2115,4.0595153308015525e-06,4.269745206592397e-08,1.9036211066645246e-06,1.0080967175005626e-06,0.0,2.493341177355872e-07,0.7891950474132134,0.013327338320011284,0.5941853973502059,0.31466153981926365,0.005699737368077422,0.5777804571205832,0.36247226580424396
2116,4.160356007874307e-06,3.3276794592208506e-08,1.6574219533522597e-06,1.149246287350183e-06,0.0,4.6464812614941365e-07,0.7943053804024128,0.01006986124054889,0.501550984457036,0.3477723977519753,0.004635602772141968,0.562842429558309,0.37048389182649305
2117,4.260104629548774e-06,3.022907086472756e-08,1.641936548218491e-06,1.1574450325407808e-06,0.0,5.053636034596008e-07,0.7828385791165033,0.009064259137427672,0.4923385977314933,0.34706265896249516,0.005768717758486882,0.556840460092063,0.36661585101087224
2118,4.354255059661476e-06,3.422676594498703e-08,1.8834978770696772e-06,1.3471663171639111e-06,0.0,2.505510068939656e-07,0.8073578416754142,0.009736120313056717,0.5357784013252099,0.38321392581136937,0.005387234547670525,0.5511649387716978,0.38026359904186025
2119,4.454094754039559e-06,1.8798703580661235e-08,1.8514251377885692e-06,9.000138797006695e-07,0.0,6.975637969750277e-07,0.7785648284423832,0.0054209283555708065,0.5338901687869273,0.2595344269322767,0.0059504011112568285,0.5692607564112223,0.36203314404914827
2120,4.561126309242581e-06,4.2083709450223725e-08,1.7973854143923314e-06,1.0234762335214188e-06,0.0,7.150077982166105e-07,0.7844450938204205,0.011761950931242675,0.5023501807420043,0.2860507639472832,0.006018580830431506,0.5837134116724301,0.3750290648426974
2121,4.678656762675849e-06,1.0173835347411585e-08,1.7509164034663013e-06,9.71334948459256e-07,0.0,7.987480455707243e-07,0.7547408181368964,0.0028811487504447585,0.495845513094884,0.27507428393056466,0.0058330291834740675,0.5553185452064753,0.36609702832821567
2122,4.7836628067908565e-06,1.6848031314065192e-08,1.7004181439876192e-06,1.017792945907796e-06,0.0,9.218066198325341e-07,0.7644488938164186,0.004607232670583194,0.46499332061971993,0.2783238483395288,0.005489794732617807,0.5570176009355385,0.36579889515296676
2123,4.894296859045842e-06,1.414867832498704e-08,2.1125542602616735e-06,1.2346497949945302e-06,0.0,4.799158169994222e-07,0.7848458442975361,0.003683334851151828,0.5499626575034329,0.3214172033892062,0.005930251462003218,0.5581896704545337,0.36274259596078645
2124,5.003580662014739e-06,3.182824822760097e-08,1.7077788381698368e-06,9.730721686111755e-07,0.0,1.226788892115781e-06,0.7873297970454083,0.008079326203166263,0.4335049236066107,0.24700597447944014,0.005943594214810614,0.566926159841287,0.3617045587013995
2125,5.127413092746041e-06,1.4028438181427501e-08,1.948743125189632e-06,1.1104328182122313e-06,0.0,9.277149635364041e-07,0.7802997871928746,0.003506303669565179,0.4870738340593396,0.2775444147772518,0.006107772945070504,0.5790270221333313,0.3703341353078937
2126,5.229822506513762e-06,3.3654380981771074e-08,2.2592784990361744e-06,1.4955569859895766e-06,0.0,2.220538987278404e-07,0.7668603972200235,0.008391475808765241,0.5633347076029861,0.3729062874565742,0.006173498390713776,0.564130425950009,0.3672002321929592
2127,5.345598377832742e-06,5.6739974314051635e-08,2.2846947360418132e-06,1.1884041411055632e-06,0.0,5.977960858810811e-07,0.7721558272052548,0.013746364486046936,0.5535118223204026,0.2879140619617616,0.006709627448069965,0.5769776648031882,0.36619615231280517
2128,5.4692306616596475e-06,2.5182756830384812e-08,2.382337916683916e-06,1.425191285372854e-06,0.0,3.63562659794839e-07,0.76725135183979,0.006001217536686017,0.5677268847176126,0.33963251094860225,0.006749073747134355,0.5799357528464726,0.36789660743002073
2129,5.589645079935142e-06,6.403087755978133e-09,2.5012199780933394e-06,1.2668106052882605e-06,0.0,5.328560905516626e-07,0.7705837669641843,0.001486570003469411,0.5806946169120525,0.29410851727594023,0.006278679529963779,0.5679526977331456,0.35663472830425724
2130,5.714221006327148e-06,1.8136222880159105e-08,2.1257910555324744e-06,1.2106854128166883e-06,0.0,1.0140399899108514e-06,0.7645228765745887,0.004151445354869854,0.4866010668940761,0.27713015915486144,0.006645221079481201,0.565949594871404,0.37694038823822684
2131,5.8339924224098625e-06,5.841036184975904e-09,1.99713850910293e-06,1.3554174249024476e-06,0.0,1.2064265919296068e-06,0.7824527753216308,0.001279575454667355,0.4375061778237567,0.29692657480784973,0.0064708843550562774,0.560874387222977,0.3701258201991656
2132,5.953173525583367e-06,4.59268623950084e-08,2.532837787744339e-06,1.6024493235594619e-06,0.0,4.5927755614770894e-07,0.7794987849597049,0.009896982270006948,0.5458123932462197,0.3453188769450167,0.007368738031855256,0.5509310789945745,0.36009847322650723
2133,6.092678644559973e-06,5.871264091601904e-08,2.738535888544373e-06,1.5614541876570769e-06,0.0,3.81729307403063e-07,0.7780538415156962,0.012385504235124538,0.5776975335536766,0.3293906925740612,0.007257776384285487,0.562227842448548,0.36132995890250835
2134,6.2170655369295565e-06,1.962660369399335e-08,2.446322797813565e-06,1.5306628901817943e-06,0.0,8.913434817390814e-07,0.7862158995097976,0.004015298951902579,0.5004797324705954,0.31314990583643937,0.0069795303629925426,0.5545044272574339,0.35962886716492815
2135,6.374635602177322e-06,3.458695725918414e-08,2.4176644578054503e-06,1.2265983211060839e-06,0.0,1.1958653908084577e-06,0.7647049072599799,0.007095175073464738,0.4959601525071392,0.251624615829848,0.0070973504865908445,0.5496704171114166,0.36890761666711624
2136,6.459869783373914e-06,2.8943952255203638e-08,2.608142703101209e-06,1.6186420024406311e-06,0.0,6.382252511439609e-07,0.7575932755698599,0.005914226572981104,0.532931603286305,0.3307432053014342,0.006798089759427446,0.5621791404434162,0.3628267292938668
2137,6.590140602208417e-06,6.635620723399977e-08,2.2275720736813883e-06,1.6104574409255354e-06,0.0,1.1291999390539562e-06,0.7638055035135485,0.013182691565082623,0.44254180295113255,0.31994239284272463,0.0075312454820677934,0.5469931541648448,0.3696936298875906
2138,6.7625945265128015e-06,2.725998956393475e-08,2.6194017780182876e-06,1.5699274955161494e-06,0.0,1.028019627663901e-06,0.7755320639439116,0.0051977163849052386,0.4994465426453512,0.29934119554298544,0.007153755568680919,0.5502994663020573,0.3575747921644325
2139,6.880325231488559e-06,5.2719047998929045e-08,2.537098870225674e-06,1.6324055160685128e-06,0.0,1.0163442296442485e-06,0.7613837264498032,0.010063637883662428,0.48431155861386027,0.3116129485748742,0.007140399356204896,0.5560069420211619,0.358273685667743
2140,7.036796987426143e-06,2.8637965354918534e-08,2.6345916112378645e-06,1.7255799486015286e-06,0.0,8.162947129347779e-07,0.7396979403313676,0.005501900450933543,0.5061553987600517,0.33151688605217383,0.007403279476389988,0.5575823725705669,0.3661860255094627
2141,7.176024376917039e-06,-3.4307143240682106e-09,2.593064399596873e-06,1.899735682571675e-06,0.0,8.922975914452841e-07,0.7499510420562191,-0.0006374817226744505,0.48183293749174855,0.35300134641226283,0.007573760353315659,0.5673248870021592,0.3672938940346774
2142,7.31160964964978e-06,3.930019534200162e-08,2.905584081017293e-06,1.7847092321271327e-06,0.0,8.060303633989911e-07,0.7571005752680697,0.0070995060812569415,0.5248882778640918,0.32240435286642144,0.007669431501375609,0.5579134629529936,0.3593353205262751
2143,7.447606034090527e-06,1.550639201730413e-08,2.6298096955712427e-06,1.8296781401725486e-06,0.0,1.1971148889925671e-06,0.7616016597535182,0.002733796494059507,0.46363877024220057,0.3225745666225361,0.007417317548884343,0.5558875756277526,0.3641354418209188
2144,7.5878932083662085e-06,5.5884778880408596e-08,2.9677507619471986e-06,2.1032008369920853e-06,0.0,4.73831117167462e-07,0.7381057351745552,0.00997823543897722,0.5298923324056404,0.3755268169150451,0.0077860747682049055,0.5580233840244596,0.34716149071078223
2145,7.707881368640136e-06,1.9041885987554068e-08,2.6944827216504045e-06,1.095312149618068e-06,0.0,1.8969653882855895e-06,0.7402555738280989,0.0033372846624962218,0.4722355687982998,0.1919646215692775,0.008269986250430204,0.5525388430861707,0.36346634919886545
2146,7.893089896147826e-06,3.05427754012024e-08,2.9902460086064966e-06,1.7432111290511544e-06,0.0,1.1928570830155677e-06,0.7546926583189719,0.005127330641197218,0.5019838499693838,0.2926394120590663,0.007900858055345312,0.5595103498271811,0.37151303813969605
2147,8.028176441505908e-06,3.2163502360870925e-08,2.6748743959045325e-06,1.6559345493169758e-06,0.0,1.6205187161994025e-06,0.7453113677032503,0.005375373921425237,0.4470424243451069,0.2767505631729496,0.007823910212112373,0.5600033711933324,0.3784229893115363
2148,8.192337552308298e-06,3.442427601718355e-08,2.8161779103972804e-06,1.7213836914557967e-06,0.0,1.4978685936914997e-06,0.7409185025404013,0.005671351130157534,0.46396135584329484,0.2835955457450841,0.007551610234877364,0.5577785854293773,0.3702735181212395
2149,8.316311001122036e-06,4.4538587170154245e-08,3.1268465435910763e-06,1.9050720536011254e-06,0.0,1.2195889321268479e-06,0.7570719896886662,0.007074056693058313,0.49663653755679066,0.3025822902744922,0.008363996372523693,0.5620877611164483,0.37503539950755194
2150,8.505607217727293e-06,1.146686487991721e-08,2.644221773228377e-06,1.737598945559929e-06,0.0,1.8390481187307024e-06,0.7327326013138205,0.0018398984630278229,0.4242746057807146,0.2788038110480954,0.008222229942458838,0.5825211781408941,0.36590852432054405
