year,V_total,V_emissions,V_climate,V_internal,V_brick,mean,f_emissions,f_climate,f_internal,f_brick,p5,p50,p95
2020,0.0,0.0,0.0,0.0,0.0,0.0,0.0,0.0,0.0,0.0,0.0,0.0,0.0
2021,0.0,0.0,0.0,0.0,0.0,0.0,0.0,0.0,0.0,0.0,0.0,0.0,0.0
2022,0.0,0.0,0.0,0.0,0.0,0.0,0.0,0.0,0.0,0.0,0.0,0.0,0.0
2023,0.0,0.0,0.0,0.0,0.0,0.0,0.0,0.0,0.0,0.0,0.0,0.0,0.0
2024,0.0,0.0,0.0,0.0,0.0,0.0,0.0,0.0,0.0,0.0,0.0,0.0,0.0
2025,0.0,0.0,0.0,0.0,0.0,0.0,0.0,0.0,0.0,0.0,0.0,0.0,0.0
2026,0.0,0.0,0.0,0.0,0.0,0.0,0.0,0.0,0.0,0.0,0.0,0.0,0.0
2027,0.0,0.0,0.0,0.0,0.0,0.0,0.0,0.0,0.0,0.0,0.0,0.0,0.0
2028,0.0,0.0,0.0,0.0,0.0,0.0,0.0,0.0,0.0,0.0,0.0,0.0,0.0
2029,0.0,0.0,0.0,0.0,0.0,0.0,0.0,0.0,0.0,0.0,0.0,0.0,0.0
2030,0.0,0.0,0.0,0.0,0.0,0.0,0.0,0.0,0.0,0.0,0.0,0.0,0.0
2031,1.4737393841066428e-09,3.500713406311714e-13,6.425298059876156e-10,7.16222435148124e-13,8.30143284343248e-10,0.0002243770875576607,0.00023753951642093018,0.43598604537335267,0.0004859898859134355,0.563290425224313,0.0001420001810519267,0.00023228753884119158,0.0002919919664954307
2032,4.523843806079436e-09,1.3512064606034189e-12,1.9924555418958723e-09,2.5007615093001176e-12,2.52753629621366e-09,0.0004187986748483629,0.0002986854804287406,0.4404342031478365,0.0005527957233933301,0.5587143156483413,0.0002891892968204246,0.00043397232746400505,0.0005412164454110524
2033,8.427467335846732e-09,3.0840099504952415e-12,3.8509697058248656e-09,4.79978648920702e-12,4.568613833582164e-09,0.0005946952434420211,0.00036594742258771177,0.4569545691912133,0.0005695408000919616,0.542109942586107,0.00043035417875891824,0.0006164228684291118,0.0007659569397269195
2034,1.3035818981272912e-08,5.756430244191656e-12,6.225109574973401e-09,7.071183490985542e-12,6.797881792564334e-09,0.0007569022110591099,0.00044158562284895707,0.4775388170023159,0.0005424425961379114,0.5214771547786973,0.0005383866806205617,0.0007847582592788171,0.0009712323221346963
2035,1.8301498877541082e-08,9.669977098857375e-12,9.1324459459487e-09,9.165928829475043e-12,9.150217025664048e-09,0.0009087354848904773,0.0005283707724466224,0.49899989105021875,0.0005008294069685805,0.49997090877036604,0.0006437976815938384,0.0009443896272927077,0.0011617555653824496
2036,5.746867202114493e-05,2.3402716797228054e-07,4.7013271770071456e-06,9.99791961308624e-06,4.253539806307926e-05,0.0011147889023628448,0.004072256409303716,0.08180678292474458,0.17397164857763936,0.7401493120883124,0.0007590764722120724,0.0010795842849748993,0.0013398220407427885
2037,0.00021393838333849332,2.1980767116133112e-06,1.5258750913351946e-05,3.397126012874085e-05,0.0001625102955847872,0.0014213924824538504,0.01027434477774619,0.0713231103051272,0.15878992632655134,0.7596126185905753,0.000871383273063131,0.0012157262192005192,0.001507113339437538
2038,0.0010371981577423544,3.56762513317055e-05,0.00015732292108973774,0.0003876989218677706,0.00045650006345314046,0.0024989217070843623,0.034396755398564516,0.15168067925629464,0.3737944567040748,0.440128108641066,0.000979128009205965,0.001353021127119547,0.0016663354587933554
2039,0.001527764761483964,5.081599273790669e-05,0.00023710978265025333,0.0005860121807513786,0.0006538268053444255,0.0031804201820001543,0.033261660446041175,0.15520045273196473,0.38357487718342664,0.42796300963856754,0.0010855191925660534,0.0014858064326546128,0.0018187131572560133
2040,0.0018074195598267624,5.8855066017161496e-05,0.0002775396915213944,0.0006830274279261311,0.0007879973743620754,0.0036162446289434887,0.03256303479575193,0.15355576407947916,0.37790197865934233,0.4359792224654266,0.0011881607030375108,0.001615087408939786,0.001964606981132988
2041,0.0024702374108934444,8.040004400652771e-05,0.0003809497330779248,0.0009435745164605917,0.0010653131173484003,0.004492721173185688,0.032547496711034074,0.15421583828258092,0.3819772594729331,0.43125940553345193,0.0012840146961501375,0.0017387787563869495,0.0021054959514934524
2042,0.002744656403531989,8.822868104928553e-05,0.0004362542839375577,0.0010557420494529154,0.00116443138909223,0.0049191479316336275,0.032145619734312667,0.15894677504118893,0.3846536302665511,0.42425397495794726,0.001378696472569274,0.0018598983553950177,0.0022417143951827256
2043,0.003519742415431763,0.00011314592191671462,0.0005722189071206789,0.0013759878885454143,0.0014583896978489547,0.005924722242895911,0.03214608018491465,0.16257408627741454,0.39093425772085183,0.41434557581681886,0.0014659314183251837,0.001979419565817153,0.0023739414039667395
2044,0.004017779300728037,0.00012222910893555566,0.0006600611219335364,0.0015812268413024722,0.0016542622285564733,0.00660394647348625,0.030422056511020222,0.16428506210232374,0.3935574164105897,0.4117354649760664,0.001546320664711942,0.002095903763407847,0.0025020809151037327
2045,0.004679421398513408,0.0001402407301341207,0.0007672898426802529,0.0018497737249604438,0.0019221171007385905,0.007469757094767843,0.029969673211879013,0.16397109329029677,0.3952996679350343,0.41075956556279,0.0016233963168197363,0.0022090819278410834,0.0026271810188838174
2046,0.005066658598969985,0.00014749814968031055,0.0008477969161442015,0.002011002763081815,0.002060360770063657,0.008020127379216608,0.029111523265115173,0.16732860515144093,0.3969090720836485,0.4066507994997953,0.0016981174514860697,0.002320802377173692,0.002749158083279468
2047,0.00535175472907228,0.0001486766041665924,0.0009052308947349045,0.0021181972812433464,0.0021796499489274376,0.00844890108365586,0.02778090770097106,0.1691465585703,0.39579490998282973,0.4072776237458993,0.0017711440045147242,0.002430630552520796,0.002868254488660682
2048,0.006002964314884979,0.00018156467296272125,0.0010046176627899971,0.0023843259095126627,0.0024324560696195974,0.009302438438781663,0.030245835796909974,0.16735359567254837,0.3971914181799277,0.4052091503506139,0.0018425243177375705,0.0025378812449119437,0.002985238796526346
2049,0.006284105936173449,0.0001834116097652342,0.0010571961955555122,0.002483355176932264,0.0025601429539204392,0.009718984251281764,0.02918658781823754,0.16823335034343256,0.3951803489876305,0.4073997128506995,0.0019112042479783042,0.0026436679360521964,0.0030998042675527415
2050,0.006603302951676861,0.0001868550599313119,0.001114528976039624,0.002594435450871702,0.0027074834648342224,0.010172459402152374,0.028297211455951966,0.16878355940894663,0.3928996548935959,0.4100195742415054,0.0019781163827374826,0.0027467647131196316,0.003212626970782395
2051,0.006814631045946764,0.00018749009184184834,0.0011479335122444854,0.002659348698986991,0.002819858742873439,0.01050019325414528,0.02751287495650473,0.16845130785580217,0.3902410388848168,0.4137947783028763,0.0020434561690798603,0.0028477221997675883,0.0033233120821662965
2052,0.007322707826739862,0.00021227874046345012,0.0012329297297101875,0.0028727301652510654,0.0030047691913151595,0.011179392490616767,0.028989104233858067,0.16837073919677326,0.39230435423913834,0.4103358023302305,0.0021077144075896115,0.0029472642833212603,0.0034334443867578557
2053,0.007582326225462338,0.0002124804511203133,0.0012822874689135848,0.002985672302930662,0.0031018860024977775,0.011565156231435463,0.028023121770569447,0.1691153124759409,0.39376732339798637,0.4090942423555032,0.0021707048524568506,0.003044288468068146,0.0035413076901882334
2054,0.007873891992776341,0.00021428743833279556,0.0013258565669896157,0.0030712650204896452,0.0032624829669642844,0.01194985360314882,0.02721493240310979,0.1683864305233018,0.39005678809250655,0.41434184898108184,0.0022319541138777765,0.003139487517888284,0.003647623862583771
2055,0.00837049981848454,0.00023087150713974828,0.00141835996102836,0.003249349814214344,0.003471918536102089,0.012596896535289509,0.027581567665758224,0.16944746332784114,0.38819065583620443,0.4147803131701963,0.002292334988077016,0.0032340597582312114,0.003753300208735766
2056,0.008837434232258506,0.00023729835757751108,0.0015123315786681369,0.0034255960589242083,0.00366220823708865,0.013211497925330596,0.026851499127577304,0.17112790193649266,0.3876233722249448,0.4143972267109853,0.002351400543329163,0.0033265317816457696,0.003857169549391415
2057,0.009180059930942466,0.00025252810855049543,0.0016218905441522517,0.0035381254545705687,0.003767515823669151,0.013680000317424704,0.02750832897063339,0.1766753764521166,0.38541420003641835,0.4104020945408317,0.002409606019408983,0.003418065216941102,0.003960024348700131
2058,0.00962371745289415,0.000262940620813482,0.001704041408710763,0.0037098377906360546,0.00394689763273385,0.014073723468272766,0.027322146779611405,0.17706685769315733,0.38548905958584556,0.41012193594138574,0.002466848244381481,0.003507565198205498,0.004060824107270378
2059,0.009851501044493467,0.00026771965768081744,0.0017456307802938187,0.003781626936701658,0.004056523669817172,0.014404853130787123,0.027175519392596558,0.1771943963066974,0.38386301941422546,0.4117670648864805,0.0025231526596272147,0.0035956107484267363,0.004160723119248644
2060,0.010006863184141488,0.0002692197761854655,0.0017730359752514812,0.003839201547588599,0.004125405885115944,0.01465624839537663,0.02690351324200327,0.177181994259832,0.38365684400210703,0.41225764849605784,0.0025782065427790712,0.0036822592869683035,0.00425921807495655
2061,0.010266720127159415,0.00027294433894425743,0.0018001309889417478,0.003907539152905378,0.00428610564636803,0.01499989087220833,0.026585349124518834,0.1753365209771045,0.3806024810755713,0.41747564882280525,0.002632458849653574,0.003768500426829746,0.004357201300628333
2062,0.010357593440793574,0.0002745035152039816,0.0018188104945733889,0.003953859594412384,0.00431041983660382,0.015185844446760797,0.02650263468759494,0.1756016496467191,0.38173535358513244,0.41616036208055357,0.002686103711312171,0.003853124426690613,0.004453452721676854
2063,0.010552854226529674,0.0002774382208704977,0.0018322086685308577,0.003989827111878936,0.004453380225249383,0.015456462907690175,0.026290349029272412,0.17362209589939376,0.37808037770943403,0.4220071773618999,0.0027387460154884025,0.003936417000872439,0.004549112580512826
2064,0.010697840386887376,0.00027826017055546565,0.0018511439227769685,0.0040293783854716625,0.00453905790808328,0.015680071464154312,0.02601087326901385,0.1730390299191568,0.376653440297219,0.42429665651461046,0.0027907987532529432,0.004018146129581623,0.004643461693653705
2065,0.01081339879440792,0.0002953411717503482,0.0018974388715174405,0.004026269317555784,0.004594349433584347,0.015887926378999582,0.027312520084164654,0.17547108985739884,0.37234077778005775,0.4248756122783787,0.0028417684638029073,0.004099909313978856,0.004736645337722223
2066,0.011084212178879258,0.000296898840504984,0.0019591069690334897,0.004123322193461515,0.004704884175879269,0.01626164348674299,0.026785741351173224,0.17674751596387953,0.3719995726280323,0.42446717005691487,0.0028926614096533854,0.004180644803028599,0.00483006242778572
2067,0.01117238079215984,0.00029882127454403524,0.0019686748118184715,0.004144746610311149,0.004760138095486183,0.01642194029459077,0.02674642765074133,0.17620906845566692,0.370981502279237,0.4260630016143546,0.0029417946281853347,0.004260344556143991,0.00492287960438631
2068,0.011184356720912142,0.0002984214111916466,0.0019691187054157637,0.004146992224943238,0.004769824379361493,0.016509803521760406,0.026682036225978742,0.17606007699432283,0.37078504633076736,0.426472840448931,0.0029900485159544132,0.004338983394646334,0.005014311389608395
2069,0.011262216347257669,0.00029772378237018666,0.0019842250147304448,0.004171901034624246,0.004808366515532792,0.01666864311562476,0.026435629825445672,0.17618423883444578,0.37043339481221177,0.42694673652789683,0.0030379983099848573,0.004416980341886756,0.005105275049579916
2070,0.011586333678144552,0.0003094128176633967,0.0020400348328833457,0.004252969481506217,0.004983916546091592,0.01704270143132724,0.026704980734936542,0.17607250831481655,0.3670677541014245,0.43015475684882243,0.0030866131722220302,0.004494759258165004,0.005196361205861422
2071,0.011689995060908388,0.00031045700195801593,0.002058744769362162,0.004292568172932863,0.005028225116655345,0.01722918136616062,0.026557496418128636,0.17611168855380033,0.36720016993739457,0.43013064509067633,0.0031341080146063405,0.0045730178596059545,0.005284970903957742
2072,0.0118388329807879,0.00031339875627360553,0.002078751066166281,0.004346919377680884,0.005099763780667129,0.017403999547742195,0.026472098794044156,0.1755874983234991,0.36717465182041853,0.4307657510620383,0.0031810003200192227,0.004649754184427479,0.0053736450881487485
2073,0.011955813341007555,0.00031547539358991355,0.002090340392596814,0.00438014616930008,0.005169851385520747,0.017598640782440927,0.026386778096296994,0.17483882802244002,0.3663612039070987,0.4324131899741642,0.0032271645075780953,0.004725640831395594,0.005460539970798095
2074,0.012119681169959057,0.00032088730137547905,0.002112407277919466,0.004443118750248135,0.005243267840415978,0.01785118996857998,0.026476546443388253,0.1742956145707422,0.36660360020536287,0.4326242387805067,0.0032733156046731438,0.004799843406374293,0.00554840056308592
2075,0.012226249071356554,0.000323690687115414,0.0021238097532534765,0.004473387581635139,0.0053053610493525236,0.018030578225930308,0.026475060766899552,0.17370902071912647,0.3658838909241032,0.4339320275898707,0.0033191827858658485,0.00487410877772021,0.005634780504536252
2076,0.012362767233918619,0.00032492442999744925,0.00215264643437951,0.004537990573631216,0.005347205795910444,0.018261514606960745,0.02628250001391138,0.17412334905679422,0.36706915917503785,0.43252499175425657,0.0033646065009662607,0.004947077268454336,0.005721960562155459
2077,0.012444755240040151,0.0003241795928186385,0.002169062493489975,0.004543812221941232,0.005407700931790306,0.018411689773806812,0.026049495274572596,0.17429531169172088,0.3651186491255229,0.4345365439081837,0.003408924452561024,0.005019414836411329,0.005806291165953326
2078,0.012569374501319371,0.0003259783910476667,0.0021930871618062475,0.004597888811552918,0.005452420136912538,0.018627017356627706,0.025934336749489775,0.1744786235445563,0.3658009243873107,0.4337861153186432,0.0034525833721872345,0.005091314051398399,0.005890887222903984
2079,0.012603752302248614,0.0003253058753131572,0.00219845789558317,0.004595660255736759,0.005484328275615529,0.01872481621150687,0.025810240277026067,0.17442884014714785,0.3646263545592573,0.43513456501656883,0.003495809964029206,0.005162042989510951,0.005974264529697848
2080,0.0126738032397311,0.000324391832654696,0.0022086015669095403,0.004619059514360892,0.0055217503258059705,0.018874037144949535,0.02559546069310593,0.17426509826078065,0.36445725304308063,0.4356821880030327,0.003538547911595913,0.005231184086738949,0.006057509411860451
2081,0.012885465495964393,0.0003254760759865939,0.002215999229922401,0.004642032623295913,0.005701957566759486,0.01904580182237727,0.025259163209007077,0.17197665312257684,0.36025338973976173,0.4425107939286544,0.0035811828529972445,0.005300193624549365,0.006140818611854115
2082,0.012953679331494784,0.0003251005033296287,0.002222866498722541,0.004650050767067613,0.005755661562375001,0.01918052417830338,0.025097155411219672,0.17160116765574082,0.3589752878752961,0.4443263890577434,0.003623150823059973,0.005368116437310277,0.0062240756911791095
2083,0.013013684303917736,0.00032577587152899,0.0022230291839761113,0.004653819513852214,0.005811059734560421,0.01929893506783017,0.025033331370341912,0.17082243060920682,0.35760968263623805,0.4465345553842132,0.0036647319745526374,0.005436250183706193,0.0063057775176957875
2084,0.013075419679683035,0.00032619752958151646,0.0022379323628639834,0.0046641792352242525,0.005847110552013283,0.01939824812676365,0.024947385060868955,0.1711556812468014,0.35671353956397966,0.44718339412835006,0.0037065806002090085,0.005502440498332817,0.0063862526025673105
2085,0.013081114906815319,0.0003261237472418922,0.0022381420160156036,0.004669590757283927,0.005847258386273895,0.019470020798126906,0.024930883152167734,0.1710971910237958,0.35697192407132283,0.44700000175271354,0.003747480643532697,0.005567648511842549,0.006466262870773676
2086,0.013110353500435969,0.00032592719009826455,0.0022411345580715747,0.004678165461033645,0.0058651262912324835,0.01956503592040319,0.0248602900057139,0.17094386951481122,0.3568298490866839,0.4473659913927909,0.0037884776901861983,0.005631706936199521,0.006546992631385251
2087,0.013123239429182592,0.0003264843389635464,0.0022453144230105155,0.004682982877919339,0.005868457789289191,0.01964403100848225,0.02487833440252047,0.17109452548869403,0.3568465624048306,0.4471805777039549,0.003829630729697442,0.005694806166388844,0.006626089735277674
2088,0.013192207868824,0.00032800310984778516,0.0022551901751738735,0.0047004807116554975,0.005908533872146842,0.019779856547216576,0.024863397629059987,0.17094865375062568,0.3563073564633359,0.44788059215697834,0.0038691323090347396,0.005756458286228394,0.0067075917941537
2089,0.013213240380895407,0.00033153147329587025,0.0022548101514564224,0.004709134880632923,0.0059177638755101925,0.01986608838615319,0.025090853094235747,0.1706477810482112,0.3563951570457847,0.4478662088117684,0.003908863989622091,0.005818945826163713,0.006787314373738695
2090,0.013311503349587719,0.00033038546095409807,0.0022618254916775436,0.004728560195873224,0.005990732201082853,0.02002777977178548,0.024819545341911414,0.169915105174623,0.35522360410326426,0.4500417453802013,0.003949025611824197,0.005877093062792937,0.006867059593076874
2091,0.013455011410291805,0.0003355965097814521,0.0022704341212434424,0.004761814540228567,0.0060871662390383436,0.02018279503838112,0.024942120043447355,0.16874263811525095,0.3539063918285667,0.452408850012735,0.003987795214165146,0.0059372801879788994,0.006945373674312805
2092,0.013465176954543117,0.0003351126914303143,0.0022748123402545973,0.004763367917894749,0.0060918840049634555,0.020254298128671473,0.024887358893359964,0.16894039699100138,0.3537545725522456,0.45241767156339296,0.004025564923068714,0.005996350393289163,0.0070236206989164884
2093,0.013616135642841904,0.0003420211716018015,0.002308938324043298,0.004826974922817108,0.006138201224379697,0.020436431635219174,0.02511881348520528,0.16957368702897158,0.35450402738567616,0.450803472100147,0.004062991133622518,0.006054900612468828,0.007101788101763873
2094,0.013621034764704481,0.00034171368756762474,0.0023101679695025088,0.0048297843535564525,0.006139368754077895,0.020501037744045273,0.025087204714658733,0.16960297139015706,0.3545827785471656,0.4507270453480186,0.004102083151380498,0.00611259084644189,0.007181119008606629
2095,0.013707140876246516,0.0003427201616682402,0.002323052976513791,0.004856615641303594,0.006184752096760889,0.02065325354368708,0.025003037815285713,0.16947757358644164,0.3543128129455325,0.45120657565274,0.004139991057151349,0.006169264685084386,0.007258197483523077
2096,0.01370360338790282,0.00034266165924596296,0.0023224100956751224,0.004854713912633218,0.0061838177203485155,0.020707607471262025,0.02500522304581988,0.16947440975453834,0.35426550048280236,0.4512548667168394,0.004177414566186144,0.006223467838367469,0.007334969499936506
2097,0.013709557597615215,0.0003429754238764455,0.002322480877075864,0.004857978503077187,0.006186122793585718,0.02077307188935684,0.025017249567273143,0.1694059681021261,0.35434976427847936,0.45122701805212134,0.004215272565318173,0.006278173612159321,0.0074097694723604945
2098,0.013718450712434408,0.0003434544629949773,0.002322631329877292,0.004859457045378553,0.006192907874183586,0.020842219846853006,0.02503595123053291,0.16930711627458472,0.3542278313522634,0.45142910114261897,0.004251591198340066,0.006331423349834608,0.007486388926523091
2099,0.013772072456533422,0.0003465919921264042,0.0023283592235419652,0.004889621529495039,0.006207499711370013,0.020965366360092632,0.025166291654382212,0.16906382324741545,0.35503890535918725,0.45073097973901505,0.00428874480534347,0.006384571534695738,0.007561637504522878
2100,0.013772666940415497,0.0003467591307536074,0.0023268984665032943,0.0048878042174812664,0.006211205125677329,0.02102182838568978,0.02517734090672393,0.1689504637388041,0.3548916298221185,0.45098056553235344,0.004324859427725869,0.006436654520328489,0.007637547119074384
2101,0.013965403302512006,0.0003690715549299649,0.002391584929079941,0.004932366179495798,0.006272380639006301,0.021155395694291694,0.02642756152008719,0.17125068838146323,0.3531846573029936,0.4491370927954559,0.004361621828351758,0.006489322837524014,0.007711105317198985
2102,0.01415208817855742,0.00037773810047602894,0.0024424010918894412,0.004982164989283751,0.0063497839969081996,0.021380736098481297,0.026691333159466882,0.17258238226568237,0.35204451289615996,0.4486817716786908,0.004394893161659752,0.006541684841934625,0.007787523534929619
2103,0.014195849564049609,0.00037726771444664413,0.0024575298237590314,0.004989415879963695,0.0063716361458802375,0.021482361452619742,0.0265759166258044,0.17311607964504092,0.35147004463890497,0.4488379590902497,0.004428184951478897,0.006594103416787789,0.007862079745478923
2104,0.014251445137267591,0.00038031731975813384,0.0024629482042461824,0.005010187943178185,0.00639799167008509,0.021599943059189986,0.026686228385611393,0.17282094415853744,0.3515564839159028,0.4489363435399484,0.004464194837964897,0.00664414019345827,0.007936802164451251
2105,0.014270627259753949,0.0003828108805243214,0.0024642850705498824,0.005020275096939816,0.00640325621173993,0.021678623046449942,0.026825091396222325,0.17268232332713673,0.3517907801500783,0.4487018051265627,0.004498790705426359,0.0066953663298647825,0.008010252553802388
2106,0.01429775556828052,0.00038270642700209744,0.0024644211787301505,0.005021912142881503,0.006428715819666768,0.02176308430792828,0.02676688835352097,0.17236419848982823,0.3512377952538637,0.44963111790278704,0.0045324846252441375,0.006745841946184328,0.008084759385994289
2107,0.014419395828533847,0.00038500942775924265,0.0025021457684108127,0.005077349935874283,0.006454890696489509,0.02196361723644012,0.02670080163812176,0.17352639445956794,0.3521194643833107,0.4476533395189996,0.004566000325240793,0.006794806843203105,0.008157031754876698
2108,0.014450267895099372,0.00038505858999871717,0.0025032832520682736,0.00508152363956246,0.00648040241346992,0.022044392273300534,0.026647159263345214,0.173234383628087,0.35165601609959046,0.44846244100897725,0.00459715010568118,0.006843054078061073,0.008232489097935058
2109,0.014476593887003935,0.00038520590729771505,0.002511479189623998,0.0050931621625512295,0.006486746627530991,0.022129776499989717,0.026608877081474653,0.17348550420265826,0.3518204767161087,0.4480851419997583,0.004628597954564384,0.0068897012581317085,0.008306923486571804
2110,0.014498988200590888,0.00038496602271529724,0.0025139854525880793,0.005098322053734536,0.006501714671552976,0.022205148269587062,0.026551233602604658,0.17339040613093434,0.35163295418964197,0.44842540607681897,0.0046637929672783685,0.0069383161959706285,0.008379468745630447
2111,0.014628242585749943,0.0003868816733781542,0.0025422680400843164,0.005161818773137947,0.006537274099149526,0.022413015994281308,0.026447583919276384,0.17379176105275004,0.3528666374569367,0.44689401757103697,0.004694322346736612,0.006985365547947708,0.008454038613820103
2112,0.014644259595017094,0.0003868825689636167,0.002541262603265363,0.005163069207731888,0.0065530452150562276,0.02247758671692223,0.02641871830073667,0.17353302068819249,0.35256608053361005,0.44748218047746086,0.0047244303062825566,0.007030913299828967,0.008525009905781644
2113,0.01465673132745779,0.00038758509083870686,0.00254446041783522,0.005165208445465883,0.006559477373317978,0.0225447056237012,0.026444169725115204,0.1736035382642548,0.35241203035423235,0.44754026165639754,0.004755408887959334,0.007075485021971417,0.00859674429949564
2114,0.01466445588010294,0.0003878241075729785,0.002547184370618148,0.005170418176236147,0.006559029225675667,0.02260578019086613,0.02644653921999158,0.17369784405531366,0.35258165857019524,0.4472739581544995,0.004788005280431662,0.007119000915821516,0.008668722824353381
2115,0.014690222432421057,0.0003877812395325845,0.0025530423243462484,0.0051745061890819035,0.006574892679460319,0.02268390947932154,0.02639723403212454,0.1737919446823167,0.3522415138971525,0.44756930738840617,0.00482166815206142,0.00716467112420105,0.008740773927200962
2116,0.014726683273636191,0.0003884360203155142,0.0025654538431976897,0.005188585992020138,0.006584207418102848,0.02277967112908355,0.026376341033346934,0.17420445564890927,0.3523254962173852,0.4470937071003585,0.004850062970945146,0.007208743624673275,0.008810447095527252
2117,0.01473352842625417,0.00038805500515959475,0.0025650272405604974,0.005191498516286826,0.006588947664247251,0.022833505442979834,0.026338226250550174,0.1740945662404797,0.3523594868854307,0.4472077206235394,0.004878561235415191,0.007252620457791181,0.008880633172594798
2118,0.014724510640387965,0.00038788741202787797,0.002563568465838649,0.005188656405635514,0.006584398356885923,0.022874151663263332,0.026342974751496245,0.17410211642667558,0.35238226467122863,0.4471726441505995,0.004907368190366412,0.007296155883295796,0.008949318490778069
2119,0.014717432371877393,0.0003877062673703663,0.002562073460036045,0.005185765986372895,0.006581886658098088,0.022916199136903417,0.026343336091097628,0.17408426927320209,0.35235534673032004,0.44721704790538036,0.0049380211350609216,0.007340531265413119,0.009017328406798697
2120,0.014761646125154643,0.0003875917545716587,0.0025629115257408052,0.005190938376523256,0.006620204468318922,0.02299199027712382,0.02625667566377854,0.17361962913969772,0.35165037371256425,0.4484733214839594,0.0049678548441676185,0.007384464760320952,0.009089130924138544
2121,0.01476446851593086,0.0003872517392815499,0.0025621648309196543,0.005191338330238018,0.0066237136154916375,0.023044476899814603,0.026228627116763825,0.17353586606623048,0.35161024080457515,0.4486252660124305,0.004998343427232044,0.007426279935032198,0.009157584602832003
2122,0.014816254923438181,0.0003866591804521551,0.0025694352158845478,0.005210638144607559,0.006649522382493921,0.023154181078248414,0.026096957864871092,0.17342001937479476,0.35168388850847376,0.44879913425186047,0.005024373112661351,0.007469776284153795,0.009227859077867606
2123,0.014888262015533938,0.00038721257768716135,0.0025701238922274817,0.005216177478073957,0.0067147480675453395,0.023220929687516326,0.026007909941614143,0.17262752963011374,0.3503550295280647,0.4510095309002075,0.005050659041060612,0.007510501834417482,0.009298054238826126
2124,0.014906995724092296,0.0003888965126130317,0.0025670753761679894,0.0052152677978600575,0.006735756037451219,0.023283052934966037,0.026088188378863442,0.1722060852287728,0.34985371260496695,0.4518520137873969,0.005075000887927672,0.007551518302392424,0.009365670909716073
2125,0.014927019712590958,0.0003908883374851264,0.0025654915772657465,0.0052127029267048835,0.006757936871135201,0.02334437683881177,0.02618662968304461,0.17186897496368625,0.3492125706987553,0.45273182465451384,0.005100312029682641,0.0075923916665203706,0.009433744582594272
2126,0.01492762914033103,0.00039055714771798306,0.002564539899203917,0.005210541080949404,0.006761991012459727,0.023391910835915474,0.026163374240239345,0.17179820553520575,0.3490534921497827,0.45298492807477236,0.005127013131613012,0.0076318047594838845,0.00950012902603703
2127,0.014920163067731215,0.0003904512112394913,0.0025629945595099664,0.005207669877437256,0.0067590474195445005,0.02343099336717214,0.026169366210476944,0.17178059970759418,0.3490357212449115,0.4530143128370173,0.0051554422501851604,0.007671665968871366,0.009569657689610267
2128,0.015089305149316343,0.00039496930860406787,0.002609637086074626,0.005282532657969451,0.006802166096668198,0.023653331688386754,0.02617544709286782,0.17294614034582378,0.3500845536422059,0.45079385891910245,0.0051801323549511835,0.007711645368402742,0.009639072340632993
2129,0.015086977935398524,0.0003948803036062465,0.0026089917351069416,0.00528154584023717,0.0068015600564481655,0.02369331636744042,0.02617358527977563,0.1729300424696369,0.3500731467131729,0.45082322553741455,0.005204494403727722,0.007751345704775758,0.009705484083809779
2130,0.015371107980123661,0.00041389844171337947,0.0026479632514383694,0.0053948383373676806,0.006914407949604231,0.024069864456743483,0.02692704014886828,0.1722688601799196,0.3509726393402305,0.4498314603309816,0.0052294021419356795,0.007790144853260017,0.009776042176838473
2131,0.015373351489017684,0.00041391038862258233,0.0026484573736826446,0.005393699929407539,0.006917283797304917,0.024116527377957858,0.026923887671355784,0.1722758616151223,0.35084736944059697,0.4499528812729249,0.005254990969284279,0.007828901019564682,0.009845171600318281
2132,0.015391388649969629,0.0004173713292210183,0.0026554477137137366,0.0053944570046119515,0.006924112602422924,0.024184962129558372,0.02711719772093741,0.17252814376297207,0.35048539980975635,0.44986925870633426,0.005279742499197937,0.007867048415107547,0.00991216501770964
2133,0.015394141198978901,0.00041781227994660674,0.002659945408296019,0.00539455259581562,0.006921830914920655,0.02423405416162612,0.02714099309250979,0.17278946411589716,0.35042894086052967,0.4496406019310634,0.0053035629589430755,0.00790646501422998,0.009978261761887097
2134,0.015445337530454588,0.00041777381333583366,0.0026640430873931488,0.005402479605815888,0.006961041023909717,0.02432884892764495,0.027048538920698983,0.17248202456827375,0.3497806114734277,0.4506888250375995,0.005326333197558597,0.007942824554959316,0.010046496338702582
2135,0.015470349739418184,0.0004186316233401959,0.0026721244961660944,0.005412418853471031,0.006967174766440862,0.024404726295959255,0.027060255934197128,0.17272553892932152,0.3498575626690767,0.45035664246740464,0.005350403283927108,0.007984470203894034,0.010115352424890034
2136,0.015466540091224529,0.0004183443258700746,0.0026726408017042295,0.005411136734869951,0.006964418228780274,0.024446034292904633,0.02704834587455255,0.17280146599953816,0.34986084172375076,0.4502893464021585,0.005371561603368491,0.00802239838293417,0.010177932789446231
2137,0.015481900998153785,0.0004182739504047992,0.0026756145791538752,0.005419477166746311,0.0069685353018488,0.024509844774539356,0.027016963256300267,0.17282209590882552,0.3500524365446196,0.4501085042902546,0.0053933492875444244,0.008060560198089206,0.010243923937025556
2138,0.015566091788987414,0.00043064168883970413,0.002719363345925881,0.005418281603245101,0.006997805150976726,0.02465497367188256,0.02766537000278846,0.17469788709904413,0.348082336703063,0.44955440619510434,0.005416443582703323,0.008097411045071112,0.010312348475395083
2139,0.015568499762130393,0.0004307523181446563,0.0027193623395869943,0.005418121848981032,0.007000263255417711,0.024701488693379046,0.02766819698275874,0.17467080201277382,0.3480182375799848,0.44964276342448267,0.005437672867913079,0.008136579982675585,0.010377200512380114
2140,0.01558391270463022,0.0004304241591262867,0.0027181288179387963,0.0054164254580683835,0.007018934269496753,0.02475345299280548,0.027619774782131644,0.1744188939874643,0.34756518216757465,0.4503961490628294,0.005458458606597105,0.00817446843370817,0.010444320462028145
2141,0.01563711447729487,0.0004311191605397837,0.0027299981316850326,0.0054244963751109735,0.007051500809959081,0.02485328559791479,0.0275702503275633,0.17458452041449185,0.34689880815206386,0.450946421105881,0.0054833611276592364,0.008212700273020346,0.010508204461388004
2142,0.015650476759424874,0.0004307186651017129,0.0027333090959621286,0.005432018844334087,0.007054430154026943,0.024912878699463348,0.027521121031813287,0.17464701797765378,0.34708328237111824,0.45074857861941453,0.005501801343427815,0.008250394956178297,0.010573200144989414
2143,0.015676087157546387,0.00043099206005338,0.002733775842539918,0.005434183773477224,0.007077135481475866,0.02497869928236395,0.027493599373482856,0.17439146740287753,0.34665434804381245,0.4514605851798272,0.005522232907878788,0.00828552704933827,0.010638175666713323
2144,0.01568233412326085,0.0004320740039316997,0.0027371676881166648,0.005448757118936055,0.007064335312276428,0.025028936009852468,0.027551638712430264,0.17453828407193264,0.3474455445286156,0.45046453268702147,0.0055425061307801116,0.008322988638468587,0.010702864805637091
2145,0.01582730467924324,0.00043240808604760986,0.0027517322628758892,0.005475799313015861,0.007167365017303879,0.025154210682182005,0.027320386813219855,0.17385981496171335,0.34597168778820014,0.4528481104368667,0.005561272581985577,0.00836059061438732,0.010765960320952672
2146,0.015874146030988606,0.00043411809451769716,0.0027611246734600492,0.005473732529222593,0.007205170733788267,0.025228180110143623,0.027347492814431495,0.17393847001721785,0.34482059813089055,0.4538934390374601,0.0055821468159535925,0.008395239746846528,0.010828638041886052
2147,0.016031661306603395,0.000447716017649768,0.002782521320803266,0.0055155634640426535,0.007285860504107706,0.025455390671942395,0.027926988294429293,0.17356412835749926,0.34404191546703955,0.45446696788103186,0.00560266780217944,0.008430885498711405,0.010894271492446705
2148,0.01606832509255672,0.000447913125193456,0.0027933766650451476,0.005516546237109235,0.00731048906520888,0.025514108740415042,0.02787553292663598,0.17384367374662557,0.34331806241987517,0.4549627309068631,0.005621174490897829,0.008465224235266078,0.010957869205071802
2149,0.016113850242182867,0.0004481631183012171,0.0028024148478653656,0.005537877299142917,0.007325394976873365,0.02560221782736682,0.027812292628115336,0.1739134226610347,0.3436718857325515,0.45460239897829835,0.005640187333227686,0.00849842961585523,0.01102066053897488
2150,0.01614291121248486,0.00045034778425965394,0.002805732308902285,0.005547875705931201,0.007338955413391718,0.02567700721395619,0.027897556911008523,0.17380584406190275,0.34367256518393646,0.4546240338431522,0.005660483492846424,0.008534051942234555,0.011084249575077365
2151,0.016173529769438,0.0004509080501470282,0.0028118919726772278,0.005554296355212188,0.007356433391401555,0.025751318180505755,0.027879384189781378,0.17385765585881358,0.3434189341715473,0.45484402577985783,0.005676972504346622,0.008568628282120017,0.011148394189405053
2152,0.01620340040382086,0.00045214484642271455,0.0028342315576407313,0.005561901131062941,0.007355122868694469,0.025828484134393124,0.02790431854761153,0.17491585019230918,0.34325518054540033,0.45392465071467886,0.005693387178666853,0.008602582682811999,0.011208898290647085
2153,0.016294373337114518,0.0004524930372130922,0.002838874656413579,0.005562793101517943,0.007440212541969905,0.02590195442151028,0.027769895033792184,0.1742242305168822,0.34139349740117275,0.45661237704815294,0.005712801625321617,0.008635731251473544,0.011270006499927376
2154,0.016350374653136136,0.00045615278013903327,0.002835675389485978,0.005568203399380508,0.007490343084130617,0.02600151385131453,0.02789861332330629,0.17343182952337255,0.34055509537284395,0.4581144617804772,0.005729281675570519,0.008669619024431086,0.01133326658344913
2155,0.016365889121082815,0.0004568900075928318,0.00283946469519184,0.005576552455687889,0.0074929819626102555,0.026061722346043686,0.027917212698469182,0.17349895714092267,0.3407424072367739,0.4578414229238343,0.00574565546618544,0.00870293350314455,0.011396385841635492
2156,0.01636973666868257,0.0004575740170743452,0.0028408253875975248,0.005577782552810665,0.007493554711200038,0.026107441170456682,0.027952436030919403,0.17354130033333964,0.3407374636320013,0.4577688000037398,0.005762990225036901,0.00873573458318333,0.011458711039409764
2157,0.016359607910521448,0.00045738069930632765,0.0028392714447586427,0.005574709914563324,0.0074882458518931525,0.026137014162733306,0.02795792550823726,0.17355375876292278,0.3407606065532921,0.4577277091755478,0.005780555272821175,0.008770022986539061,0.011520753572256126
2158,0.016350675316883723,0.00045721386667497147,0.002837614904185896,0.005571611871884039,0.007484234674138816,0.026167832537551363,0.027962995889402317,0.17354726023186162,0.34075729374497377,0.4577324501337623,0.005797187095737399,0.008803072997409345,0.011579649588526308
2159,0.016347525828229424,0.00045742653606035613,0.002835756956973438,0.005569507496364544,0.007484834838831085,0.02620501109059652,0.02798139246677057,0.17346704246073516,0.3406942160474793,0.4578573490250149,0.005812398938843444,0.008836227598720825,0.011640769383575389
2160,0.01636213597714221,0.00045793308011308364,0.002848217868440392,0.00556978684989224,0.0074861981786964946,0.026263980159674395,0.02798736550978509,0.17407371949599568,0.3404070750709561,0.45753183992326313,0.005829172238577485,0.008868537772542595,0.011698846764033988
2161,0.016430387403539776,0.0004594272116210141,0.0028545233652941876,0.005572684054936168,0.007543752771688403,0.026370480186157626,0.02796204376301162,0.17373439196444065,0.3391693645480072,0.45913419972454034,0.005846625563521002,0.008900648666781308,0.011760830579589765
2162,0.01644920260394406,0.00046009951596834916,0.0028537134234175297,0.005574824903443921,0.00756056476111426,0.026430306055099714,0.027970931299613887,0.17348642922869031,0.3389115592817389,0.45963108018995685,0.00586274257946684,0.008931966030047533,0.011818584651706487
2163,0.016484452662538843,0.0004612853173802572,0.002851884172816734,0.00557387037721733,0.007597412795124522,0.02649890142129215,0.02798305329412209,0.17300448071883404,0.33812893223225005,0.46088353375479385,0.005878526320088895,0.008964144367269,0.011880338436725424
2164,0.016568748647044558,0.0004668310635072553,0.0028616372649349726,0.005610297546899008,0.007629982771703322,0.026638528297843,0.02817539655238394,0.17271293842974772,0.3386071975869911,0.46050446743087725,0.00589501311739582,0.008995929389357116,0.011942759485009447
2165,0.01656307800369602,0.00046681181092163385,0.0028600872696105508,0.00560791061348244,0.007628268309681395,0.026670217702099368,0.028183880485104618,0.17267848819961648,0.3385790136489754,0.46055861766630335,0.005910997381448624,0.009025313803192603,0.012003590061254954
2166,0.01656197044707221,0.0004666880996985037,0.002859786351880698,0.005603890260396946,0.007631605735096064,0.02670200629122177,0.02817829564362034,0.1726718666127221,0.338358909545548,0.4607909281981096,0.005927502587752542,0.009055832151943832,0.012062573666867138
2167,0.016557171447549146,0.0004663743783352702,0.0028585317650266207,0.005600638750250101,0.007631626553937152,0.026734734934991847,0.028167515195012652,0.1726461415273773,0.3382606001267885,0.46092574315082147,0.0059437862294373645,0.009086108530993897,0.012124875205984154
2168,0.016582488827680972,0.00046683556586184515,0.0028597866525241684,0.005597705595691732,0.007658161013603226,0.02679390548612543,0.028152322049664915,0.17245822881245407,0.33756727677377,0.461822172364111,0.005956740159774654,0.009117680994194188,0.012187455063497055
2169,0.016663015805576314,0.000473825276690655,0.002870744823022617,0.005633993480037724,0.007684452225825319,0.026930250925098008,0.028435745498848315,0.1722824281341626,0.33811367316547203,0.46116815320151716,0.005972978136441043,0.009146868452802437,0.01225366755096502
2170,0.016693244805576754,0.00047587426302719604,0.002873163547198063,0.005643432769547765,0.007700774225803729,0.0270015484773533,0.028506996007643736,0.17211534250298768,0.33806685490303534,0.46131080658633317,0.005989124948882818,0.009176743675595844,0.012312988156082838
2171,0.01677970048398432,0.0004841583640926906,0.002884613113793534,0.00568561567040619,0.007725313335691904,0.027144982613582055,0.02885381443815425,0.1719108822321831,0.3388389247968357,0.46039637853282694,0.0060053327658806666,0.009206260662807608,0.012373864121997258
2172,0.016794696589413193,0.0004845809193637978,0.002882693640418678,0.005684996576075121,0.0077424254535555966,0.027192801821328952,0.028853210701600955,0.17164309132180633,0.33849951059304934,0.4610041873835434,0.006018114813258535,0.009234071126854815,0.012435284416312697
2173,0.01681088915368834,0.000485416701268894,0.0028802305343093343,0.0056849921525086704,0.007760249765601439,0.02724324308945223,0.028875135445312998,0.17133124298053007,0.33817319836775994,0.46162042320639696,0.006033441440507659,0.009263054333729315,0.012499416687859366
2174,0.016823331106743042,0.0004854692914450084,0.0028861399597126546,0.005690630233367438,0.007761091622217943,0.02729726131070057,0.02885690642148897,0.17155579601924656,0.33825823181275605,0.46132906574650856,0.006047617022403529,0.009292217060874464,0.01256032803254925
2175,0.01681306940063286,0.00048524012915922776,0.0028846145352323087,0.005687609079714132,0.007755605656527193,0.02732412568386244,0.02886088896658946,0.17156977506580262,0.3382849939048039,0.4612843420628041,0.006061752784972896,0.009319794484497379,0.012624149892417336
2176,0.01680385525742398,0.0004849838535680285,0.0028831035630632355,0.0056843739349172655,0.0077513939058754516,0.027351746500157093,0.02886146340458161,0.17157393460583836,0.338277963469478,0.461286638520102,0.006073893797108099,0.009348208416440684,0.01267753331327981
2177,0.016883770199897986,0.0004916872653711662,0.0029260466134271197,0.005692261469676305,0.007773774851423395,0.027486836672079632,0.029121888035063225,0.17330528541811113,0.3371439792346083,0.46042884731221734,0.006084187391195428,0.009378566042443026,0.012742151970002169
2178,0.016998151276208073,0.0004954225951706758,0.002948193630594524,0.0056936463669681045,0.00786088868347477,0.027634336379118947,0.029145675145514652,0.17344201629273906,0.3349568005632102,0.46245550799853613,0.006097038060772775,0.009403985955856342,0.012807588207493836
2179,0.017262793413406814,0.0005068620407791632,0.002992169642362923,0.005814959413106635,0.007948802317158091,0.027775600853324,0.029361530816068192,0.17333055958597712,0.3368492731072457,0.46045863649070884,0.0061100174555264175,0.009432829024802913,0.012866279771373001
2180,0.017289180095967104,0.0005132313157995666,0.0029879411866326287,0.005821326111930148,0.007966681481604761,0.027841356751584743,0.02968511594828511,0.17282145075980784,0.3367034225809261,0.46079001071098097,0.0061242979062114955,0.009459185716735874,0.01292846815843518
2181,0.017311897987612093,0.0005180207970264862,0.0029936162186190002,0.0058291645202370405,0.007971096451729566,0.02790732110030037,0.029922819404155875,0.17292247336260574,0.3367143524302319,0.4604403548030065,0.006135769866290275,0.009487970199700158,0.012989328997178973
2182,0.01735889570338562,0.0005217167028903971,0.0030018616851838916,0.005838027109967631,0.007997290205343701,0.02800049064810271,0.030054717293372717,0.17292930013966376,0.33631327762566154,0.46070270494130205,0.0061483709977778744,0.009515952535963379,0.013050128528419691
2183,0.017373888663389025,0.0005220268425002596,0.0030006302853605926,0.005839104702658344,0.008012126832869828,0.028047363261772196,0.030046632196987434,0.17270919271421628,0.336085076622066,0.4611590984667303,0.006161698377454172,0.009547102569882782,0.013116663639095805
2184,0.01738793542590574,0.0005256367990721018,0.0030103741539466797,0.005834542623212385,0.008017381849674573,0.028102097962367005,0.030229971885504702,0.17313005139538404,0.3355512014680985,0.4610887752510126,0.006171201211657262,0.009574009624827795,0.013179417061678578
2185,0.01757701271834267,0.0005295706974565454,0.003028852265515284,0.005880469597320492,0.00813812015805035,0.028294259641172423,0.030128594997482508,0.17231894372782097,0.33455455096666503,0.46299791030803156,0.0061851557478007635,0.00960177390547301,0.01324970420205318
2186,0.017741635567417428,0.000551442364182468,0.003056736449907482,0.005940984330596498,0.00819247242273098,0.02852091102650445,0.031081822309279857,0.17229169420665977,0.33486114107242376,0.46176534241163664,0.006197493254319397,0.009629773438831535,0.013323510915654424
2187,0.01782241839861113,0.0005886121033253449,0.0030766925300318784,0.00594095900092723,0.008216154764326675,0.028655351146003837,0.033026500116909746,0.172630473666337,0.33334191062365576,0.46100111559309737,0.0062113608832135014,0.009656060665633959,0.01339178544412789
2188,0.017838641887274777,0.0005900055738385621,0.0030739287085638817,0.005939794435566885,0.00823491316930545,0.028703910482931364,0.03307457919537268,0.17231853904509814,0.3329734669882042,0.4616334147713251,0.0062274041215459874,0.009683405009468515,0.013454094961559804
2189,0.017867042177027524,0.0005892820195381275,0.0030758944978111716,0.0059465004556749105,0.008255365204003313,0.028768252328165184,0.03298150940147186,0.17215465589295972,0.332819523050133,0.4620443116554353,0.006239334615543157,0.009713229917963417,0.013521454723559145
2190,0.01786153631496045,0.0005890010444524324,0.003074184580415324,0.005943552632604679,0.008254798057488013,0.028798078129310855,0.03297594529755525,0.1721119911639656,0.332757077991465,0.462154985547014,0.006251970184592892,0.009742044313384213,0.013580537530344827
2191,0.017871497432259544,0.0005886890033811148,0.0030780972278636512,0.005949103500551218,0.00825560770046356,0.02883262308743199,0.032940105081428826,0.1722349925925865,0.33288220660304546,0.4619426957229392,0.00626331845205641,0.009767088372996113,0.01364418798641509
2192,0.017864129489324112,0.000588383332424089,0.0030763740128428446,0.00594618132434849,0.008253190819708689,0.02886123931708744,0.03293658013259007,0.17220956748445732,0.33285592381660817,0.4619979285663445,0.006277609456816435,0.009795802978430856,0.013710460855008932
2193,0.017885013421495975,0.0005900067526250382,0.003073181330046229,0.005947726651764318,0.008274098687060392,0.02891722882178824,0.03298889068296196,0.17182997058042887,0.3325536588424224,0.4626274798941869,0.006287464203126092,0.009823376708482101,0.013773183825264823
2194,0.017874309621966136,0.0005896997527051234,0.0030714784840517213,0.005944492288383453,0.008268639096825837,0.028942510146347123,0.03299147017015014,0.17183760094863262,0.33257185391250776,0.46259907496870944,0.006302876789220591,0.00985031067671116,0.013840401626879384
2195,0.01791293893218334,0.0005902541361790674,0.003070338729327804,0.005945417514741129,0.008306928551935343,0.028981962149669093,0.03295127273161108,0.1714034051560054,0.3319063129311112,0.4637390091812724,0.006313040741844134,0.0098747447458436,0.013905338546805979
2196,0.017953519560486096,0.0005982404832402128,0.0030702957983061397,0.005951779984326654,0.008333203294613092,0.029066414828022816,0.03332162706174228,0.17101358805788444,0.3315104854106672,0.4641542994697062,0.006324555690071065,0.009904805947201112,0.013978540180886512
2197,0.01795904007568666,0.0005989160595495394,0.0030679118290109866,0.005950172236023614,0.008342039951102519,0.029105516709136206,0.033349001785477665,0.17082827456710187,0.33131905775293,0.4645036658944903,0.0063374250183585445,0.009932171908587861,0.014044893902166677
2198,0.017966276955972957,0.0005993783643276702,0.00306722944712353,0.005948542143573434,0.008351127000948321,0.029150779981552494,0.03336130049628365,0.17072148306740967,0.33109487058173276,0.4648223458545738,0.006346884289456511,0.009959493702837108,0.014111338819219554
2199,0.017957037260073,0.0005990446922113485,0.003065517442243255,0.005945321737388984,0.008347153388229412,0.029177265066635216,0.03335988468116111,0.17071398793938866,0.3310858941418054,0.46484023323764484,0.006357816367824398,0.009986431769732462,0.014177683037075894
2200,0.018101862779372487,0.000626334802233773,0.003097010546318535,0.006008227703582905,0.008370289727237273,0.02937439040010252,0.03460057176808879,0.17108794736018296,0.33191212290203786,0.4623993579696904,0.006369811556709237,0.010013959075479306,0.014254051658951994
2201,0.01811186124846427,0.0006261303239816803,0.0030957312691057876,0.006007464476965043,0.008382535178411761,0.0294168239115023,0.03457018113115077,0.17092286798344808,0.3316867545832389,0.46282019630216237,0.006381510004075608,0.010042245790060633,0.014318106072551018
2202,0.018108101772293137,0.0006260778668383595,0.0030945510117510234,0.006004444083857524,0.00838302880984623,0.029449985636801394,0.03457446145991455,0.17089317536783105,0.3315888191574453,0.4629435440148091,0.006392719054957752,0.010067012994511515,0.014403965727183277
2203,0.018186928196461692,0.0006507280859965772,0.0031294139958684517,0.005997845537716429,0.008408940576880233,0.02958284504942545,0.03577998873516077,0.17206940952663388,0.32978881716173064,0.46236178457647464,0.006403027434942032,0.010094002558872717,0.014484710889462349
2204,0.018220845762361076,0.000650992902074634,0.0031308487547961343,0.0060021212556279615,0.008436882849862345,0.029642154581415225,0.035727919031036115,0.1718278501244739,0.3294095858067458,0.4630346450377441,0.006412099350598055,0.010119084128291433,0.014560979733204249
2205,0.018268987941694508,0.0006570307823687042,0.0031416752313044136,0.005987347545141224,0.008482934382880166,0.029726082567764038,0.035964268215930656,0.17196766680951747,0.32773285330582347,0.46433521166872843,0.006422201134000716,0.01014421516248376,0.014648054086649154
2206,0.01828239415757496,0.0006581502942547509,0.0031519613849104356,0.005974423774747754,0.008497858703662022,0.029779424750653052,0.03599913056146746,0.17240419158146641,0.3267856344882689,0.4648110433687973,0.006431229093067259,0.010168159069166904,0.014735986791265532
2207,0.01827129554791352,0.0006577682775885246,0.0031502965717488127,0.005971065312937537,0.008492165385638647,0.02980422095538812,0.03600008964135212,0.1724177994651594,0.326800324436731,0.4647817864567576,0.006440736991550011,0.010192802169484594,0.014818294617725769
2208,0.018284046281259354,0.0006655488761292304,0.0031557368677655132,0.005969235919873908,0.008493524617490701,0.029857620824520165,0.03640052458253728,0.17259510390761026,0.32647236984912964,0.4645320016607227,0.006451303803544306,0.010218616056732799,0.01490498152827513
2209,0.018472215260175562,0.0006721874159901722,0.0031740151048999013,0.006018822748116877,0.008607189991168612,0.030018720887014058,0.03638910691125108,0.17182644637878344,0.32583112871648473,0.4659533179934808,0.006460637026862059,0.010245970281062,0.015001922490682773
2210,0.018549741065835644,0.0006739557124057562,0.003180658173406483,0.006017469327267721,0.008677657852755682,0.030078358721110195,0.036332351487483976,0.171466445926004,0.3243964056377323,0.46780479694877963,0.0064705372884077406,0.010272024039352345,0.015083595404121297
2211,0.018539012539974753,0.0006737250375062651,0.003178761134315672,0.0060141959105752905,0.008672330457577523,0.0301045083026598,0.036340934343376985,0.171463346683728,0.32440756472909105,0.4677881542438038,0.006478877024903795,0.010294628579515575,0.015178948200343712
2212,0.018554815735532762,0.0006759072497545792,0.0031880389689801255,0.006001819647243265,0.00868904986955479,0.030160150681628552,0.036427591596083934,0.1718173338081165,0.3234642549292304,0.46829081966656905,0.006489625102119589,0.010321541409325619,0.015266158652877948
2213,0.018807058697702397,0.0006834430476502059,0.003241798385124841,0.006113844188341462,0.008767973076585889,0.03030768325150193,0.03633970939505283,0.17237136530662725,0.32508242179774616,0.46620650350057374,0.006499728175185737,0.01034831169562267,0.015357245001183628
2214,0.018869597615258214,0.0006889444821115786,0.003263270848807471,0.006107446611949853,0.00880993567238931,0.03041139962022558,0.03651082000574769,0.17293801994848823,0.32366596980379103,0.46688519024197295,0.006510153877570701,0.010378415240552386,0.015448896900238651
2215,0.018932855608861467,0.0006924427505884612,0.003259449539519155,0.006112601463175086,0.008868361855578764,0.030488443760601173,0.036573603311291586,0.17215836886188363,0.3228568151290448,0.4684112126977799,0.006517512485004318,0.010404416848984965,0.015538080942633314
2216,0.019023059489812658,0.000703670634617733,0.0032629724794994456,0.006152875418689291,0.008903540957006186,0.030630280057516456,0.03699040288417155,0.1715272183870766,0.3234429993758005,0.46803937935295126,0.0065258895120052784,0.010431048949044452,0.015635373688439813
2217,0.0190744836848621,0.0007069966931178256,0.003298225776628931,0.006150756946740041,0.008918504268375302,0.030729151445507256,0.03706505008462759,0.1729129779406019,0.3224599443088154,0.46756202766595506,0.0065350075724381895,0.010454697271029545,0.015727346178664448
2218,0.019251257120400093,0.0007388076057562747,0.003355839484201871,0.006192629281329228,0.008963980749112721,0.03098071509514335,0.038377109667990364,0.17431794002926534,0.32167402069379913,0.4656309296089452,0.006543158471657762,0.010481738392115858,0.015842090254125196
2219,0.019243704842451186,0.0007386454795743225,0.0033551485731317054,0.00619019534333404,0.008959715446411118,0.031008303087561733,0.038383746041712664,0.17435044865842683,0.321673783401552,0.4655920218983085,0.006552775384250253,0.010507391798682875,0.0159362878155207
2220,0.019235504133447462,0.0007381794940666486,0.0033541346729010677,0.006185985625380423,0.00895720434109932,0.031035737679874262,0.038375884975277184,0.1743720699822348,0.32159207174736765,0.46565997329512027,0.00655844915564785,0.010534381932501446,0.01603020673917399
2221,0.01926304132301794,0.0007388950637485212,0.0033551741912965114,0.006195992283930225,0.008972979784042684,0.03110244738849968,0.038358172593732386,0.17417676342142926,0.3216518191510321,0.4658132448338063,0.006567448266366682,0.010558314823640558,0.016143164995469306
2222,0.01930033796190029,0.000740970103690017,0.0033590726559241447,0.0062035143048388645,0.008996780897447262,0.031183808412637765,0.03839156107798342,0.17404216768406341,0.3214199832710118,0.46614628796694135,0.006576439084142294,0.010585678187226222,0.01625312165839432
2223,0.019345288999093532,0.0007432174616554435,0.0033556708529867084,0.006207233267180731,0.009039167417270651,0.03126545011832713,0.03841852461807464,0.17346191380981416,0.32086536765987755,0.4672541939122337,0.006585347554903365,0.010610738519801544,0.016358781939914024
2224,0.019339025771064576,0.0007434676789412375,0.003353790551831148,0.006207294541190148,0.009034472999102044,0.0312960262668497,0.03844390548636779,0.17342086367396822,0.3209724530424703,0.46716277779719373,0.006597437840468956,0.010640056373688367,0.016470943042179442
2225,0.01936001030698488,0.0007429887228335167,0.0033533688150637017,0.006206350123415253,0.009057302645672406,0.031352093567795836,0.038377496243659256,0.17321110691009514,0.32057576545690525,0.46783563138934026,0.006605398471378976,0.01066329341091432,0.016586678656608456
2226,0.01944688580021054,0.0007495924556036498,0.0034041473469767587,0.006210906480442291,0.00908223951718784,0.031497644113371435,0.03854562953187777,0.17504845670147884,0.3193779479270172,0.4670279658396262,0.0066128613488558585,0.010691977909857542,0.016722898636430727
2227,0.019452169297356936,0.0007512109775783005,0.0034010265596708914,0.006209080033373793,0.00909085172673395,0.03153631186865508,0.03861836518564391,0.1748404770532717,0.31919730588698153,0.46734385187410277,0.0066201865672042,0.010719423266948525,0.016825671533354125
2228,0.019585512058933024,0.0007530332079464198,0.0034090410164683074,0.006233712639182273,0.009189725195336026,0.0316717174660256,0.038448482004480374,0.17405932539371272,0.31828183099961654,0.4692103616021905,0.006625992863320107,0.010743525766457651,0.016954165263939558
2229,0.019576594564719812,0.0007525637188441318,0.003407687197505055,0.006230600792957931,0.009185742855412694,0.031697873028338576,0.03844201382197358,0.17406945759842513,0.3182678566672919,0.4692206719123094,0.006635580220404336,0.01076646931517189,0.01706220166482808
2230,0.019694990634844305,0.0007516496364790781,0.003416181012463383,0.006233915366396318,0.009293244619505526,0.03176316353126763,0.038164508448623596,0.17345431007311515,0.3165228906160178,0.4718582908622435,0.006643406662817597,0.010792964871541244,0.01717992095353793
2231,0.019819751188554304,0.0007641661405798166,0.003422630951682078,0.006273419598509009,0.0093595344977834,0.03193775303435389,0.03855578878412532,0.1726878869023649,0.31652363033355546,0.4722326939799543,0.006651874239139488,0.010819607510711649,0.017303641803380287
2232,0.019898828074879797,0.0007725089533854747,0.003436700393624815,0.006309744695901775,0.00937987403196773,0.03206229495284911,0.038821831641466714,0.17270868317935226,0.3170912715139829,0.47137821366519805,0.006658764695060881,0.010849384388563976,0.017421853159419243
2233,0.01988767586158102,0.0007720809755632614,0.003435100699797919,0.006306883780463329,0.00937361040575651,0.03208691178061879,0.038822081621652245,0.1727250948630876,0.3171252299343312,0.47132759358092896,0.006664954250595656,0.010875683109475176,0.017531415524615568
2234,0.019976951450421877,0.0007739550821910413,0.003456845182568118,0.00634584840240928,0.009400302783253437,0.032234652874666266,0.03874240191812133,0.17304167711210588,0.31765849850304695,0.47055742246672577,0.006670141121901452,0.010903143614882538,0.017651354381257534
2235,0.019989745440574785,0.0007734168037790951,0.003465163596449232,0.006348460001365329,0.009402705038981128,0.032288099546959964,0.03869067798178306,0.17334705970871006,0.31758583520925443,0.4703764271002524,0.006677744363742022,0.010927856861599139,0.01776773800332876
2236,0.01998109270925778,0.0007730031095793449,0.0034651135190077497,0.006343701687284828,0.009399274393385858,0.03231620698818878,0.038686728540185976,0.17341962070984582,0.3174852236357234,0.47040842711424485,0.0066868516875047135,0.01095263454067208,0.017892385075299444
2237,0.02006076555347395,0.0007765982408926214,0.0034786710225598707,0.006368287673161507,0.00943720861685995,0.03245018597351492,0.03871229334805405,0.17340669344283646,0.3174498827667473,0.4704311304423622,0.006693133358311343,0.01097379505876006,0.01802117259876468
2238,0.02007020286638058,0.0007767433172287203,0.003478304874170129,0.0063704530919643145,0.009444701583017417,0.032482986666760985,0.038701318686211995,0.17330691161057502,0.3174085052540951,0.4705832644491179,0.006703363790563799,0.01099759053647631,0.01813509709728578
2239,0.02005907983785395,0.0007761543954848616,0.0034764292945383825,0.006367017023983905,0.009439479123846801,0.03250809469472157,0.03869341972607152,0.1733095098399246,0.3174132151350513,0.47058385529895264,0.006710735044862304,0.011028468425649862,0.018249861659057842
2240,0.020074744009457454,0.0007757370689598211,0.003482012937784157,0.006358188584475676,0.009458805418237801,0.03255792737043904,0.03864243890703473,0.17345242042158737,0.3167257615579186,0.47117937911345936,0.006715623054446951,0.011054484398499653,0.018362270267118674
2241,0.02008249224357072,0.0007750835011363577,0.0034805816247017404,0.006355771247933299,0.00947105586979932,0.03259936748086161,0.038594985708733216,0.17331422726260612,0.3164831919687687,0.4716075950598919,0.006728705959119452,0.01108442866899395,0.018474059356094585
2242,0.020121408853194352,0.0007752991895997229,0.0034821636454008087,0.006355204523956559,0.009508741494237262,0.032676817770539414,0.038531058896337726,0.17305764575466104,0.3158429198633199,0.47256837548568137,0.006736945863792698,0.011109351851416704,0.01859172632600803
2243,0.0201297232224839,0.0007746851839252743,0.0034844731908271497,0.006362379558369026,0.00950818528936245,0.032725614393723644,0.03848464160997452,0.17310089921828464,0.31606890408023913,0.4723455550915016,0.0067435241484190556,0.011138085513550777,0.018716935393626954
2244,0.020178350185114775,0.0007788129812894205,0.003500197148358989,0.006383410031941177,0.009515930023525188,0.032822087953930136,0.03859646473297592,0.1734629995142529,0.31634945242699325,0.47159108332577787,0.0067495489278144305,0.011164043753865371,0.018853795045401966
2245,0.020177061193502824,0.0007789685101350887,0.0034989089578830374,0.006382387926948663,0.009516795798536036,0.03285827985375031,0.03860663863109672,0.17341023672018768,0.3163190053169806,0.471664119331735,0.00675840084926449,0.011191106742728607,0.01897295465772686
2246,0.02021078596909576,0.000782667960128891,0.0035003078997191133,0.006399564157258361,0.009528245951989395,0.03293487502261294,0.03872526092382878,0.17319009290739218,0.31664103350774736,0.47144361266103163,0.00676649233128046,0.011218016463260483,0.019093589479041384
2247,0.020201888360441567,0.0007821069743045563,0.003500222504252016,0.006397114031677051,0.009522444850207942,0.03296021302130613,0.03871454788533745,0.17326214469663118,0.3166592111361032,0.47136409628192816,0.00677335286923153,0.011242193334567219,0.01921279592005476
2248,0.020206134836825,0.0007854848643504196,0.003494769662638258,0.006395378180539935,0.009530502129296388,0.03299857525189524,0.03887358323071763,0.1729558716132666,0.3165067556059546,0.4716637895500613,0.006776374290041076,0.011265901514377674,0.01932164865604591
2249,0.020193683261191808,0.000784943033639146,0.0034928506743532677,0.006391875703278628,0.009524013849920765,0.03302248387717337,0.03887072127884904,0.1729674883564121,0.3165284718297293,0.4716333185350095,0.006784410870636748,0.011288278029041976,0.01942959945210987
2250,0.020255653267166406,0.0007907109248093288,0.003511926455316172,0.006405068477937594,0.00954794740910331,0.03312722264125469,0.03903655509798043,0.17338006377749676,0.3162114000203563,0.4713719811041664,0.0067907282457895235,0.011314906154780147,0.01956447752081658
2251,0.020369248022652074,0.0007916564134302239,0.0035240275565382455,0.006426046713021881,0.009627517339661724,0.033216201885739434,0.03886527438567417,0.17300724860433103,0.315477856908397,0.4726496201015978,0.00679714992281788,0.011338802134275738,0.01969405173809946
2252,0.02036627322062231,0.0007916657984734948,0.003522499909961669,0.006428649038841426,0.009623458473345716,0.03324387201696589,0.03887141205941775,0.17295751028199335,0.3156517134579123,0.4725193642006764,0.006803583953256975,0.01136420310297126,0.019800906173713884
2253,0.02051809960450751,0.0008110611544696616,0.003532960728674367,0.006464190610992962,0.00970988711037052,0.03341463287020748,0.039529058251159085,0.17218752207920024,0.31504821282634177,0.47323520684329884,0.006813450282209033,0.011386483452326956,0.01993044599771565
2254,0.020653843622357157,0.0008192703911087128,0.0035604622544242156,0.006503832906766494,0.009770278070057732,0.03359840489877168,0.03966672770882595,0.1723873928516687,0.3148969763538973,0.47304890308560793,0.006818996483502815,0.011409490893356633,0.020074233941102193
2255,0.02064319626180156,0.0008187606972457222,0.0035589809080217045,0.006501027623999719,0.009764427032534414,0.033623367068170595,0.039662496391644916,0.1724045473814193,0.3149235002928934,0.4730094559340424,0.006828366300283051,0.011433886604777399,0.020190976138508177
2256,0.02063587404749445,0.0008181504906783364,0.0035592709784909864,0.006499858859394191,0.009758593718930939,0.03364930870585787,0.0396469996277029,0.17247977819108384,0.3149786068879106,0.47289461529330273,0.0068362817311822255,0.0114565026798914,0.020312009908877826
2257,0.020646853686461086,0.0008194917219575388,0.0035595420653046204,0.006508423313428033,0.009759396585770894,0.03370201315372333,0.039690876605325595,0.1724011861254553,0.31522591346185835,0.4726820238073608,0.0068418376411187865,0.011478780565823854,0.020434712741291605
2258,0.02065776927454743,0.000821003635656088,0.0035584831459795864,0.006511240351734761,0.009767042141176994,0.03375052025259672,0.03974309252585428,0.17225882904811105,0.31519571475499547,0.4728023636710392,0.006845405230194501,0.011503724154408701,0.02056385548524986
2259,0.020661730087524477,0.0008220699742851165,0.0035585059364527617,0.006515996050516413,0.009765158126270186,0.033794280893800745,0.039787083211462584,0.17222691039804952,0.31536546179406155,0.4726205445964264,0.0068524303720778335,0.011528657413066412,0.020694047717654485
2260,0.02069598720184187,0.000825386025878098,0.0035532081101596015,0.006517871955379354,0.009799521110424814,0.03386257415977903,0.039881452275185095,0.17168584786539579,0.3149340928660454,0.47349860699337365,0.006861101887807308,0.0115532961668805,0.020813413584562568
2261,0.020708898609167387,0.000825451459079418,0.0035519135770202266,0.006514881803824774,0.009816651769242965,0.03390936729444803,0.03985974699369131,0.17151629567821972,0.31459335075119715,0.4740306065768917,0.006866649965928673,0.011581131443563208,0.020930874190355553
2262,0.02077647568910903,0.0008248513047492533,0.003566877014163717,0.006550000703889212,0.009834746666306848,0.034030948686379285,0.03970121386764542,0.1716786363354909,0.3152604321301088,0.47335971766675494,0.006872917076520935,0.01160477259753634,0.021084945894187967
2263,0.020776311922496345,0.0008242272837755006,0.0035727179564844285,0.006547137017771112,0.009832229664465304,0.03406065237634731,0.03967149159341591,0.17196112427518628,0.31512508294034364,0.4732423011910541,0.006876251771075204,0.011626823859614888,0.021196983987749718
2264,0.020765642284059548,0.0008237684827565129,0.003570762553381244,0.006543654841106627,0.009827456406815161,0.03408575892670248,0.039669781049289636,0.1719553146748699,0.3151193086924054,0.47325559558343494,0.006885005909907704,0.011648915099300439,0.021309115856638527
2265,0.020773631934540855,0.0008228857822431958,0.003577533802053814,0.006541430037652115,0.009831782312591731,0.03413363186114236,0.039612032447487545,0.17221513374872865,0.31489101464128233,0.4732818191625015,0.006891477316031569,0.01167569862639084,0.021431487970858143
2266,0.020760963757155564,0.0008222487258782105,0.003575735331158562,0.006537896148381647,0.009825083551737144,0.034157431635931705,0.039605518100999076,0.1722335905492891,0.3149129406927589,0.4732479506569529,0.0068987058208449525,0.01170050810031853,0.021552483602874872
2267,0.020835005995417703,0.0008269265664863351,0.003588213997824146,0.0065720676345161514,0.009847797796591071,0.03422744276464799,0.03968928862646851,0.172220444698375,0.3154339209675084,0.4726563457076481,0.00690437963748991,0.01172718342098733,0.02168192078198672
2268,0.020911609651812463,0.0008257014781334403,0.003606684768186056,0.006612019115370894,0.009867204290122075,0.03435084238568182,0.03948531422887738,0.1724728429919528,0.3161889125449419,0.471852930234228,0.006911022222539032,0.01175256781692724,0.021836714657979428
2269,0.02090789623579088,0.0008260853372369108,0.0036108861424095414,0.006605735649400801,0.009865189106743624,0.03438457146344035,0.0395106866764906,0.1727044223716922,0.31594453956074586,0.4718403513910713,0.006916082129407641,0.011775497303290194,0.02195895263849934
2270,0.020933509919264244,0.000827478271676754,0.003614979724294775,0.006598665161613636,0.00989238676167908,0.03444806422482823,0.03952888334866672,0.17268865747965462,0.3152201989567529,0.4725622602149258,0.006923270641493673,0.011801119153972195,0.022096248609670965
2271,0.020922795459357556,0.0008269090323896216,0.0036129817822092964,0.006595253290033057,0.009887651354725581,0.03447386645678604,0.03952191923855916,0.1726815993220169,0.31521855207370875,0.4725779293657152,0.006930722347476603,0.011824634076106122,0.022223902098460258
2272,0.02091660089101427,0.0008268751237804072,0.003613482742669596,0.006594087763983593,0.009882155260580673,0.03450593366624697,0.03953200274216788,0.17275669031969437,0.3152561832748073,0.47245512366333037,0.0069372439129438135,0.011846778543656455,0.022346886693810575
2273,0.020906117239333825,0.0008262377818637705,0.003611685624944374,0.006590455567630301,0.009877738264895382,0.03453208715865609,0.03952134068727239,0.1727573601352032,0.3152405342504578,0.4724807649270667,0.006939224033558844,0.011869358200726765,0.022468159562890833
2274,0.020893196086319687,0.0008255912999438836,0.003609785107839447,0.006586877703742151,0.009870941974794205,0.034555655460888776,0.03951483997627625,0.17277323646060255,0.315264245667759,0.4724476778953622,0.006946675382948797,0.011892772934260165,0.022590532043466283
2275,0.02094843016462573,0.0008344249783360049,0.0036065229578425163,0.006599751514831772,0.009907730713615438,0.03465900886009558,0.0398323393103243,0.1721619677226516,0.31504754594816126,0.47295814701886285,0.006950082904424448,0.011915831463568338,0.02271935075265219
2276,0.020996572654518528,0.0008347935793866592,0.0036060211597409107,0.006598715994778874,0.009957041920612085,0.03470163897435848,0.03975856408198169,0.17174332302109716,0.31427586317802253,0.4742222497188987,0.00695603564298608,0.011936182063948308,0.022837752593488858
2277,0.020991804433826963,0.0008341101571858698,0.00360418488514423,0.006595343248297509,0.009958166143199353,0.03472764643579129,0.0397350384915817,0.17169485817695188,0.3141865802479339,0.4743835230835325,0.006964577041060238,0.011956797354287119,0.022956546032617098
2278,0.021062173826266198,0.0008363504822464515,0.0036187692057485722,0.006624244129488142,0.009982810008783032,0.03482786391453266,0.03970864969329311,0.17181366157161235,0.31450904280484027,0.47396864593025423,0.00697055735770391,0.0119772140162695,0.023103721144480005
2279,0.02105019060616356,0.0008357056447554775,0.0036170831426437645,0.006621077598657822,0.009976324220106499,0.03485211968054749,0.03970062126234526,0.17183137247150015,0.31453765538441963,0.473930350881735,0.0069764038794914995,0.012001827522112762,0.0232224057735948
2280,0.02115072346346515,0.0008471817457283911,0.0036650469602141655,0.006621860444587794,0.010016634312934801,0.035012855568724084,0.040054504385714104,0.17328234500087006,0.31307961905067266,0.4735835315627432,0.006984704600085934,0.012024649150305322,0.02348130114222613
2281,0.021158198527498458,0.0008477029288492537,0.003676460914770698,0.006618987831584251,0.010015046852294256,0.03506041379449082,0.04006498605008968,0.1737605831608277,0.3128332415910466,0.4733411891980361,0.006991855941862468,0.012046137703919158,0.023622596220491232
2282,0.021181757000708644,0.0008494236463287311,0.003676333546752339,0.006615591130478977,0.010040408677148598,0.035118932679234154,0.040101661363611776,0.17356131253084178,0.3123249468992421,0.4740120792063044,0.006997234894015492,0.012069141365486757,0.023745028842483862
2283,0.0212758855375591,0.0008563933201292104,0.003702134954182762,0.006653726176792676,0.010063631086454451,0.03527290339569657,0.04025182964146841,0.17400615112575446,0.31273556933959856,0.4730064498931786,0.007002652998323811,0.012092160743137015,0.023911604935278774
2284,0.021362204251621525,0.000870001071392579,0.0037826239414587687,0.006627169038502979,0.010082410200267197,0.03541157352453339,0.04072618448662855,0.17707086295514865,0.3102287086315044,0.47197424392671833,0.0070076498047200175,0.012117199509702914,0.024060432055250658
2285,0.021380725016892387,0.0008708478609315879,0.0037926525523693305,0.006626827749281056,0.010090396854310414,0.035467294333669366,0.04073051125457871,0.17738652685411035,0.3099440147163093,0.47193894717500173,0.007013553941249029,0.012145266115453524,0.024199524189157273
2286,0.021512936693930566,0.0008742932051190512,0.0038197180245920117,0.006661530319766492,0.010157395144453012,0.035573246412953646,0.040640346669439845,0.1775544677575176,0.30965229966236574,0.47215288591067683,0.007020911803977015,0.01216756196694746,0.024339366510901073
2287,0.02161157202198538,0.0008788240452281933,0.0038392897574064124,0.006709694028021257,0.010183764191329518,0.03572872132227685,0.040664512712641564,0.17764972180185298,0.3104676522927396,0.4712181131927658,0.007026219748183848,0.01219014791098516,0.024503348095436195
2288,0.021600174684843217,0.0008781803727616585,0.0038376664842493125,0.006706682093108043,0.010177645734724202,0.0357533650618219,0.04065616994189752,0.17766830779114914,0.3104920303174263,0.4711834919495271,0.007032586145953701,0.012212202288480967,0.024635140784425857
2289,0.0216679481376276,0.0008794616742366236,0.003866389027138616,0.006725552248015636,0.010196545188236724,0.03582605167828736,0.04058813823305167,0.17843817063713643,0.31039174569263156,0.47058194543718035,0.0070358075748231386,0.012234512224722494,0.02476792802718819
2290,0.02179709036114548,0.0008876435538345686,0.003873896778256196,0.006770805999626521,0.010264744029428195,0.03601492211777743,0.04072302950199456,0.17772540802792797,0.3106288907117556,0.4709226717583219,0.007039058655550434,0.012259903863650834,0.024975421463409475
2291,0.021785865278968662,0.0008870247960763648,0.003872117075199296,0.0067678990327304685,0.010258824374962535,0.03603927006265072,0.04071561008562136,0.1777352896300753,0.31065550741580916,0.4708935928684943,0.007045637662884019,0.012284842881740587,0.0251113338629807
2292,0.021776097345841704,0.0008863543402636258,0.0038702971826082037,0.006764562871086924,0.010254882951882949,0.036066855200782705,0.040703084955343534,0.17773144200915614,0.31064165280188116,0.4709238202336191,0.007051830355123911,0.012308954482591616,0.025238367677275164
2293,0.022081894374207517,0.0009004400080964372,0.003937104668533305,0.006885888353274312,0.01035846134430346,0.036238472985696595,0.04077729894171512,0.1782956028053459,0.3118341314646124,0.46909296678832646,0.007057881882872152,0.01233247078880595,0.025383824519394693
2294,0.022083865190902094,0.0008997774118413489,0.003948113776291762,0.006879969338308298,0.010356004664460685,0.03627753005406784,0.04074365624238781,0.1787782049094499,0.3115382782332254,0.4689398606149369,0.0070601975493786995,0.012357503352802723,0.025518435492642766
2295,0.02213361818266345,0.0009032765255354121,0.003947555806973191,0.006885898080591956,0.010396887769562893,0.036368297243656374,0.040810161180195995,0.17835112968855601,0.3111058492002658,0.46973285993098224,0.00706306490370423,0.01237802022814094,0.025691261847043734
2296,0.022120986040464356,0.000902571510727387,0.003945573180051121,0.006882333171889529,0.01039050817779632,0.03639175809645943,0.040801594878111525,0.1783633502066211,0.3111223504820338,0.4697127044332336,0.007067022365163211,0.012403580945829162,0.02580864129947713
2297,0.022148154533195095,0.0009015062232976662,0.003944173952991725,0.006884520980282885,0.01041795337662282,0.03645759528552478,0.04070344650821862,0.17808138132142326,0.31083948642152276,0.47037568574883537,0.007073192672180539,0.01242969671039873,0.025951556686379718
2298,0.022149266236543834,0.0009015045113371562,0.003943352782377873,0.006881177557050319,0.010423231385778485,0.036493180916479316,0.04070132625205316,0.1780353687686402,0.310672935327182,0.4705903696521246,0.007078658970840479,0.012455427470399627,0.026090078922493376
2299,0.022141317836883792,0.0009015553391301097,0.003941509201588231,0.006882403849760265,0.010415849446405185,0.03652305316504869,0.04071823302352252,0.178016016509294,0.3108398470435808,0.47042590342360263,0.0070838569363900206,0.012478238706989941,0.026220748493358315
2300,0.022168084411904706,0.0009013840984086459,0.0039431086081359815,0.006879320936000282,0.010444270769359797,0.036586336474447166,0.040661343653337255,0.17787322237091685,0.3103254574538677,0.47113997652187817,0.007087151596181229,0.01250214859726384,0.026366368375704496
