year,V_total,V_emissions,V_climate,V_internal,f_emissions,f_climate,f_internal,mean,p5,p50,p95
1850,0.0,0.0,0.0,0.0,0.0,0.0,0.0,0.0,0.0,0.0,0.0
1851,0.0,0.0,0.0,0.0,0.0,0.0,0.0,0.0,0.0,0.0,0.0
1852,0.0,0.0,0.0,0.0,0.0,0.0,0.0,0.0,0.0,0.0,0.0
1853,0.0,0.0,0.0,0.0,0.0,0.0,0.0,0.0,0.0,0.0,0.0
1854,0.0,0.0,0.0,0.0,0.0,0.0,0.0,0.0,0.0,0.0,0.0
1855,0.0,0.0,0.0,0.0,0.0,0.0,0.0,0.0,0.0,0.0,0.0
1856,0.0,0.0,0.0,0.0,0.0,0.0,0.0,0.0,0.0,0.0,0.0
1857,0.0,0.0,0.0,0.0,0.0,0.0,0.0,0.0,0.0,0.0,0.0
1858,0.0,0.0,0.0,0.0,0.0,0.0,0.0,0.0,0.0,0.0,0.0
1859,0.0,0.0,0.0,0.0,0.0,0.0,0.0,0.0,0.0,0.0,0.0
1860,0.0,0.0,0.0,0.0,0.0,0.0,0.0,0.0,0.0,0.0,0.0
1861,0.0,0.0,0.0,0.0,0.0,0.0,0.0,0.0,0.0,0.0,0.0
1862,0.0,0.0,0.0,0.0,0.0,0.0,0.0,0.0,0.0,0.0,0.0
1863,0.0,0.0,0.0,0.0,0.0,0.0,0.0,0.0,0.0,0.0,0.0
1864,0.0,0.0,0.0,0.0,0.0,0.0,0.0,0.0,0.0,0.0,0.0
1865,0.0,0.0,0.0,0.0,0.0,0.0,0.0,0.0,0.0,0.0,0.0
1866,0.0,0.0,0.0,0.0,0.0,0.0,0.0,0.0,0.0,0.0,0.0
1867,0.0,0.0,0.0,0.0,0.0,0.0,0.0,0.0,0.0,0.0,0.0
1868,0.0,0.0,0.0,0.0,0.0,0.0,0.0,0.0,0.0,0.0,0.0
1869,0.0,0.0,0.0,0.0,0.0,0.0,0.0,0.0,0.0,0.0,0.0
1870,0.0,0.0,0.0,0.0,0.0,0.0,0.0,0.0,0.0,0.0,0.0
1871,0.0,0.0,0.0,0.0,0.0,0.0,0.0,0.0,0.0,0.0,0.0
1872,0.0,0.0,0.0,0.0,0.0,0.0,0.0,0.0,0.0,0.0,0.0
1873,0.0,0.0,0.0,0.0,0.0,0.0,0.0,0.0,0.0,0.0,0.0
1874,0.0,0.0,0.0,0.0,0.0,0.0,0.0,0.0,0.0,0.0,0.0
1875,0.0,0.0,0.0,0.0,0.0,0.0,0.0,0.0,0.0,0.0,0.0
1876,0.0,0.0,0.0,0.0,0.0,0.0,0.0,0.0,0.0,0.0,0.0
1877,0.0,0.0,0.0,0.0,0.0,0.0,0.0,0.0,0.0,0.0,0.0
1878,0.0,0.0,0.0,0.0,0.0,0.0,0.0,0.0,0.0,0.0,0.0
1879,0.0,0.0,0.0,0.0,0.0,0.0,0.0,0.0,0.0,0.0,0.0
1880,0.0,0.0,0.0,0.0,0.0,0.0,0.0,0.0,0.0,0.0,0.0
1881,0.0,0.0,0.0,0.0,0.0,0.0,0.0,0.0,0.0,0.0,0.0
1882,0.0,0.0,0.0,0.0,0.0,0.0,0.0,0.0,0.0,0.0,0.0
1883,0.0,0.0,0.0,0.0,0.0,0.0,0.0,0.0,0.0,0.0,0.0
1884,0.0,0.0,0.0,0.0,0.0,0.0,0.0,0.0,0.0,0.0,0.0
1885,0.0,0.0,0.0,0.0,0.0,0.0,0.0,0.0,0.0,0.0,0.0
1886,0.0,0.0,0.0,0.0,0.0,0.0,0.0,0.0,0.0,0.0,0.0
1887,0.0,0.0,0.0,0.0,0.0,0.0,0.0,0.0,0.0,0.0,0.0
1888,0.0,0.0,0.0,0.0,0.0,0.0,0.0,0.0,0.0,0.0,0.0
1889,0.0,0.0,0.0,0.0,0.0,0.0,0.0,0.0,0.0,0.0,0.0
1890,0.0,0.0,0.0,0.0,0.0,0.0,0.0,0.0,0.0,0.0,0.0
1891,0.0,0.0,0.0,0.0,0.0,0.0,0.0,0.0,0.0,0.0,0.0
1892,0.0,0.0,0.0,0.0,0.0,0.0,0.0,0.0,0.0,0.0,0.0
1893,0.0,0.0,0.0,0.0,0.0,0.0,0.0,0.0,0.0,0.0,0.0
1894,0.0,0.0,0.0,0.0,0.0,0.0,0.0,0.0,0.0,0.0,0.0
1895,0.0,0.0,0.0,0.0,0.0,0.0,0.0,0.0,0.0,0.0,0.0
1896,0.0,0.0,0.0,0.0,0.0,0.0,0.0,0.0,0.0,0.0,0.0
1897,0.0,0.0,0.0,0.0,0.0,0.0,0.0,0.0,0.0,0.0,0.0
1898,0.0,0.0,0.0,0.0,0.0,0.0,0.0,0.0,0.0,0.0,0.0
1899,0.0,0.0,0.0,0.0,0.0,0.0,0.0,0.0,0.0,0.0,0.0
1900,0.0,0.0,0.0,0.0,0.0,0.0,0.0,0.0,0.0,0.0,0.0
1901,0.0,0.0,0.0,0.0,0.0,0.0,0.0,0.0,0.0,0.0,0.0
1902,0.0,0.0,0.0,0.0,0.0,0.0,0.0,0.0,0.0,0.0,0.0
1903,0.0,0.0,0.0,0.0,0.0,0.0,0.0,0.0,0.0,0.0,0.0
1904,0.0,0.0,0.0,0.0,0.0,0.0,0.0,0.0,0.0,0.0,0.0
1905,0.0,0.0,0.0,0.0,0.0,0.0,0.0,0.0,0.0,0.0,0.0
1906,0.0,0.0,0.0,0.0,0.0,0.0,0.0,0.0,0.0,0.0,0.0
1907,0.0,0.0,0.0,0.0,0.0,0.0,0.0,0.0,0.0,0.0,0.0
1908,0.0,0.0,0.0,0.0,0.0,0.0,0.0,0.0,0.0,0.0,0.0
1909,0.0,0.0,0.0,0.0,0.0,0.0,0.0,0.0,0.0,0.0,0.0
1910,0.0,0.0,0.0,0.0,0.0,0.0,0.0,0.0,0.0,0.0,0.0
1911,0.0,0.0,0.0,0.0,0.0,0.0,0.0,0.0,0.0,0.0,0.0
1912,0.0,0.0,0.0,0.0,0.0,0.0,0.0,0.0,0.0,0.0,0.0
1913,0.0,0.0,0.0,0.0,0.0,0.0,0.0,0.0,0.0,0.0,0.0
1914,0.0,0.0,0.0,0.0,0.0,0.0,0.0,0.0,0.0,0.0,0.0
1915,0.0,0.0,0.0,0.0,0.0,0.0,0.0,0.0,0.0,0.0,0.0
1916,0.0,0.0,0.0,0.0,0.0,0.0,0.0,0.0,0.0,0.0,0.0
1917,0.0,0.0,0.0,0.0,0.0,0.0,0.0,0.0,0.0,0.0,0.0
1918,0.0,0.0,0.0,0.0,0.0,0.0,0.0,0.0,0.0,0.0,0.0
1919,0.0,0.0,0.0,0.0,0.0,0.0,0.0,0.0,0.0,0.0,0.0
1920,0.0,0.0,0.0,0.0,0.0,0.0,0.0,0.0,0.0,0.0,0.0
1921,0.0,0.0,0.0,0.0,0.0,0.0,0.0,0.0,0.0,0.0,0.0
1922,0.0,0.0,0.0,0.0,0.0,0.0,0.0,0.0,0.0,0.0,0.0
1923,0.0,0.0,0.0,0.0,0.0,0.0,0.0,0.0,0.0,0.0,0.0
1924,0.0,0.0,0.0,0.0,0.0,0.0,0.0,0.0,0.0,0.0,0.0
1925,0.0,0.0,0.0,0.0,0.0,0.0,0.0,0.0,0.0,0.0,0.0
1926,0.0,0.0,0.0,0.0,0.0,0.0,0.0,0.0,0.0,0.0,0.0
1927,0.0,0.0,0.0,0.0,0.0,0.0,0.0,0.0,0.0,0.0,0.0
1928,0.0,0.0,0.0,0.0,0.0,0.0,0.0,0.0,0.0,0.0,0.0
1929,0.0,0.0,0.0,0.0,0.0,0.0,0.0,0.0,0.0,0.0,0.0
1930,0.0,0.0,0.0,0.0,0.0,0.0,0.0,0.0,0.0,0.0,0.0
1931,0.0,0.0,0.0,0.0,0.0,0.0,0.0,0.0,0.0,0.0,0.0
1932,0.0,0.0,0.0,0.0,0.0,0.0,0.0,0.0,0.0,0.0,0.0
1933,0.0,0.0,0.0,0.0,0.0,0.0,0.0,0.0,0.0,0.0,0.0
1934,0.0,0.0,0.0,0.0,0.0,0.0,0.0,0.0,0.0,0.0,0.0
1935,0.0,0.0,0.0,0.0,0.0,0.0,0.0,0.0,0.0,0.0,0.0
1936,0.0,0.0,0.0,0.0,0.0,0.0,0.0,0.0,0.0,0.0,0.0
1937,0.0,0.0,0.0,0.0,0.0,0.0,0.0,0.0,0.0,0.0,0.0
1938,0.0,0.0,0.0,0.0,0.0,0.0,0.0,0.0,0.0,0.0,0.0
1939,0.0,0.0,0.0,0.0,0.0,0.0,0.0,0.0,0.0,0.0,0.0
1940,0.0,0.0,0.0,0.0,0.0,0.0,0.0,0.0,0.0,0.0,0.0
1941,0.0,0.0,0.0,0.0,0.0,0.0,0.0,0.0,0.0,0.0,0.0
1942,0.0,0.0,0.0,0.0,0.0,0.0,0.0,0.0,0.0,0.0,0.0
1943,0.0,0.0,0.0,0.0,0.0,0.0,0.0,0.0,0.0,0.0,0.0
1944,0.0,0.0,0.0,0.0,0.0,0.0,0.0,0.0,0.0,0.0,0.0
1945,0.0,0.0,0.0,0.0,0.0,0.0,0.0,0.0,0.0,0.0,0.0
1946,0.0,0.0,0.0,0.0,0.0,0.0,0.0,0.0,0.0,0.0,0.0
1947,0.0,0.0,0.0,0.0,0.0,0.0,0.0,0.0,0.0,0.0,0.0
1948,0.0,0.0,0.0,0.0,0.0,0.0,0.0,0.0,0.0,0.0,0.0
1949,0.0,0.0,0.0,0.0,0.0,0.0,0.0,0.0,0.0,0.0,0.0
1950,0.0,0.0,0.0,0.0,0.0,0.0,0.0,0.0,0.0,0.0,0.0
1951,0.0,0.0,0.0,0.0,0.0,0.0,0.0,0.0,0.0,0.0,0.0
1952,0.0,0.0,0.0,0.0,0.0,0.0,0.0,0.0,0.0,0.0,0.0
1953,0.0,0.0,0.0,0.0,0.0,0.0,0.0,0.0,0.0,0.0,0.0
1954,0.0,0.0,0.0,0.0,0.0,0.0,0.0,0.0,0.0,0.0,0.0
1955,0.0,0.0,0.0,0.0,0.0,0.0,0.0,0.0,0.0,0.0,0.0
1956,0.0,0.0,0.0,0.0,0.0,0.0,0.0,0.0,0.0,0.0,0.0
1957,0.0,0.0,0.0,0.0,0.0,0.0,0.0,0.0,0.0,0.0,0.0
1958,0.0,0.0,0.0,0.0,0.0,0.0,0.0,0.0,0.0,0.0,0.0
1959,0.0,0.0,0.0,0.0,0.0,0.0,0.0,0.0,0.0,0.0,0.0
1960,0.0,0.0,0.0,0.0,0.0,0.0,0.0,0.0,0.0,0.0,0.0
1961,0.0,0.0,0.0,0.0,0.0,0.0,0.0,0.0,0.0,0.0,0.0
1962,0.0,0.0,0.0,0.0,0.0,0.0,0.0,0.0,0.0,0.0,0.0
1963,0.0,0.0,0.0,0.0,0.0,0.0,0.0,0.0,0.0,0.0,0.0
1964,0.0,0.0,0.0,0.0,0.0,0.0,0.0,0.0,0.0,0.0,0.0
1965,0.0,0.0,0.0,0.0,0.0,0.0,0.0,0.0,0.0,0.0,0.0
1966,0.0,0.0,0.0,0.0,0.0,0.0,0.0,0.0,0.0,0.0,0.0
1967,0.0,0.0,0.0,0.0,0.0,0.0,0.0,0.0,0.0,0.0,0.0
1968,0.0,0.0,0.0,0.0,0.0,0.0,0.0,0.0,0.0,0.0,0.0
1969,0.0,0.0,0.0,0.0,0.0,0.0,0.0,0.0,0.0,0.0,0.0
1970,0.0,0.0,0.0,0.0,0.0,0.0,0.0,0.0,0.0,0.0,0.0
1971,0.0,0.0,0.0,0.0,0.0,0.0,0.0,0.0,0.0,0.0,0.0
1972,0.0,0.0,0.0,0.0,0.0,0.0,0.0,0.0,0.0,0.0,0.0
1973,0.0,0.0,0.0,0.0,0.0,0.0,0.0,0.0,0.0,0.0,0.0
1974,0.0,0.0,0.0,0.0,0.0,0.0,0.0,0.0,0.0,0.0,0.0
1975,0.0,0.0,0.0,0.0,0.0,0.0,0.0,0.0,0.0,0.0,0.0
1976,0.0,0.0,0.0,0.0,0.0,0.0,0.0,0.0,0.0,0.0,0.0
1977,0.0,0.0,0.0,0.0,0.0,0.0,0.0,0.0,0.0,0.0,0.0
1978,0.0,0.0,0.0,0.0,0.0,0.0,0.0,0.0,0.0,0.0,0.0
1979,0.0,0.0,0.0,0.0,0.0,0.0,0.0,0.0,0.0,0.0,0.0
1980,0.0,0.0,0.0,0.0,0.0,0.0,0.0,0.0,0.0,0.0,0.0
1981,0.0,0.0,0.0,0.0,0.0,0.0,0.0,0.0,0.0,0.0,0.0
1982,0.0,0.0,0.0,0.0,0.0,0.0,0.0,0.0,0.0,0.0,0.0
1983,0.0,0.0,0.0,0.0,0.0,0.0,0.0,0.0,0.0,0.0,0.0
1984,0.0,0.0,0.0,0.0,0.0,0.0,0.0,0.0,0.0,0.0,0.0
1985,0.0,0.0,0.0,0.0,0.0,0.0,0.0,0.0,0.0,0.0,0.0
1986,0.0,0.0,0.0,0.0,0.0,0.0,0.0,0.0,0.0,0.0,0.0
1987,0.0,0.0,0.0,0.0,0.0,0.0,0.0,0.0,0.0,0.0,0.0
1988,0.0,0.0,0.0,0.0,0.0,0.0,0.0,0.0,0.0,0.0,0.0
1989,0.0,0.0,0.0,0.0,0.0,0.0,0.0,0.0,0.0,0.0,0.0
1990,0.0,0.0,0.0,0.0,0.0,0.0,0.0,0.0,0.0,0.0,0.0
1991,0.0,0.0,0.0,0.0,0.0,0.0,0.0,0.0,0.0,0.0,0.0
1992,0.0,0.0,0.0,0.0,0.0,0.0,0.0,0.0,0.0,0.0,0.0
1993,0.0,0.0,0.0,0.0,0.0,0.0,0.0,0.0,0.0,0.0,0.0
1994,0.0,0.0,0.0,0.0,0.0,0.0,0.0,0.0,0.0,0.0,0.0
1995,0.0,0.0,0.0,0.0,0.0,0.0,0.0,0.0,0.0,0.0,0.0
1996,0.0,0.0,0.0,0.0,0.0,0.0,0.0,0.0,0.0,0.0,0.0
1997,0.0,0.0,0.0,0.0,0.0,0.0,0.0,0.0,0.0,0.0,0.0
1998,0.0,0.0,0.0,0.0,0.0,0.0,0.0,0.0,0.0,0.0,0.0
1999,0.0,0.0,0.0,0.0,0.0,0.0,0.0,0.0,0.0,0.0,0.0
2000,0.0,0.0,0.0,0.0,0.0,0.0,0.0,0.0,0.0,0.0,0.0
2001,0.0,0.0,0.0,0.0,0.0,0.0,0.0,0.0,0.0,0.0,0.0
2002,0.0,0.0,0.0,0.0,0.0,0.0,0.0,0.0,0.0,0.0,0.0
2003,0.0,0.0,0.0,0.0,0.0,0.0,0.0,0.0,0.0,0.0,0.0
2004,0.0,0.0,0.0,0.0,0.0,0.0,0.0,0.0,0.0,0.0,0.0
2005,0.0,0.0,0.0,0.0,0.0,0.0,0.0,0.0,0.0,0.0,0.0
2006,0.0,0.0,0.0,0.0,0.0,0.0,0.0,0.0,0.0,0.0,0.0
2007,0.0,0.0,0.0,0.0,0.0,0.0,0.0,0.0,0.0,0.0,0.0
2008,0.0,0.0,0.0,0.0,0.0,0.0,0.0,0.0,0.0,0.0,0.0
2009,0.0,0.0,0.0,0.0,0.0,0.0,0.0,0.0,0.0,0.0,0.0
2010,0.0,0.0,0.0,0.0,0.0,0.0,0.0,0.0,0.0,0.0,0.0
2011,0.0,0.0,0.0,0.0,0.0,0.0,0.0,0.0,0.0,0.0,0.0
2012,0.0,0.0,0.0,0.0,0.0,0.0,0.0,0.0,0.0,0.0,0.0
2013,0.0,0.0,0.0,0.0,0.0,0.0,0.0,0.0,0.0,0.0,0.0
2014,0.0,0.0,0.0,0.0,0.0,0.0,0.0,0.0,0.0,0.0,0.0
2015,0.0,0.0,0.0,0.0,0.0,0.0,0.0,0.0,0.0,0.0,0.0
2016,0.0,0.0,0.0,0.0,0.0,0.0,0.0,0.0,0.0,0.0,0.0
2017,0.0,0.0,0.0,0.0,0.0,0.0,0.0,0.0,0.0,0.0,0.0
2018,0.0,0.0,0.0,0.0,0.0,0.0,0.0,0.0,0.0,0.0,0.0
2019,0.0,0.0,0.0,0.0,0.0,0.0,0.0,0.0,0.0,0.0,0.0
2020,0.0,0.0,0.0,0.0,0.0,0.0,0.0,0.0,0.0,0.0,0.0
2021,0.0,0.0,0.0,0.0,0.0,0.0,0.0,0.0,0.0,0.0,0.0
2022,0.0,0.0,0.0,0.0,0.0,0.0,0.0,0.0,0.0,0.0,0.0
2023,0.0,0.0,0.0,0.0,0.0,0.0,0.0,0.0,0.0,0.0,0.0
2024,0.0,0.0,0.0,0.0,0.0,0.0,0.0,0.0,0.0,0.0,0.0
2025,0.0,0.0,0.0,0.0,0.0,0.0,0.0,0.0,0.0,0.0,0.0
2026,0.0,0.0,0.0,0.0,0.0,0.0,0.0,0.0,0.0,0.0,0.0
2027,0.0,0.0,0.0,0.0,0.0,0.0,0.0,0.0,0.0,0.0,0.0
2028,0.0,0.0,0.0,0.0,0.0,0.0,0.0,0.0,0.0,0.0,0.0
2029,0.0,0.0,0.0,0.0,0.0,0.0,0.0,0.0,0.0,0.0,0.0
2030,0.0,0.0,0.0,0.0,0.0,0.0,0.0,0.0,0.0,0.0,0.0
2031,6.3191328366271335e-09,0.0,6.319019677959512e-09,1.1315866762136759e-13,0.0,0.9999820926904771,1.790730952283107e-05,0.00019850214322408041,9.40561294555664e-05,0.00018465518951416016,0.0003656148910522461
2032,4.605715639089699e-09,0.0,4.605210958940176e-09,5.046801495230583e-13,0.0,0.9998904230766573,0.00010957692334275467,0.0003067985706859165,0.00020492076873779297,0.00029921531677246094,0.0004640817642211914
2033,2.8492072814893923e-09,0.0,2.8484800806713113e-09,7.272008180810498e-13,0.0,0.9997447708270277,0.00025522917297224985,0.0003552923798561096,0.00026166439056396484,0.00035643577575683594,0.0004749298095703125
2034,2.508047158804617e-09,0.0,2.507297514309989e-09,7.496444946279242e-13,0.0,0.9997011043065932,0.00029889569340682537,0.00037941749228371515,0.00028705596923828125,0.00038564205169677734,0.00046956539154052734
2035,2.600133447921894e-09,0.0,2.59946428423447e-09,6.691636874241657e-13,0.0,0.9997426425601506,0.00025735743984947455,0.00039301236470540366,0.00030350685119628906,0.00040602684020996094,0.0004647970199584961
2036,2.7061861838131025e-09,0.0,2.7055523542316897e-09,6.33829581412708e-13,0.0,0.9997657849318705,0.00023421506812943001,0.0004016078048282199,0.0003170967102050781,0.0004165172576904297,0.00047767162322998047
2037,2.7527532416442944e-09,0.0,2.752127296126654e-09,6.259455176405032e-13,0.0,0.9997726111050671,0.00022738889493291776,0.0004074885050455729,0.0003279447555541992,0.00042116641998291016,0.00048530101776123047
2038,2.7621960445765847e-09,0.0,2.7615879615112025e-09,6.080830653824402e-13,0.0,0.99977985521101,0.00022014478899004176,0.0004117138518227471,0.0003361701965332031,0.0004259347915649414,0.00048828125
2039,2.762496025475025e-09,0.0,2.761916373000857e-09,5.796524741678385e-13,0.0,0.9997901707481848,0.00020982925181518201,0.0004147947827974955,0.00033843517303466797,0.00042825937271118164,0.0004889965057373047
2040,2.771027558890092e-09,0.0,2.7704580286893138e-09,5.695302007779901e-13,0.0,0.9997944696728291,0.00020553032717080227,0.00041702237394120956,0.0003374814987182617,0.0004254579544067383,0.0004889965057373047
2041,2.7968215769955314e-09,0.0,2.7962679155825186e-09,5.536614130126814e-13,0.0,0.9998020390654997,0.00019796093450031546,0.00041858434677124025,0.00033664703369140625,0.00042116641998291016,0.0004917442798614497
2042,2.842220101563626e-09,0.0,2.841678101341145e-09,5.420002224809648e-13,0.0,0.9998093039233018,0.00019069607669820767,0.0004196047716670566,0.00033593177795410156,0.00041675567626953125,0.0004951953887939453
2043,2.907241213914474e-09,0.0,2.906708849835728e-09,5.323640787461657e-13,0.0,0.9998168834164162,0.00018311658358384394,0.0004201817512512207,0.0003352165222167969,0.00041234493255615234,0.0004987716674804688
2044,2.9901200947873295e-09,0.0,2.989596041097997e-09,5.240536893325052e-13,0.0,0.9998247382470536,0.00017526175294634052,0.0004203904668490092,0.0003343820571899414,0.000408172607421875,0.0005018770694732661
2045,3.088340293040662e-09,0.0,3.0878210195275845e-09,5.192735130776793e-13,0.0,0.9998318600077045,0.00016813999229548063,0.00042030145724614463,0.0003336668014526367,0.00040602684020996094,0.0005047321319580078
2046,3.2001528338776212e-09,0.0,3.1996346356525505e-09,5.181982250708955e-13,0.0,0.9998380707884995,0.00016192921150050055,0.00041996676392025417,0.00033295154571533203,0.00040459632873535156,0.0005071163177490234
2047,3.3226059678078717e-09,0.0,3.3220931039823897e-09,5.128638254821767e-13,0.0,0.999845644102716,0.00015435589728400587,0.0004194319513108995,0.00033223628997802734,0.0004029273986816406,0.0005090236663818359
2048,3.453944648146125e-09,0.0,3.453440145040167e-09,5.045031059580661e-13,0.0,0.9998539342238073,0.00014606577619269428,0.00041873733202616375,0.00033152103424072266,0.0003999471664428711,0.0005102157592773438
2049,3.59194271399302e-09,0.0,3.5914491094283905e-09,4.936045646293989e-13,0.0,0.9998625800565509,0.00013741994344911986,0.0004179203510284424,0.00033080577850341797,0.000396728515625,0.00051116943359375
2050,3.735571442571986e-09,0.0,3.735095072813532e-09,4.763697584545911e-13,0.0,0.9998724774065286,0.0001275225934714301,0.00041700892315970527,0.0003299713134765625,0.00039505958557128906,0.0005118846893310547
2051,3.882832560975507e-09,0.0,3.882368342682072e-09,4.642182934352003e-13,0.0,0.9998804433912241,0.00011955660877598389,0.00041601948605643377,0.0003292560577392578,0.0003943443298339844,0.0005123615264892578
2052,4.0325025891256e-09,0.0,4.0320520564773745e-09,4.5053264822551433e-13,0.0,0.9998882746784986,0.00011172532150145673,0.00041497451729244654,0.0003285408020019531,0.0003943443298339844,0.0005126118659973134
2053,4.183145782847336e-09,0.0,4.182706549604966e-09,4.3923324237008976e-13,0.0,0.999894999298334,0.0001050007016659882,0.000413886739148034,0.00032770633697509766,0.0003949403762817383,0.0005130767822265625
2054,4.333867665981495e-09,0.0,4.333438639093405e-09,4.290268880898424e-13,0.0,0.9999010060017619,9.899399823798733e-05,0.00041277519861857096,0.0003268718719482422,0.0003954768180847168,0.0005130767822265625
2055,4.483597123023731e-09,0.0,4.483174046338934e-09,4.2307668479679815e-13,0.0,0.9999056390052031,9.436099479684649e-05,0.0004116482072406345,0.00032591819763183594,0.0003960132598876953,0.0005133152008056641
2056,4.631662440462657e-09,0.0,4.631247588310026e-09,4.1485215263037515e-13,0.0,0.9999104312635121,8.95687364878291e-05,0.00041051354010899864,0.0003243625164031983,0.0003962516784667969,0.0005135536193847656
2057,4.77687166319693e-09,0.0,4.776463400736055e-09,4.082624608751466e-13,0.0,0.9999145335086098,8.546649139029125e-05,0.0004093802372614543,0.00032210350036621094,0.000396728515625,0.0005135536193847656
2058,4.919135401322483e-09,0.0,4.918731401525904e-09,4.039997965795321e-13,0.0,0.9999178717876985,8.212821230147861e-05,0.00040825583537419636,0.0003199577331542969,0.00039696693420410156,0.0005135536193847656
2059,5.058205914696986e-09,0.0,5.057807613453148e-09,3.983012438387355e-13,0.0,0.9999212564196563,7.87435803436634e-05,0.00040714263916015627,0.00031757354736328125,0.00039696693420410156,0.0005135655403137197
2060,5.192746055596913e-09,0.0,5.192350608366396e-09,3.9544723051676544e-13,0.0,0.9999238462219637,7.61537780362934e-05,0.00040604861577351887,0.0003151893615722656,0.0003972053527832031,0.0005137920379638672
2061,5.323649722292186e-09,0.0,5.323254510132891e-09,3.9521215929501786e-13,0.0,0.9999257629295857,7.42370704143271e-05,0.0004049731956587897,0.0003129243850708008,0.0003972649574279785,0.0005137920379638672
2062,5.451030654460096e-09,0.0,5.450638036373906e-09,3.9261808619054694e-13,0.0,0.9999279736051624,7.202639483769961e-05,0.00040392218695746527,0.00031065940856933594,0.0003974437713623047,0.0005135536193847656
2063,5.574398244372183e-09,0.0,5.574011107531079e-09,3.871368411031042e-13,0.0,0.9999305509179409,6.944908205902779e-05,0.0004028962585661146,0.0003082752227783203,0.0003972053527832031,0.0005137920379638672
2064,5.694103747908798e-09,0.0,5.693720444445754e-09,3.8330346304367857e-13,0.0,0.9999326841448605,6.731585513952914e-05,0.00040189625157250296,0.0003056526184082031,0.00039696693420410156,0.0005137920379638672
2065,5.810459906958762e-09,0.0,5.810081940263782e-09,3.7796669497917405e-13,0.0,0.9999349506405635,6.50493594365071e-05,0.00040092621909247503,0.0003032684326171875,0.00039696693420410156,0.0005137920379638672
2066,5.922995423882713e-09,0.0,5.922620185079721e-09,3.752388029928019e-13,0.0,0.9999366471225895,6.335287741060263e-05,0.00039998618761698403,0.0003006458282470703,0.000396728515625,0.0005140304565429688
2067,6.032212272028903e-09,0.0,6.0318383702304915e-09,3.739017984116799e-13,0.0,0.9999380158088691,6.198419113091324e-05,0.0003990743690066867,0.0002980232238769531,0.00039649009704589844,0.0005140304565429688
2068,6.137779905318871e-09,0.0,6.137410213486169e-09,3.6969183270230127e-13,0.0,0.9999397678251086,6.023217489143495e-05,0.00039819125334421794,0.0002956390380859375,0.0003962516784667969,0.0005142688751220703
2069,6.24033654763671e-09,0.0,6.239970954451355e-09,3.655931853548584e-13,0.0,0.9999414145082458,5.8585491754176776e-05,0.00039733809894985624,0.0002932548522949219,0.0003960728645324707,0.0005142688751220703
2070,6.340117884616859e-09,0.0,6.33975682350992e-09,3.610611069386021e-13,0.0,0.9999430513574811,5.6948642518879834e-05,0.0003965157402886285,0.00029087066650390625,0.00039577484130859375,0.0005145192146301259
2071,6.436694562803532e-09,0.0,6.436337650081932e-09,3.56912721599656e-13,0.0,0.9999445503094613,5.5449690538710445e-05,0.0003957190646065606,0.0002884864807128906,0.0003955364227294922,0.0005147457122802734
2072,6.531141535816086e-09,0.0,6.530789326295278e-09,3.5220952080787067e-13,0.0,0.9999460722878418,5.392771215818721e-05,0.00039495340320799084,0.00028634071350097656,0.00039505958557128906,0.000514984130859375
2073,6.623202124019889e-09,0.0,6.62285296687225e-09,3.491571476388345e-13,0.0,0.9999472827280368,5.2717271963144764e-05,0.00039421474271350435,0.0002841949462890625,0.00039458274841308594,0.0005152225494384766
2074,6.713668853774591e-09,0.0,6.71332565511991e-09,3.431986546805398e-13,0.0,0.9999488806102661,5.111938973391353e-05,0.0003935042752159966,0.00028228759765625,0.0003943443298339844,0.0005156993865966797
2075,6.801789031727511e-09,0.0,6.801449635660704e-09,3.3939606680633034e-13,0.0,0.9999501019415299,4.98980584700862e-05,0.0003928182522455851,0.00028014183044433594,0.00039386749267578125,0.0005159378051757812
2076,6.887986884355054e-09,0.0,6.887651370220061e-09,3.355141349932943e-13,0.0,0.9999512899573378,4.871004266215435e-05,0.0003921601110034519,0.00027823448181152344,0.00039315223693847656,0.0005164146423339844
2077,6.9724737225930495e-09,0.0,6.97213555931789e-09,3.3816327515978684e-13,0.0,0.9999515002438712,4.849975612873655e-05,0.0003915259771876865,0.0002760887145996094,0.00039267539978027344,0.0005168914794921875
2078,7.056014277967103e-09,0.0,7.05567877508237e-09,3.355028847333117e-13,0.0,0.9999524515014403,4.754849855972413e-05,0.00039091613557603623,0.0002741813659667969,0.00039196014404296875,0.0005173683166503906
2079,7.138338832552558e-09,0.0,7.138004760227199e-09,3.3407232535864806e-13,0.0,0.9999532002706518,4.6799729348121886e-05,0.0003903316524293688,0.0002722740173339844,0.0003914833068847656,0.0005176067352294922
2080,7.219506026087984e-09,0.0,7.219174984819512e-09,3.310412684716849e-13,0.0,0.9999541462716043,4.585372839574531e-05,0.0003897684084044562,0.0002705931663513184,0.0003910064697265625,0.0005180835723876953
2081,7.2993675633419016e-09,0.0,7.299038200138524e-09,3.2936320337739783e-13,0.0,0.9999548778437969,4.51221562031607e-05,0.0003892273704210917,0.00026869773864746094,0.0003902912139892578,0.000518798828125
2082,7.3783536820010654e-09,0.0,7.378026046008655e-09,3.2763599241055434e-13,0.0,0.9999555949732785,4.440502672158391e-05,0.00038870763116412695,0.00026702880859375,0.00039005279541015625,0.0005192756652832031
2083,7.456899902900621e-09,0.0,7.456573351078e-09,3.265518226195739e-13,0.0,0.999956208098959,4.37919010408803e-05,0.00038820964760250513,0.0002655982971191406,0.0003895759582519531,0.0005197525024414062
2084,7.534818554692386e-09,0.0,7.534496038752506e-09,3.2251593988045637e-13,0.0,0.9999571965884063,4.2803411593714654e-05,0.00038772926727930705,0.0002639293670654297,0.00038909912109375,0.0005204677581787109
2085,7.612314241484266e-09,0.0,7.611993494795797e-09,3.207466884684137e-13,0.0,0.9999578647598754,4.2135240124542445e-05,0.0003872724109225803,0.0002624988555908203,0.0003886222839355469,0.0005211830139160156
2086,7.689604402192046e-09,0.0,7.689281666576036e-09,3.227356160095953e-13,0.0,0.9999580296203641,4.197037963586193e-05,0.0003868309126959907,0.00026106834411621094,0.00038814544677734375,0.0005216598510742188
2087,7.766725530234242e-09,0.0,7.76640140136235e-09,3.241288718906313e-13,0.0,0.9999582669851497,4.173301485019205e-05,0.0003864124682214525,0.00025963783264160156,0.0003876686096191406,0.0005223751068115234
2088,7.843259113571017e-09,0.0,7.842931848245067e-09,3.272653259500658e-13,0.0,0.9999582743192325,4.1725680767553106e-05,0.0003860092560450236,0.0002582073211669922,0.0003871917724609375,0.0005228519439697266
2089,7.919850223650713e-09,0.0,7.91952355577278e-09,3.266678779330807e-13,0.0,0.9999587532757933,4.1246724206673286e-05,0.0003856240179803636,0.0002570152282714844,0.00038695335388183594,0.0005235671997070312
2090,7.996156122083048e-09,0.0,7.995824219873629e-09,3.3190220941984687e-13,0.0,0.9999584922799966,4.1507720003518924e-05,0.000385256826877594,0.000255584716796875,0.0003864765167236328,0.0005245208740234375
2091,8.072961402751123e-09,0.0,8.072630343126964e-09,3.310596241590243e-13,0.0,0.9999589915512235,4.1008448776455814e-05,0.00038490821917851767,0.0002543926239013672,0.0003859996795654297,0.0005249977111816406
2092,8.149694773580735e-09,0.0,8.149363100521348e-09,3.316730593875641e-13,0.0,0.9999593023949237,4.0697605076298677e-05,0.00038457190328174167,0.00025272369384765625,0.0003857612609863281,0.0005259513854980469
2093,8.226501899836575e-09,0.0,8.226172635517062e-09,3.292643195133369e-13,0.0,0.9999599751724946,4.002482750534318e-05,0.00038425076670116847,0.00025153160095214844,0.000385284423828125,0.0005266666412353516
2094,8.302463822472209e-09,0.0,8.302138575087628e-09,3.252473845805068e-13,0.0,0.9999608251970096,3.917480299042827e-05,0.0003839410841464996,0.0002503395080566406,0.00038504600524902344,0.0005273818969726562
2095,8.379259245703838e-09,0.0,8.378936500613925e-09,3.22745089912738e-13,0.0,0.9999614828613784,3.851713862155702e-05,0.00038364544179704454,0.0002491474151611328,0.0003845691680908203,0.0005283355712890625
2096,8.456068054028622e-09,0.0,8.455749000208222e-09,3.190538204004643e-13,0.0,0.999962269246373,3.7730753627090474e-05,0.000383364650938246,0.00024794340133667,0.00038433074951171875,0.0005288243293762197
2097,8.532899996365455e-09,0.0,8.532581953292095e-09,3.1804307335884543e-13,0.0,0.9999627274345774,3.7272565422577816e-05,0.00038309713866975574,0.0002467632293701172,0.0003838539123535156,0.0005297660827636719
2098,8.610015693393986e-09,0.0,8.609700186810164e-09,3.155065838219184e-13,0.0,0.9999633558642567,3.664413574344471e-05,0.0003828387823369768,0.0002457976341247559,0.00038361549377441406,0.0005307197570800781
2099,8.687351455310642e-09,0.0,8.687039420468233e-09,3.120348424090476e-13,0.0,0.9999640817061431,3.5918293856788584e-05,0.00038259573115242854,0.0002446174621582031,0.00038313865661621094,0.0005316734313964844
2100,8.765020965644795e-09,0.0,8.764711150212227e-09,3.0981543256795335e-13,0.0,0.9999646532011981,3.534679880199943e-05,0.0003823628624280294,0.0002434253692626953,0.0003829002380371094,0.0005326271057128906
2101,8.842724456289578e-09,0.0,8.842418868586288e-09,3.055877032901809e-13,0.0,0.9999654419059646,3.4558094035467215e-05,0.00038213972581757437,0.00024247169494628906,0.0003826618194580078,0.0005335807800292969
2102,8.920878799853144e-09,0.0,8.920577937259047e-09,3.008625940973763e-13,0.0,0.9999662743322887,3.372566771138389e-05,0.00038192969229486253,0.00024127960205078125,0.00038242340087890625,0.0005342960357666016
2103,8.999661973620376e-09,0.0,8.99936071593491e-09,3.0125768546440636e-13,0.0,0.9999665256665919,3.34743334080154e-05,0.0003817300134234958,0.000240325927734375,0.0003821849822998047,0.0005354881286621094
2104,9.078612584034164e-09,0.0,9.078313409423153e-09,2.991746110107362e-13,0.0,0.9999670462189854,3.2953781014609086e-05,0.000381540060043335,0.0002391338348388672,0.0003819465637207031,0.0005364418029785156
2105,9.158240362342904e-09,0.0,9.157944486130485e-09,2.958762124194432e-13,0.0,0.9999676928972473,3.230710275262428e-05,0.0003813623388608297,0.00023794174194335938,0.00038170814514160156,0.0005373954772949219
2106,9.238036552795367e-09,0.0,9.237739015985362e-09,2.975368100048092e-13,0.0,0.9999677922025634,3.220779743665082e-05,0.0003811940087212457,0.00023698806762695312,0.0003814697265625,0.0005381107330322266
2107,9.318187691877988e-09,0.0,9.317888308100959e-09,2.993837770285757e-13,0.0,0.9999678710295469,3.212897045307722e-05,0.0003810329404142168,0.00023603439331054688,0.00038123130798339844,0.0005393028259277344
2108,9.398832518858932e-09,0.0,9.39853281711403e-09,2.9970174490282837e-13,0.0,0.9999681128752639,3.188712473612773e-05,0.00038088205456733706,0.0002350687980651856,0.0003809928894042969,0.0005400180816650391
2109,9.480766447467203e-09,0.0,9.48047139341194e-09,2.9505405526227426e-13,0.0,0.9999688786706331,3.112132936689926e-05,0.00038074303997887504,0.0002338886260986328,0.0003807544708251953,0.0005409717559814453
2110,9.562693141669572e-09,0.0,9.562396447000739e-09,2.9669466883319697e-13,0.0,0.9999689737331903,3.1026266809748995e-05,0.00038061333033773636,0.00023293495178222656,0.00038051605224609375,0.0005421638488769531
2111,9.645655086313455e-09,0.0,9.645358260786335e-09,2.9682552712036623e-13,0.0,0.9999692270224817,3.07729775182965e-05,0.000380493508444892,0.0002319812774658203,0.00038051605224609375,0.0005431175231933594
2112,9.72858507202801e-09,0.0,9.728286841254599e-09,2.982307734100682e-13,0.0,0.9999693448974128,3.0655102587071213e-05,0.0003803779052363502,0.00023102760314941406,0.0003802776336669922,0.0005440711975097656
2113,9.811461220121546e-09,0.0,9.811160996867882e-09,3.0022325366492893e-13,0.0,0.9999694007603017,3.05992396982852e-05,0.00038027070628272164,0.0002300739288330078,0.0003800392150878906,0.0005450367927551259
2114,9.895813703943648e-09,0.0,9.895512523085616e-09,3.011808580311023e-13,0.0,0.9999695648213435,3.043517865651378e-05,0.0003801723453733656,0.00022912025451660156,0.00037980079650878906,0.0005462169647216797
2115,9.979230755246535e-09,0.0,9.978929798357496e-09,3.009568890396012e-13,0.0,0.9999698416745318,3.0158325468260617e-05,0.0003800793555047777,0.0002281665802001953,0.0003795623779296875,0.00054718255996704
2116,1.006396048222716e-08,0.0,1.0063657720559571e-08,3.027616675884318e-13,0.0,0.9999699162503546,3.0083749645391142e-05,0.00037999376985761854,0.00022721290588378906,0.00037932395935058594,0.0005483627319335938
2117,1.014918350294756e-08,0.0,1.0148883475981325e-08,3.000269662341752e-13,0.0,0.9999704383149494,2.9561685050530456e-05,0.0003799185620413886,0.00022602081298828125,0.0003790855407714844,0.00054931640625
2118,1.0234539678089022e-08,0.0,1.0234241270864166e-08,2.9840722485611536e-13,0.0,0.9999708431219926,2.9156878007417476e-05,0.0003798495199945238,0.00022482872009277344,0.0003790855407714844,0.0005505084991455078
2119,1.0320657087410227e-08,0.0,1.0320362438660384e-08,2.9464874984341785e-13,0.0,0.9999714505823275,2.8549417672528674e-05,0.00037978292173809476,0.0002238750457763672,0.0003788471221923828,0.0005517005920410156
2120,1.04069994419626e-08,0.0,1.0406706403036142e-08,2.930389264577115e-13,0.0,0.9999718421310493,2.8157868950788462e-05,0.0003797286980681949,0.00022292137145996094,0.0003788471221923828,0.0005526542663574219
2121,1.0493978884409465e-08,0.0,1.04936892673384e-08,2.8961707106608023e-13,0.0,0.9999724015957859,2.7598404214092152e-05,0.00037967736853493584,0.00022220611572265625,0.00037860870361328125,0.0005536079406738281
2122,1.0581556959834908e-08,0.0,1.0581266379978435e-08,2.9057985647303496e-13,0.0,0.9999725390263856,2.746097361437523e-05,0.0003796346286932627,0.00022125244140625,0.0003783702850341797,0.0005545735359191884
2123,1.0669139831743375e-08,0.0,1.0668855671936579e-08,2.8415980679596936e-13,0.0,0.9999733661934067,2.6633806593341523e-05,0.00037960080636872186,0.0002205371856689453,0.0003782510757446289,0.0005557656288146962
2124,1.0757002972478211e-08,0.0,1.0756719339361219e-08,2.836331169930873e-13,0.0,0.9999736327006957,2.636729930434737e-05,0.00037956709331936307,0.00021982192993164062,0.0003781318664550781,0.00055694580078125
2125,1.0845041428857473e-08,0.0,1.0844758021485829e-08,2.8340737164474667e-13,0.0,0.9999738675621017,2.6132437898358833e-05,0.00037953904271125795,0.00021886825561523438,0.0003781318664550781,0.0005581378936767578
2126,1.093353747988556e-08,0.0,1.0933251166098067e-08,2.8631378749347877e-13,0.0,0.9999738132522965,2.618674770358729e-05,0.00037951574391788907,0.0002181529998779297,0.00037789344787597656,0.0005591034889221181
2127,1.1022262820107985e-08,0.0,1.1021978516712345e-08,2.8430339564048757e-13,0.0,0.9999742064401583,2.579355984161719e-05,0.0003794975115193261,0.000217437744140625,0.000377655029296875,0.0005602836608886719
2128,1.1111381854147518e-08,0.0,1.1111098551321875e-08,2.833028256432612e-13,0.0,0.9999745033669654,2.549663303466737e-05,0.00037948295639620886,0.00021648406982421875,0.000377655029296875,0.0005612373352050781
2129,1.1200425411760062e-08,0.0,1.120014173926716e-08,2.836724929030274e-13,0.0,0.999974673060846,2.5326939154041506e-05,0.0003794732391834259,0.00021576881408691406,0.0003775358200073242,0.0005624294281005859
2130,1.1290305916079726e-08,0.0,1.1290023870914725e-08,2.820451650009659e-13,0.0,0.9999750188199418,2.4981180058130698e-05,0.0003794675916433334,0.0002148151397705078,0.000377655029296875,0.0005636215209960938
2131,1.1380705350169794e-08,0.0,1.1380425806485298e-08,2.7954368449674877e-13,0.0,0.9999754370510531,2.456294894697174e-05,0.0003794686678383086,0.00021409988403320312,0.00037741661071777344,0.0005645751953125
2132,1.1471531925632105e-08,0.0,1.1471249931315318e-08,2.8199431678643813e-13,0.0,0.999975417902455,2.4582097544997212e-05,0.00037947540647453735,0.00021338462829589844,0.0003771781921386719,0.0005655407905578603
2133,1.1561997750061606e-08,0.0,1.1561715166771506e-08,2.825832901010017e-13,0.0,0.9999755593024485,2.4440697551553838e-05,0.000379479189713796,0.00021266937255859375,0.0003771781921386719,0.0005669593811035156
2134,1.1653409899474214e-08,0.0,1.165312822301428e-08,2.816764599344878e-13,0.0,0.9999758288378797,2.417116212029894e-05,0.0003794901536570655,0.00021195411682128906,0.0003771781921386719,0.0005679130554199219
2135,1.1744634085656891e-08,0.0,1.1744352853434196e-08,2.812322226949013e-13,0.0,0.9999760544074303,2.394559256966171e-05,0.00037950640585687425,0.00021123886108398438,0.0003769397735595703,0.0005693435668945312
2136,1.1836919859506251e-08,0.0,1.183663865896192e-08,2.8120054433126534e-13,0.0,0.999976243773915,2.375622608489933e-05,0.00037952197591463726,0.0002105236053466797,0.0003769397735595703,0.0005702972412109375
2137,1.192868709776842e-08,0.0,1.1928403250896488e-08,2.838468719327619e-13,0.0,0.9999762046845888,2.379531541118746e-05,0.0003795425792535146,0.000209808349609375,0.00037670135498046875,0.0005712509155273438
2138,1.2020845518227162e-08,0.0,1.2020562448770399e-08,2.830694567634852e-13,0.0,0.9999764517848321,2.354821516791544e-05,0.00037956786652406055,0.0002090930938720703,0.00037670135498046875,0.0005724430084228516
2139,1.2112337524148002e-08,0.0,1.2112056276530215e-08,2.8124761778750925e-13,0.0,0.9999767800709627,2.321992903737981e-05,0.0003795940942234463,0.00020837783813476562,0.00037670135498046875,0.0005733966827392578
2140,1.2204967076434003e-08,0.0,1.2204682115601295e-08,2.849608327082366e-13,0.0,0.9999766520605157,2.3347939484282103e-05,0.0003796259429719713,0.00020766258239746094,0.00037670135498046875,0.0005743622779846181
2141,1.2297287272782315e-08,0.0,1.2297001182334686e-08,2.8609044762835853e-13,0.0,0.9999767354830962,2.3264516903786158e-05,0.00037965886957115597,0.00020694732666015625,0.00037670135498046875,0.0005755424499511719
2142,1.2390225178256095e-08,0.0,1.2389940075055787e-08,2.8510320030742775e-13,0.0,0.9999769896675641,2.3010332435907803e-05,0.00037969421678119236,0.00020623207092285156,0.00037670135498046875,0.0005764961242675781
2143,1.2483443328232084e-08,0.0,1.2483152867604311e-08,2.9046062777204906e-13,0.0,0.9999767323309654,2.32676690344846e-05,0.00037973582992951077,0.00020575523376464844,0.00037670135498046875,0.0005774497985839844
2144,1.2575715210177061e-08,0.0,1.257542931261218e-08,2.8589756488154707e-13,0.0,0.9999772659001812,2.2734099818846148e-05,0.0003797783371475008,0.00020503997802734375,0.00037670135498046875,0.0005786418914794922
2145,1.26683439646847e-08,0.0,1.2668058340558499e-08,2.856241262024404e-13,0.0,0.9999774537124191,2.2546287580971065e-05,0.0003798188923133744,0.00020456314086914062,0.0003764629364013672,0.000579833984375
2146,1.2761906221164708e-08,0.0,1.2761619442082746e-08,2.867790819630993e-13,0.0,0.9999775285073411,2.2471492658949076e-05,0.0003798670553498798,0.0002039611339569092,0.0003764629364013672,0.0005807876586914062
2147,1.2854843714661455e-08,0.0,1.2854559774725078e-08,2.83939936377801e-13,0.0,0.9999779118328718,2.2088167128314158e-05,0.0003799177846974797,0.00020324587821960452,0.0003762245178222656,0.0005817413330078125
2148,1.2947674246190993e-08,0.0,1.2947392919192259e-08,2.8132699873377016e-13,0.0,0.9999782720051968,2.1727994803123213e-05,0.0003799679312441084,0.00020265579223632812,0.0003762245178222656,0.0005831718444824219
2149,1.3041451796769247e-08,0.0,1.3041172014081489e-08,2.79782687758375e-13,0.0,0.9999785466608996,2.145333910045854e-05,0.000380023015042146,0.00020194053649902344,0.00037598609924316406,0.0005841255187988281
2150,1.3134486303528789e-08,0.0,1.313420746139422e-08,2.788421345674882e-13,0.0,0.9999787702291415,2.1229770858459292e-05,0.0003800757477680842,0.00020122528076171875,0.00037598609924316406,0.0005850791931152344
2151,1.322749698495597e-08,0.0,1.3227219641067374e-08,2.773438885957566e-13,0.0,0.9999790327762758,2.096722372427589e-05,0.00038013301458623673,0.0002007365226745606,0.0003757476806640625,0.0005860328674316406
2152,1.3320753580269994e-08,0.0,1.3320475569146612e-08,2.780111233816978e-13,0.0,0.9999791294747924,2.0870525207633404e-05,0.0003801924528347121,0.00019979476928710938,0.0003757476806640625,0.0005869865417480469
2153,1.3419044919173623e-08,5.110225677555043e-12,1.3413655680276133e-08,2.7901321993558315e-13,0.00038081888154747624,0.9995983887877303,2.0792330722205037e-05,0.0003802538083659278,0.00019931793212890625,0.0003757476806640625,0.0005879521369934072
2154,1.3517958922396308e-08,1.0852127681945084e-11,1.3506830807666334e-08,2.7598704802992794e-13,0.0008027933613532053,0.9991767903132522,2.0416325394559207e-05,0.00038031566970878175,0.00019860267639160156,0.0003757476806640625,0.0005893707275390625
2155,1.3616678911342273e-08,1.6667684558069178e-11,1.3599735231076434e-08,2.7599570776952006e-13,0.001224063860695541,0.9987556671949042,2.0268944400210845e-05,0.0003803787165217929,0.00019788742065429688,0.0003757476806640625,0.0005903244018554688
2156,1.3715269039506707e-08,2.234713186047034e-11,1.3692647120564258e-08,2.747870819774791e-13,0.0016293615383044715,0.9983506033401688,2.0035121526669103e-05,0.00038044574360052743,0.00019741058349609375,0.00037550926208496094,0.000591278076171875
2157,1.381367773168062e-08,2.799903657201006e-11,1.3785405187833334e-08,2.7350727527704836e-13,0.0020269067453192713,0.9979532935112243,1.9799743456427987e-05,0.000380512838355369,0.00019693374633789062,0.00037550926208496094,0.0005922317504882812
2158,1.39119168296134e-08,3.4036446973713167e-11,1.3877604861802062e-08,2.755208376263123e-13,0.0024465677440841205,0.997533627591972,1.980466394392388e-05,0.00038057617015308805,0.00019621849060058594,0.0003757476806640625,0.0005931854248046875
2159,1.401071664331817e-08,3.980979374347936e-11,1.3970630441030489e-08,2.7640854420122707e-13,0.002841381690669263,0.9971388899434492,1.9728365881487486e-05,0.0003806468860970603,0.00019550323486328125,0.0003757476806640625,0.0005941390991210938
2160,1.4109006874743957e-08,4.5374719571754604e-11,1.4063358848322828e-08,2.73306849374322e-13,0.0032160108769227628,0.9967646180325532,1.9371090523994223e-05,0.0003807175333301226,0.00019502639770507812,0.0003757476806640625,0.0005953311920166016
2161,1.4207073814804936e-08,5.1086403924833445e-11,1.415571162245097e-08,2.7578842913082263e-13,0.0035958427886534396,0.9963847451612139,1.9412050132619742e-05,0.0003807893229855431,0.000194549560546875,0.0003757476806640625,0.0005965232849121094
2162,1.4304421328815946e-08,5.6636404292997884e-11,1.424750895207435e-08,2.7597244859715427e-13,0.0039593635415999025,0.9960213436507951,1.9292807604961534e-05,0.0003808614272210333,0.00019407272338867188,0.0003757476806640625,0.0005974769592285156
2163,1.4402732037765327e-08,6.224361971487632e-11,1.4340215553562501e-08,2.7286448794905393e-13,0.004321653666239687,0.9956594010053855,1.8945328374754e-05,0.0003809348158538341,0.00019359588623046875,0.0003757476806640625,0.0005984306335449219
2164,1.4499849411423832e-08,6.780402504502421e-11,1.4431768572316395e-08,2.768140624128301e-13,0.0046761882224517605,0.995304720954288,1.9090823260187776e-05,0.0003810107202993499,0.00019311904907226562,0.0003757476806640625,0.0005993843078613281
2165,1.4597218354776921e-08,7.310923704366993e-11,1.4523837844201836e-08,2.7127353141587236e-13,0.005008436214817944,0.9949729798656419,1.858391954019777e-05,0.0003810888354976972,0.00019240379333496094,0.0003757476806640625,0.00060058832168579
2166,1.4695030385378683e-08,7.870305357247884e-11,1.4616056153485664e-08,2.711783205396521e-13,0.005355759839107723,0.9946257864174546,1.8453743437609367e-05,0.0003811679176158375,0.00019216537475585938,0.0003757476806640625,0.0006017684936523438
2167,1.479144774355476e-08,8.405994911030454e-11,1.47071142240929e-08,2.7357035155735826e-13,0.005683010248062628,0.9942984945811942,1.8495170743280627e-05,0.00038124534487724303,0.00019167661666870124,0.0003757476806640625,0.00060272216796875
2168,1.488837221563975e-08,8.948868549518057e-11,1.479861203825079e-08,2.7149189378109926e-13,0.00601064268135207,0.9939711221556732,1.823516297476133e-05,0.00038132431192530524,0.00019121170043945312,0.0003757476806640625,0.0006036758422851562
2169,1.4984900135703148e-08,9.455149000149435e-11,1.4890075109792452e-08,2.735359092009839e-13,0.006309784459371549,0.9936719614377166,1.8254102911854245e-05,0.00038140459855397544,0.00019073486328125,0.0003757476806640625,0.0006046295166015625
2170,1.5081227948636747e-08,9.985011693303061e-11,1.498110316717417e-08,2.7466452954631293e-13,0.0066208214127587975,0.9933609662420343,1.8212345207018835e-05,0.00038148578049408064,0.00019024610519409186,0.0003757476806640625,0.0006055831909179688
2171,1.517706440204925e-08,1.0503665239282732e-10,1.507175469121251e-08,2.7305844391145593e-13,0.006920748941319969,0.9930612595395906,1.799151908946152e-05,0.0003815660406317976,0.00018978118896484375,0.0003757476806640625,0.0006067872047424306
2172,1.5272999664060437e-08,1.0990972104129844e-10,1.5162817956024686e-08,2.719869944501838e-13,0.007196341482278154,0.9927858501630806,1.780835464104725e-05,0.00038164676896606885,0.00018930435180664062,0.0003757476806640625,0.0006077289581298828
2173,1.5368189431245484e-08,1.1468921546643374e-10,1.525322840753647e-08,2.718082425801074e-13,0.0074627669042949185,0.992519546676378,1.768641932715162e-05,0.0003817310929298401,0.0001888275146484375,0.0003757476806640625,0.0006089210510253906
2174,1.5462861747925953e-08,1.1932287853829283e-10,1.534326739964019e-08,2.7146974746998294e-13,0.007716739662003232,0.9922657040956986,1.7556242298188782e-05,0.0003818174893967807,0.00018835067749023438,0.0003757476806640625,0.0006098747253417969
2175,1.5557862803767896e-08,1.2427588939215574e-10,1.5433316505971738e-08,2.70408404001721e-13,0.007987979516187651,0.9919946396643892,1.7380819423104304e-05,0.0003819014297591315,0.00018787384033203125,0.0003757476806640625,0.0006105899810791016
2176,1.565281603344185e-08,1.290130618741416e-10,1.552353068988671e-08,2.7228168099820624e-13,0.008242163045838425,0.991740441893719,1.739506044257361e-05,0.00038198910860551727,0.0001876354217529297,0.0003757476806640625,0.0006115436553955078
2177,1.5746664404533718e-08,1.336401914234467e-10,1.5612749661855274e-08,2.7455125499453733e-13,0.008486888904863531,0.9914956755768614,1.743551827493635e-05,0.0003820742242452171,0.00018739700317382812,0.0003757476806640625,0.0006127357482910156
2178,1.5840168803526505e-08,1.3829287923876737e-10,1.5701601509625703e-08,2.744146620368172e-13,0.008730518023771259,0.9912521580028899,1.7323973338953568e-05,0.00038216049063743816,0.000186920166015625,0.0003757476806640625,0.0006136894226074219
2179,1.5933014523341757e-08,1.428200512926759e-10,1.5789921044856654e-08,2.73427192427336e-13,0.008963780901815254,0.9910190580523558,1.7161045828883606e-05,0.0003822487510689017,0.00018644332885742188,0.0003758668899536133,0.0006146430969238281
2180,1.6026316323013442e-08,1.4691682355800325e-10,1.587912674826575e-08,2.727511896893909e-13,0.009167223496458377,0.9908157575464592,1.7018957082341255e-05,0.0003823372965885533,0.00018596649169921875,0.0003758072853088379,0.0006153702735900868
2181,1.6117590016137203e-08,1.5115387340455434e-10,1.5966162234894106e-08,2.7390783854016246e-13,0.009378193219533227,0.990604812438368,1.699434209865875e-05,0.0003824231976436244,0.0001857280731201172,0.00037598609924316406,0.0006163120269775391
2182,1.620993454609867e-08,1.5529908380605392e-10,1.605436418403061e-08,2.712782620067911e-13,0.009580488025069204,0.9904027766660228,1.6735308907961078e-05,0.0003825130266033941,0.00018548965454101562,0.00037598609924316406,0.0006175041198730469
2183,1.630070149646859e-08,1.594005803448434e-10,1.6141030084457257e-08,2.7083166649195407e-13,0.009778755863934823,0.9902046294114443,1.661472462093901e-05,0.0003826021995757603,0.0001850128173828125,0.00037598609924316406,0.0006180047988891581
2184,1.639123354407088e-08,1.6351137298954978e-10,1.6227452358177975e-08,2.6981290335639767e-13,0.009975537994130767,0.9900080012006083,1.6460805260992437e-05,0.0003826884717370073,0.00018477439880371094,0.0003757476806640625,0.0006189465522766103
2185,1.6481520913003355e-08,1.6716456705332676e-10,1.6314083266822287e-08,2.730791277422613e-13,0.010142544971164624,0.989840886222523,1.6568806312456955e-05,0.00038277789877934587,0.0001844108104705811,0.0003757476806640625,0.0006203651428222656
2186,1.657134527404575e-08,1.7115950937956638e-10,1.639991474139754e-08,2.7102326864240443e-13,0.010328643000857543,0.9896550020645151,1.6354934627237806e-05,0.00038286705853210555,0.00018405914306640625,0.0003757476806640625,0.0006213188171386719
2187,1.6660886232559116e-08,1.7498080949625964e-10,1.6485634707113198e-08,2.7071594965732964e-13,0.010502491107244213,0.9894812603003412,1.624859241450733e-05,0.000382957028845946,0.0001838207244873047,0.0003757476806640625,0.0006222724914550781
2188,1.6749692580482325e-08,1.7839717410441212e-10,1.657102414669884e-08,2.7125967907067526e-13,0.010650773036413244,0.9893330320586493,1.6194904937345664e-05,0.00038304969751172595,0.00018334388732910156,0.0003757476806640625,0.0006232261657714844
2189,1.6838247937163765e-08,1.8202553490567158e-10,1.6655951614884088e-08,2.707873740052472e-13,0.010810241991028193,0.9891736763254726,1.6081683499124114e-05,0.0003831422126127614,0.000183093547821045,0.0003757476806640625,0.0006237030029296875
2190,1.692630091069463e-08,1.8562212924198733e-10,1.674040638498788e-08,2.7239646475940563e-13,0.010966491156062621,0.9890174157550694,1.609308886782794e-05,0.00038323541171848775,0.00018262863159179688,0.0003757476806640625,0.0006248950958251953
2191,1.7013397205281147e-08,1.8931823226991737e-10,1.6823809684022986e-08,2.6928898824371547e-13,0.011127597268530878,0.9888565746763786,1.58280550906156e-05,0.00038332786897404326,0.0001823902130126953,0.0003757476806640625,0.0006256103515625
2192,1.710091373953768e-08,1.9307730668756698e-10,1.690756687570079e-08,2.695571493248021e-13,0.01129046725972122,0.9886937700065775,1.5762733701274695e-05,0.0003834191829017881,0.0001819133758544922,0.0003757476806640625,0.0006265640258789062
2193,1.7187518110493416e-08,1.9635041323533345e-10,1.6990896666359297e-08,2.710308987874735e-13,0.011424012005285191,0.9885602189408559,1.5769053859032866e-05,0.00038351304927426906,0.00018167495727539062,0.0003757476806640625,0.0006275177001953125
2194,1.727289010200514e-08,1.9972584815195447e-10,1.7072894597372447e-08,2.696564807384836e-13,0.0115629664157227,0.9884214220404566,1.5611543820751818e-05,0.00038360973064684205,0.00018143653869628906,0.00037550926208496094,0.0006284713745117188
2195,1.7358524000220348e-08,2.030190247895297e-10,1.715523450245853e-08,2.704729722887803e-13,0.011695638683735587,0.9882887797511334,1.558156513107606e-05,0.00038370086676958536,0.00018095970153808594,0.00037544965744018555,0.000629425048828125
2196,1.7443266947385584e-08,2.0616133383899167e-10,1.7236837482481066e-08,2.681310655276713e-13,0.011818963412119961,0.9881656649796638,1.537160821630716e-05,0.0003837968192787634,0.00018070936203002936,0.00037550926208496094,0.0006303787231445312
2197,1.7527477249171145e-08,2.092234896558516e-10,1.7317988114649813e-08,2.6564486547975266e-13,0.01193688553586601,0.9880479585542615,1.515590987244412e-05,0.0003838918935507536,0.00018024444580078125,0.00037550926208496094,0.0006313323974609375
2198,1.761121434379706e-08,2.124084242377094e-10,1.7398538661260382e-08,2.672582989695729e-13,0.012060975472286094,0.98792384906657,1.517546114380837e-05,0.00038398635108023883,0.0001800060272216797,0.00037550926208496094,0.0006322860717773438
2199,1.7695120653694093e-08,2.1554627993727383e-10,1.747930877559477e-08,2.6559816204872213e-13,0.012181113887588874,0.987803876428824,1.5009683587168702e-05,0.0003840813627660585,0.0001797556877136231,0.0003752708435058594,0.00063323974609375
2200,1.7777427875274066e-08,2.1915609626860185e-10,1.7558004826849703e-08,2.6695215576124664e-13,0.01232777305053323,0.9876572105951531,1.5016354313693492e-05,0.0003841744990584428,0.000179290771484375,0.0003752708435058594,0.0006337165832519531
2201,1.78606913492266e-08,2.2184935310271476e-10,1.763857416810255e-08,2.6782802133492215e-13,0.012421095508843292,0.987563909101779,1.4995389377607691e-05,0.0003842727875130044,0.00017881393432617188,0.0003752708435058594,0.0006346702575683594
2202,1.7942712168691156e-08,2.2525285319608927e-10,1.771719160910335e-08,2.6770639171340006e-13,0.01255400248737984,0.987431077449856,1.4920062764007885e-05,0.00038436763063590557,0.0001785635948181153,0.0003752708435058594,0.0006356239318847656
2203,1.8024963231614395e-08,2.281190786477873e-10,1.7796573892000656e-08,2.702609659503693e-13,0.01265573059520499,0.9873292757006482,1.4993704146722054e-05,0.00038446528640472227,0.0001780986785888672,0.00037550926208496094,0.0006365776062011719
2204,1.8106345074333386e-08,2.3115842179575283e-10,1.7874914309971888e-08,2.723425657445245e-13,0.012766708070941993,0.9872182506512834,1.5041277774529063e-05,0.00038456089629067313,0.00017762184143066406,0.0003757476806640625,0.0006375312805175781
2205,1.8186523944562183e-08,2.342455919697208e-10,1.7952004996962665e-08,2.7335562979846586e-13,0.012880173950985329,0.9871047953795679,1.5030669446879093e-05,0.0003846570592787531,0.0001773834228515625,0.0003757476806640625,0.0006384849548339844
2206,1.8267214031168774e-08,2.3750513851417564e-10,1.8029438409478087e-08,2.704831765105068e-13,0.013001716523873212,0.9869834764466558,1.4807029470886468e-05,0.0003847526074904535,0.00017714500427246094,0.0003757476806640625,0.0006389737129211415
2207,1.8347126714912876e-08,2.405965492993433e-10,1.8106257937009147e-08,2.7222860438681267e-13,0.013113581926906412,0.9868715804034892,1.4837669604447674e-05,0.00038484703325149087,0.0001766681671142578,0.0003756284713745117,0.0006399154663085938
2208,1.8426627722235805e-08,2.434826834460396e-10,1.8182874205228137e-08,2.70833561628929e-13,0.013213632310605801,0.986771669744349,1.4697945045153778e-05,0.0003849453675631796,0.00017642974853515625,0.00037550926208496094,0.000640869140625
2209,1.8505221255716703e-08,2.4662954669721745e-10,1.825831868725601e-08,2.730217634726765e-13,0.013327565409196484,0.9866576808215995,1.4753769203831248e-05,0.0003850414562556479,0.00017595291137695312,0.0003752708435058594,0.0006418228149414062
2210,1.8583579309162146e-08,2.497008586151703e-10,1.8333610254014618e-08,2.681965323585748e-13,0.013436639651655364,0.9865489284389748,1.443190936992141e-05,0.0003851378172920603,0.00017571449279785156,0.00037550926208496094,0.0006427764892578125
2211,1.8662165386986393e-08,2.524807785439245e-10,1.8409413779958816e-08,2.7082848365384593e-13,0.01352901838068512,0.9864564694510838,1.4512168231169015e-05,0.0003852365676365379,0.00017547607421875,0.0003752708435058594,0.0006435036659240712
2212,1.87396389116749e-08,2.557215198336943e-10,1.848364364084306e-08,2.737509981452695e-13,0.013646021731740966,0.9863393701427003,1.4608125558637157e-05,0.00038533250849124873,0.00017499923706054688,0.0003752708435058594,0.0006442070007324219
2213,1.881716241849489e-08,2.5888680954400746e-10,1.855800532325775e-08,2.702856931324766e-13,0.013758015357807322,0.9862276208562445,1.4363785948237337e-05,0.00038542582280933857,0.00017499327659606937,0.0003752708435058594,0.0006451606750488281
2214,1.8894078619176123e-08,2.619907757703771e-10,1.863181674635064e-08,2.7109705510545466e-13,0.013866290124593608,0.9861193616205605,1.434825484584947e-05,0.00038552410455627574,0.00017452239990234375,0.0003752708435058594,0.0006461143493652344
2215,1.8970536222877234e-08,2.6500433846904643e-10,1.8705258242662026e-08,2.7364174616199554e-13,0.013969259242628493,0.9860163161916689,1.4424565702681686e-05,0.0003856197971747153,0.0001742839813232422,0.0003752708435058594,0.0006470680236816406
2216,1.904665567448384e-08,2.678673274998689e-10,1.877851412335984e-08,2.7422362413228177e-13,0.0140637459970845,0.9859218565344665,1.4397468448996527e-05,0.00038571879950662454,0.00017404556274414062,0.0003752708435058594,0.0006475567817687978
2217,1.9122538065247305e-08,2.711699497037863e-10,1.885109458034056e-08,2.73535202960723e-13,0.014180646354502594,0.9858050493098477,1.4304335649765927e-05,0.0003858118768419243,0.00017380714416503906,0.0003752708435058594,0.00064849853515625
2218,1.919734003983241e-08,2.7393731851985055e-10,1.8923129347985366e-08,2.733733271943872e-13,0.01426954556993105,0.9857162142631173,1.4240166951628038e-05,0.00038591102360644277,0.0001735687255859375,0.0003752708435058594,0.0006494522094726562
2219,1.9272314923279312e-08,2.7694093786191873e-10,1.8995102202930686e-08,2.71782486706978e-13,0.01436988441525505,0.9856160133615408,1.4102223204057752e-05,0.0003860065575896038,0.00017309188842773438,0.0003752708435058594,0.000650179386138915
2220,1.934704740048583e-08,2.7999534862560403e-10,1.906678025618658e-08,2.7179567364342025e-13,0.01447225216487416,0.9855136994034444,1.4048431681445879e-05,0.0003861019662969435,0.0001728415489196778,0.0003752708435058594,0.0006508827209472656
2221,1.942058826574121e-08,2.830862885359856e-10,1.9137232744373774e-08,2.692328314523488e-13,0.014576607292342557,0.9854095294390598,1.3863268597650441e-05,0.00038619770413626813,0.00017261505126953125,0.0003752708435058594,0.0006518363952636719
2222,1.9495257970708267e-08,2.8612628542114895e-10,1.9208866146909878e-08,2.65538377238495e-13,0.014676711939439594,0.9853096673955947,1.3620664965678724e-05,0.00038629383366141053,0.00017213821411132812,0.0003752708435058594,0.0006525635719299306
2223,1.9568683611908985e-08,2.892727376963283e-10,1.9279142242677317e-08,2.6863153533983804e-13,0.014782432146855526,0.9852038402289125,1.372762423203347e-05,0.0003863899288052279,0.00017189979553222656,0.0003751516342163086,0.0006532669067382812
2224,1.9641863806062044e-08,2.9226060679419506e-10,1.9349337954628503e-08,2.6524463934679753e-13,0.014879474253558109,0.9851070217000863,1.3504046355567103e-05,0.00038648535633789533,0.000171661376953125,0.0003752708435058594,0.0006542205810546875
2225,1.971502510667202e-08,2.9560615383074077e-10,1.941915175854289e-08,2.6719429838884023e-13,0.014993952695028566,0.9849924944792995,1.3552825671949843e-05,0.0003865800129974054,0.00017118453979492188,0.0003750324249267578,0.0006549477577209462
2226,1.9787293166476962e-08,2.990850246370654e-10,1.9487946700242036e-08,2.614415978629752e-13,0.015115004468815689,0.9848717829307715,1.3212600412971176e-05,0.0003866717605851591,0.0001709461212158203,0.0003750324249267578,0.0006558895111083984
2227,1.9859284706406377e-08,3.0198728223595893e-10,1.955703516718645e-08,2.622569839697715e-13,0.015206352429125571,0.9847804418090433,1.320576183114845e-05,0.00038676759510094096,0.00017070770263671875,0.0003750324249267578,0.0006566047668457031
2228,1.9931368363671313e-08,3.052802926037357e-10,1.9625824575165633e-08,2.6349590194487786e-13,0.015316574709449792,0.9846702051293883,1.3220161161897393e-05,0.00038685922987901397,0.0001704692840576172,0.00037479400634765625,0.0006575584411621094
2229,2.00029352585086e-08,3.084846382415537e-10,1.9694186347348502e-08,2.642729185443541e-13,0.015421968538859033,0.9845648197542026,1.3211706938457493e-05,0.00038695656503033305,0.00017023086547851562,0.00037479400634765625,0.0006582856178283681
2230,2.007420834008875e-08,3.1188872440164216e-10,1.9762058060829433e-08,2.615548576746831e-13,0.015536788256739955,0.9844501823448777,1.302939838241844e-05,0.00038704697465032545,0.00016999244689941406,0.00037479400634765625,0.0006589889526367188
2231,2.014548001406265e-08,3.152437749330071e-10,1.9829971889844795e-08,2.643492848475924e-13,0.015648362546484357,0.9843385154388175,1.312201469823812e-05,0.0003871405237506325,0.0001697540283203125,0.00037479400634765625,0.000659942626953125
2232,2.0215666341971675e-08,3.1844162623752205e-10,1.9896962213947334e-08,2.6250178681855374e-13,0.01575222012723741,0.9842347948055192,1.2985067243296785e-05,0.00038723292062059044,0.00016950368881225592,0.00037479400634765625,0.0006606698036193837
2233,2.028603163452168e-08,3.217394388983619e-10,1.9964026985228574e-08,2.652103947423703e-13,0.015860146759844495,0.9841267796928239,1.307354733150714e-05,0.0003873248833697289,0.00016927719116210938,0.00037479400634765625,0.0006613731384277344
2234,2.0356691485300995e-08,3.252452692515845e-10,2.0031177931155544e-08,2.682848938666266e-13,0.015977314854254934,0.9840095059464602,1.317919928493035e-05,0.0003874156846561366,0.0001690387725830078,0.0003743171691894531,0.0006623268127441406
2235,2.0426696995071245e-08,3.283432184662415e-10,2.0098086120610844e-08,2.6765599415654e-13,0.016074219857741434,0.9839126768982919,1.3103243966517086e-05,0.0003875066508642501,0.00016880035400390625,0.0003743171691894531,0.0006628155708312978
2236,2.0496844838763422e-08,3.321226141355551e-10,2.016445437484522e-08,2.6784978264584627e-13,0.016203597029111925,0.9837833351165547,1.3067854333330929e-05,0.0003875976890946428,0.0001685619354248047,0.0003743171691894531,0.00066375732421875
2237,2.056623196942822e-08,3.358624263582645e-10,2.0230100031052786e-08,2.695120171686875e-13,0.01633077108424748,0.9836561243267559,1.3104588996628944e-05,0.000387685450595907,0.00016832351684570312,0.00037407875061035156,0.0006644725799560547
2238,2.0635313209489363e-08,3.393175791710086e-10,2.0295727037130587e-08,2.6859318776629485e-13,0.016443539079163086,0.9835434447293674,1.3016191469426279e-05,0.0003877743109025889,0.0001678466796875,0.00037407875061035156,0.0006651878356933594
2239,2.0704005536788e-08,3.4315387396905114e-10,2.0360585891484485e-08,2.657713344609647e-13,0.016574274642620082,0.9834128886464357,1.2836710944108269e-05,0.00038786174845558384,0.00016760826110839844,0.00037419795989990234,0.0006656765937805165
2240,2.0772589441753184e-08,3.470001278513628e-10,2.042532324683912e-08,2.660670627052109e-13,0.01670471217969041,0.9832824792552798,1.2808565029953007e-05,0.00038794686953123246,0.00016736984252929688,0.0003743171691894531,0.0006666183471679688
2241,2.0841052256854474e-08,3.504744721929336e-10,2.0490311553084463e-08,2.6623157707630403e-13,0.016816543995645184,0.9831706816216703,1.2774382684479972e-05,0.0003880349427668585,0.00016701221466064453,0.00037407875061035156,0.0006670951843261719
2242,2.0908219238150395e-08,3.5409694981353385e-10,2.0553856317358298e-08,2.6597097856286843e-13,0.016935777541849533,0.983051501576686,1.2720881464527681e-05,0.00038812098072634805,0.00016689300537109375,0.00037407875061035156,0.0006680488586425781
2243,2.0977140706415246e-08,3.5807046721188343e-10,2.061880420988452e-08,2.6602931884480113e-13,0.017069555485337333,0.9829177626471686,1.2681867494145368e-05,0.0003882080697609733,0.0001666545867919922,0.00037407875061035156,0.0006685256958007812
2244,2.104476886909417e-08,3.617816264230994e-10,2.0682717111998385e-08,2.701306726861271e-13,0.017191047745570776,0.9827961162535034,1.2836000925761382e-05,0.0003882935368714647,0.00016641616821289062,0.00037407875061035156,0.0006694793701171875
2245,2.111353458591481e-08,3.655167958037151e-10,2.0747745729185475e-08,2.72060925618084e-13,0.017311966137946295,0.9826751482447966,1.2885617257073592e-05,0.0003883807001531952,0.00016617774963378906,0.00037384033203125,0.0006701946258544922
2246,2.1180504128795896e-08,3.6911115864085734e-10,2.081112550248474e-08,2.674676702991632e-13,0.017426929802819627,0.9825604421847085,1.2628012471881077e-05,0.0003884690945657591,0.00016617774963378906,0.00037384033203125,0.0006709098815917969
2247,2.1247738942410947e-08,3.7381330333357927e-10,2.0873658027061008e-08,2.6761201635951383e-13,0.017593086226574434,0.9823943189266475,1.2594846778042555e-05,0.00038854701472963726,0.0001659393310546875,0.00037384033203125,0.0006716251373291016
2248,2.131467014758893e-08,3.7735012452632896e-10,2.09370522354197e-08,2.67787642899373e-13,0.017703775001604423,0.9822836614615899,1.256353680564297e-05,0.0003886373077208797,0.0001659274101257325,0.00037384033203125,0.0006723403930664062
2249,2.138209522094341e-08,3.816953616739769e-10,2.1000132190572654e-08,2.6766869677761313e-13,0.017851167424421183,0.9821363142187942,1.2518356784579094e-05,0.0003887166450731456,0.00016546249389648438,0.00037384033203125,0.0006728172302246094
2250,2.1449298070031776e-08,3.858956895570608e-10,2.106313378609239e-08,2.6859438232457837e-13,0.01799106377733736,0.9819964139302572,1.2522292405449352e-05,0.0003888033141686012,0.0001652240753173828,0.00037360191345214844,0.0006735444068908681
2251,2.151497954044402e-08,3.90177622485308e-10,2.1124530979084164e-08,2.709388745446329e-13,0.018135161214160075,0.9818522457515757,1.2593034264119097e-05,0.0003888811231914183,0.00016498565673828125,0.00037360191345214844,0.0006742477416992188
2252,2.1581895583932302e-08,3.9444393794707287e-10,2.1187183514870782e-08,2.681311144455178e-13,0.01827661228426737,0.9817109638249115,1.2423890821024134e-05,0.00038896503851800743,0.00016450881958007812,0.0003733634948730469,0.0006747245788574219
2253,2.1647334414809586e-08,3.990124407760206e-10,2.1248052076769428e-08,2.698972641381282e-13,0.018432405262009732,0.9815551268165841,1.2467921406225582e-05,0.0003890444684646657,0.00016427040100097656,0.0003733634948730469,0.000675201416015625
2254,2.171283387099747e-08,4.0342117074738144e-10,2.1309143775029957e-08,2.6892522012796967e-13,0.018579848818640117,0.9814077656391627,1.2385542197104992e-05,0.0003891265876591206,0.00016425848007202155,0.0003733634948730469,0.0006761550903320312
2255,2.1779123335759174e-08,4.075361661510274e-10,2.1371313676117343e-08,2.7349349080290676e-13,0.018712239233334666,0.9812752031679692,1.2557598696080545e-05,0.0003892075503244996,0.000164031982421875,0.0003733634948730469,0.0006766438484191884
2256,2.1844697217865937e-08,4.121773713501945e-10,2.1432249948760098e-08,2.6989775564591254e-13,0.01886853213113389,0.981119112570326,1.235529854014976e-05,0.00038928954787681707,0.00016379356384277344,0.0003733038902282715,0.0006775856018066406
2257,2.19090661840367e-08,4.1678744445470523e-10,2.1492007622337672e-08,2.7111724432322943e-13,0.019023514783956575,0.9809641105560718,1.2374659971622608e-05,0.0003893644097778532,0.00016355514526367188,0.0003731250762939453,0.0006783008575439453
2258,2.197480913564083e-08,4.212504102529846e-10,2.155328321271544e-08,2.7551267240615374e-13,0.019169695975641523,0.9808177663649547,1.2537659403798922e-05,0.00038944311718417643,0.0001633167266845703,0.00037294626235961914,0.0006787776947021484
2259,2.2038751680570803e-08,4.2610392818431543e-10,2.1612371210734235e-08,2.7654165225307873e-13,0.019334304154802265,0.9806531478725965,1.2547972601228397e-05,0.00038952198937638766,0.00016307830810546875,0.00037288665771484375,0.0006794929504394531
2260,2.210459545335952e-08,4.310916662281759e-10,2.1673231691614858e-08,2.720955164881334e-13,0.019502354935098228,0.9804853356101976,1.230945470421534e-05,0.00038959725809723346,0.00016260147094726562,0.00037288665771484375,0.0006799817085266103
2261,2.2168250570366116e-08,4.3595672885860886e-10,2.1732017135755e-08,2.767057525041168e-13,0.019665815643629694,0.9803217022819897,1.2482074380465959e-05,0.0003896750449461655,0.00016260147094726562,0.00037288665771484375,0.000680696964263915
2262,2.223278664384986e-08,4.4089203723711595e-10,2.179161829672695e-08,2.7630988579531424e-13,0.019830714174512966,0.9801568577889022,1.2428036584957217e-05,0.00038974974687961447,0.00016235113143920905,0.0003726482391357422,0.0006814002990722656
2263,2.2296668632716626e-08,4.454802422517174e-10,2.1850912311203693e-08,2.760792612171605e-13,0.01997967721501004,0.9800079406993177,1.2382085672299065e-05,0.0003898271639643806,0.0001621127128601075,0.0003726482391357422,0.0006821155548095703
2264,2.2361314794067244e-08,4.507136673319036e-10,2.1910322638120783e-08,2.784886145565519e-13,0.020155955563555858,0.979831590400663,1.2454035781046232e-05,0.00038990216156364313,0.00016164779663085938,0.0003724098205566406,0.0006826043128967275
2265,2.2424900972298878e-08,4.5551415171423725e-10,2.1969110223149995e-08,2.765974346476082e-13,0.020312872385787863,0.9796747932259806,1.2334388231603992e-05,0.000389977244532929,0.0001614093780517578,0.0003724098205566406,0.0006833076477050781
2266,2.2488105907995473e-08,4.607028224958051e-10,2.2027127515745286e-08,2.7556975437984467e-13,0.020486510708401,0.9795012352691611,1.2254022437784232e-05,0.00039005089036395983,0.00016117095947265625,0.0003724098205566406,0.0006837844848632812
2267,2.2552580932920204e-08,4.662312064752182e-10,2.208606841965584e-08,2.813067891420293e-13,0.020673075417042684,0.979314451208403,1.2473374554280094e-05,0.0003901238480013692,0.0001609325408935547,0.00037217140197753906,0.0006847381591796875
2268,2.2617838283984606e-08,4.713214293970492e-10,2.214623782076639e-08,2.7903382116429964e-13,0.020838482594102977,0.9791491805142073,1.2336891689683705e-05,0.0003901999059534218,0.00016069412231445312,0.00037229061126708984,0.0006852149963378906
2269,2.2679943626601732e-08,4.766529935507462e-10,2.2203013435177746e-08,2.77197873239578e-13,0.021016498162353056,0.9789712796788178,1.2222158829109584e-05,0.0003902706612069677,0.00016021728515625,0.0003724098205566406,0.0006859302520751953
2270,2.2743638180465738e-08,4.821726275348247e-10,2.2261185865645285e-08,2.7968728562889124e-13,0.021200329679398323,0.9787873729351346,1.2297385467075869e-05,0.00039034504888372287,0.00016021728515625,0.00037217140197753906,0.0006864190101623525
2271,2.2807204690835746e-08,4.878150980602931e-10,2.231910977287996e-08,2.798198954949273e-13,0.021388640329794734,0.978599090744693,1.2268925512268624e-05,0.0003904146317638353,0.00015974044799804688,0.00037217140197753906,0.0006868958473205556
2272,2.287114858916751e-08,4.930857980055618e-10,2.2377781744982805e-08,2.810461791405683e-13,0.021559293189109995,0.9784284185701816,1.228824070836917e-05,0.0003904910544709613,0.00015974044799804688,0.0003719329833984375,0.0006875991821289062
2273,2.2934100554835893e-08,4.986257427317765e-10,2.243519697844558e-08,2.778336585341382e-13,0.021741674217375665,0.978246211348144,1.2114434480211352e-05,0.00039056280378200526,0.00015926361083984375,0.0003719329833984375,0.0006880760192871094
2274,2.299696935753721e-08,5.041014731410008e-10,2.249259092112885e-08,2.7696326736135574e-13,0.021920343733283384,0.9780676127985946,1.2043468122054161e-05,0.0003906362529895786,0.00015926361083984375,0.0003719329833984375,0.0006885528564453125
2275,2.3059987385909387e-08,5.097429978735309e-10,2.254996384056962e-08,2.8054746623510523e-13,0.02210508572025521,0.9778827482945021,1.2165985242755657e-05,0.0003907123543580787,0.00015926361083984375,0.0003719329833984375,0.0006892740726470942
2276,2.3123552256953846e-08,5.15283211836732e-10,2.2607986700014483e-08,2.8234510262922963e-13,0.022283912355281536,0.9777038773623409,1.2210282377540899e-05,0.0003907845330217646,0.0001590251922607422,0.0003719329833984375,0.0006895065307617188
2277,2.3186247612683934e-08,5.212143684102096e-10,2.266475116430504e-08,2.820799686847956e-13,0.02247946183948633,0.9775083723295696,1.2165830944136255e-05,0.00039085723251789913,0.00015878677368164062,0.0003719329833984375,0.000690460205078125
2278,2.3249103395737547e-08,5.272517269829213e-10,2.2721572697746268e-08,2.789710083581055e-13,0.022678368193742336,0.9773096325904768,1.1999215780908419e-05,0.00039092885420864655,0.00015878677368164062,0.0003719329833984375,0.0006909370422363281
2279,2.3311958041590658e-08,5.33743770597091e-10,2.27779344278556e-08,2.798431379654976e-13,0.02289570741526059,0.9770922883104752,1.2004274264145119e-05,0.00039099695903456043,0.00015878081321716312,0.0003719329833984375,0.0006918907165527344
2280,2.3375081581976455e-08,5.396387294782201e-10,2.2835165271520552e-08,2.7758097768164727e-13,0.023086068281118338,0.9769020566382874,1.1875080594186175e-05,0.00039106986256148146,0.0001583099365234375,0.0003719329833984375,0.0006923675537109375
2281,2.3437344542348616e-08,5.456947380989642e-10,2.289136861556094e-08,2.8118868871151646e-13,0.023283129925958802,0.9767048726104121,1.1997463629185486e-05,0.0003911389107039819,0.0001583099365234375,0.0003719329833984375,0.0006928443908691406
2282,2.3499667401318458e-08,5.521458116854569e-10,2.2947239715339564e-08,2.818742934375393e-13,0.02349589899533976,0.9764921061841113,1.1994820548895284e-05,0.0003912092839471168,0.00015807151794433594,0.0003719329833984375,0.0006935715675353993
2283,2.3563539955923007e-08,5.583554664520404e-10,2.300490005333666e-08,2.8443613430691793e-13,0.02369573788558414,0.9762921910871067,1.2071027309095854e-05,0.0003912792552340155,0.00015783309936523438,0.00037169456481933594,0.00069427490234375
2284,2.362479738252855e-08,5.647402434046634e-10,2.3059772342492865e-08,2.8479663102104953e-13,0.023904553942219655,0.9760833910705392,1.2054987241146358e-05,0.00039134880483874846,0.00015783309936523438,0.00037169456481933594,0.0006947517395019531
2285,2.3688076501319475e-08,5.715104579611464e-10,2.3116286825158935e-08,2.7921819939288317e-13,0.0241265033878674,0.9758617093233092,1.1787288823443732e-05,0.0003914186972655847,0.00015783309936523438,0.00037169456481933594,0.0006954789161682118
2286,2.3751078070789237e-08,5.779517947072521e-10,2.3172842489031118e-08,2.837870508661361e-13,0.02433370784200563,0.9756543437719034,1.1948386090952123e-05,0.0003914906198042445,0.00015735626220703125,0.0003714561462402344,0.0006961822509765625
2287,2.3813376739248657e-08,5.844592031741387e-10,2.3228634882990123e-08,2.8265308439612766e-13,0.024543314859284387,0.9754448156319311,1.186950878454232e-05,0.00039155927629003093,0.00015735626220703125,0.0003714561462402344,0.0006966590881347656
2288,2.3875951926125267e-08,5.912162555242851e-10,2.3284448239678017e-08,2.8743092296650944e-13,0.024761997232762532,0.9752259642556902,1.2038511547344845e-05,0.00039162888339099787,0.00015735626220703125,0.0003714561462402344,0.0006971359252929688
2289,2.393774387243792e-08,5.978142478746386e-10,2.333964575828647e-08,2.8386627681157916e-13,0.024973708928474496,0.975014432548921,1.1858522604480897e-05,0.0003917011784441355,0.0001571178436279297,0.0003714561462402344,0.0006976127624511719
2290,2.400017884894963e-08,6.049823723235251e-10,2.3394910642360406e-08,2.858342657017282e-13,0.02520741100018937,0.9747806793274911,1.1909672319555975e-05,0.0003917688267942544,0.00015687942504882812,0.0003714561462402344,0.0006983280181884766
2291,2.4062376490498325e-08,6.118874739993355e-10,2.3450198325236318e-08,2.9069126267172234e-13,0.02542922035323301,0.9745586989089069,1.208073786005757e-05,0.00039183922703765956,0.00015687942504882812,0.0003714561462402344,0.0006990432739257812
2292,2.412424013725559e-08,6.191668513899228e-10,2.350478208124854e-08,2.912046171261313e-13,0.025665755599643944,0.974322173362451,1.2071037904999864e-05,0.0003919055151572037,0.00015664100646972656,0.0003714561462402344,0.0006995201110839844
2293,2.418600543086674e-08,6.261086432227507e-10,2.3559605206286868e-08,2.915813571228654e-13,0.0258872282573664,0.9741007159545062,1.2055788127407865e-05,0.00039197555455353317,0.000156402587890625,0.0003713369369506836,0.0006999969482421875
2294,2.4247495773368203e-08,6.335145790003469e-10,2.3613687606882353e-08,2.935874855038441e-13,0.026127010596127462,0.9738608814530867,1.2107950785841586e-05,0.0003920419154067834,0.000156402587890625,0.0003711879253387451,0.0007004171609878537
2295,2.430925231727813e-08,6.411802545155942e-10,2.3667775290989128e-08,2.9677177341116353e-13,0.026375975951340412,0.9736118158667898,1.2208181869922382e-05,0.0003921146676099549,0.00015592575073242188,0.0003712177276611328,0.0007007122039794922
2296,2.437086109784434e-08,6.489089627197578e-10,2.3721652623987335e-08,2.9951113724585517e-13,0.026626427359891493,0.9733612829168998,1.2289723208522478e-05,0.00039217895331482094,0.00015592575073242188,0.00037109851837158203,0.0007011890411376953
2297,2.4433077483623423e-08,6.563520076791388e-10,2.3776424626291446e-08,3.008496528366286e-13,0.02686325568766632,0.9731244311007442,1.2313211589423266e-05,0.0003922491074772552,0.00015592575073242188,0.00037103891372680664,0.000701904296875
2298,2.449500175621763e-08,6.641283654926176e-10,2.383057041605578e-08,3.029746692334716e-13,0.027112811507516637,0.9728748196560877,1.2368836395635968e-05,0.000392314935180669,0.00015592575073242188,0.0003712177276611328,0.0007023811340332031
2299,2.4555971462936506e-08,6.719548990932383e-10,2.3883711884085703e-08,3.046797575632052e-13,0.02736421566979957,0.9726233767674198,1.2407562780526636e-05,0.0003923832251716198,0.0001556873321533203,0.00037097930908203125,0.0007028579711914062
2300,2.4617179717201036e-08,6.798193682789045e-10,2.393705795952035e-08,3.023894017834846e-13,0.02761564793727718,0.9723720683890749,1.228367364813089e-05,0.00039245038764784115,0.0001556873321533203,0.00037097930908203125,0.0007033348083496094
