year,delta_slr_p05_unw_cm,delta_slr_p17_unw_cm,delta_slr_p50_unw_cm,delta_slr_p83_unw_cm,delta_slr_p95_unw_cm,delta_slr_p05_cm,delta_slr_p17_cm,delta_slr_p50_cm,delta_slr_p83_cm,delta_slr_p95_cm,delta_slr_mean_cm,delta_slr_mean_unw_cm,n_tuples
1850,0.0,0.0,0.0,0.0,0.0,0.0,0.0,0.0,0.0,0.0,0.0,0.0,10000
1851,0.0,0.0,0.0,0.0,0.0,0.0,0.0,0.0,0.0,0.0,0.0,0.0,10000
1852,0.0,0.0,0.0,0.0,0.0,0.0,0.0,0.0,0.0,0.0,0.0,0.0,10000
1853,0.0,0.0,0.0,0.0,0.0,0.0,0.0,0.0,0.0,0.0,0.0,0.0,10000
1854,0.0,0.0,0.0,0.0,0.0,0.0,0.0,0.0,0.0,0.0,0.0,0.0,10000
1855,0.0,0.0,0.0,0.0,0.0,0.0,0.0,0.0,0.0,0.0,0.0,0.0,10000
1856,0.0,0.0,0.0,0.0,0.0,0.0,0.0,0.0,0.0,0.0,0.0,0.0,10000
1857,0.0,0.0,0.0,0.0,0.0,0.0,0.0,0.0,0.0,0.0,0.0,0.0,10000
1858,0.0,0.0,0.0,0.0,0.0,0.0,0.0,0.0,0.0,0.0,0.0,0.0,10000
1859,0.0,0.0,0.0,0.0,0.0,0.0,0.0,0.0,0.0,0.0,0.0,0.0,10000
1860,0.0,0.0,0.0,0.0,0.0,0.0,0.0,0.0,0.0,0.0,0.0,0.0,10000
1861,0.0,0.0,0.0,0.0,0.0,0.0,0.0,0.0,0.0,0.0,0.0,0.0,10000
1862,0.0,0.0,0.0,0.0,0.0,0.0,0.0,0.0,0.0,0.0,0.0,0.0,10000
1863,0.0,0.0,0.0,0.0,0.0,0.0,0.0,0.0,0.0,0.0,0.0,0.0,10000
1864,0.0,0.0,0.0,0.0,0.0,0.0,0.0,0.0,0.0,0.0,0.0,0.0,10000
1865,0.0,0.0,0.0,0.0,0.0,0.0,0.0,0.0,0.0,0.0,0.0,0.0,10000
1866,0.0,0.0,0.0,0.0,0.0,0.0,0.0,0.0,0.0,0.0,0.0,0.0,10000
1867,0.0,0.0,0.0,0.0,0.0,0.0,0.0,0.0,0.0,0.0,0.0,0.0,10000
1868,0.0,0.0,0.0,0.0,0.0,0.0,0.0,0.0,0.0,0.0,0.0,0.0,10000
1869,0.0,0.0,0.0,0.0,0.0,0.0,0.0,0.0,0.0,0.0,0.0,0.0,10000
1870,0.0,0.0,0.0,0.0,0.0,0.0,0.0,0.0,0.0,0.0,0.0,0.0,10000
1871,0.0,0.0,0.0,0.0,0.0,0.0,0.0,0.0,0.0,0.0,0.0,0.0,10000
1872,0.0,0.0,0.0,0.0,0.0,0.0,0.0,0.0,0.0,0.0,0.0,0.0,10000
1873,0.0,0.0,0.0,0.0,0.0,0.0,0.0,0.0,0.0,0.0,0.0,0.0,10000
1874,0.0,0.0,0.0,0.0,0.0,0.0,0.0,0.0,0.0,0.0,0.0,0.0,10000
1875,0.0,0.0,0.0,0.0,0.0,0.0,0.0,0.0,0.0,0.0,0.0,0.0,10000
1876,0.0,0.0,0.0,0.0,0.0,0.0,0.0,0.0,0.0,0.0,0.0,0.0,10000
1877,0.0,0.0,0.0,0.0,0.0,0.0,0.0,0.0,0.0,0.0,0.0,0.0,10000
1878,0.0,0.0,0.0,0.0,0.0,0.0,0.0,0.0,0.0,0.0,0.0,0.0,10000
1879,0.0,0.0,0.0,0.0,0.0,0.0,0.0,0.0,0.0,0.0,0.0,0.0,10000
1880,0.0,0.0,0.0,0.0,0.0,0.0,0.0,0.0,0.0,0.0,0.0,0.0,10000
1881,0.0,0.0,0.0,0.0,0.0,0.0,0.0,0.0,0.0,0.0,0.0,0.0,10000
1882,0.0,0.0,0.0,0.0,0.0,0.0,0.0,0.0,0.0,0.0,0.0,0.0,10000
1883,0.0,0.0,0.0,0.0,0.0,0.0,0.0,0.0,0.0,0.0,0.0,0.0,10000
1884,0.0,0.0,0.0,0.0,0.0,0.0,0.0,0.0,0.0,0.0,0.0,0.0,10000
1885,0.0,0.0,0.0,0.0,0.0,0.0,0.0,0.0,0.0,0.0,0.0,0.0,10000
1886,0.0,0.0,0.0,0.0,0.0,0.0,0.0,0.0,0.0,0.0,0.0,0.0,10000
1887,0.0,0.0,0.0,0.0,0.0,0.0,0.0,0.0,0.0,0.0,0.0,0.0,10000
1888,0.0,0.0,0.0,0.0,0.0,0.0,0.0,0.0,0.0,0.0,0.0,0.0,10000
1889,0.0,0.0,0.0,0.0,0.0,0.0,0.0,0.0,0.0,0.0,0.0,0.0,10000
1890,0.0,0.0,0.0,0.0,0.0,0.0,0.0,0.0,0.0,0.0,0.0,0.0,10000
1891,0.0,0.0,0.0,0.0,0.0,0.0,0.0,0.0,0.0,0.0,0.0,0.0,10000
1892,0.0,0.0,0.0,0.0,0.0,0.0,0.0,0.0,0.0,0.0,0.0,0.0,10000
1893,0.0,0.0,0.0,0.0,0.0,0.0,0.0,0.0,0.0,0.0,0.0,0.0,10000
1894,0.0,0.0,0.0,0.0,0.0,0.0,0.0,0.0,0.0,0.0,0.0,0.0,10000
1895,0.0,0.0,0.0,0.0,0.0,0.0,0.0,0.0,0.0,0.0,0.0,0.0,10000
1896,0.0,0.0,0.0,0.0,0.0,0.0,0.0,0.0,0.0,0.0,0.0,0.0,10000
1897,0.0,0.0,0.0,0.0,0.0,0.0,0.0,0.0,0.0,0.0,0.0,0.0,10000
1898,0.0,0.0,0.0,0.0,0.0,0.0,0.0,0.0,0.0,0.0,0.0,0.0,10000
1899,0.0,0.0,0.0,0.0,0.0,0.0,0.0,0.0,0.0,0.0,0.0,0.0,10000
1900,0.0,0.0,0.0,0.0,0.0,0.0,0.0,0.0,0.0,0.0,0.0,0.0,10000
1901,0.0,0.0,0.0,0.0,0.0,0.0,0.0,0.0,0.0,0.0,0.0,0.0,10000
1902,0.0,0.0,0.0,0.0,0.0,0.0,0.0,0.0,0.0,0.0,0.0,0.0,10000
1903,0.0,0.0,0.0,0.0,0.0,0.0,0.0,0.0,0.0,0.0,0.0,0.0,10000
1904,0.0,0.0,0.0,0.0,0.0,0.0,0.0,0.0,0.0,0.0,0.0,0.0,10000
1905,0.0,0.0,0.0,0.0,0.0,0.0,0.0,0.0,0.0,0.0,0.0,0.0,10000
1906,0.0,0.0,0.0,0.0,0.0,0.0,0.0,0.0,0.0,0.0,0.0,0.0,10000
1907,0.0,0.0,0.0,0.0,0.0,0.0,0.0,0.0,0.0,0.0,0.0,0.0,10000
1908,0.0,0.0,0.0,0.0,0.0,0.0,0.0,0.0,0.0,0.0,0.0,0.0,10000
1909,0.0,0.0,0.0,0.0,0.0,0.0,0.0,0.0,0.0,0.0,0.0,0.0,10000
1910,0.0,0.0,0.0,0.0,0.0,0.0,0.0,0.0,0.0,0.0,0.0,0.0,10000
1911,0.0,0.0,0.0,0.0,0.0,0.0,0.0,0.0,0.0,0.0,0.0,0.0,10000
1912,0.0,0.0,0.0,0.0,0.0,0.0,0.0,0.0,0.0,0.0,0.0,0.0,10000
1913,0.0,0.0,0.0,0.0,0.0,0.0,0.0,0.0,0.0,0.0,0.0,0.0,10000
1914,0.0,0.0,0.0,0.0,0.0,0.0,0.0,0.0,0.0,0.0,0.0,0.0,10000
1915,0.0,0.0,0.0,0.0,0.0,0.0,0.0,0.0,0.0,0.0,0.0,0.0,10000
1916,0.0,0.0,0.0,0.0,0.0,0.0,0.0,0.0,0.0,0.0,0.0,0.0,10000
1917,0.0,0.0,0.0,0.0,0.0,0.0,0.0,0.0,0.0,0.0,0.0,0.0,10000
1918,0.0,0.0,0.0,0.0,0.0,0.0,0.0,0.0,0.0,0.0,0.0,0.0,10000
1919,0.0,0.0,0.0,0.0,0.0,0.0,0.0,0.0,0.0,0.0,0.0,0.0,10000
1920,0.0,0.0,0.0,0.0,0.0,0.0,0.0,0.0,0.0,0.0,0.0,0.0,10000
1921,0.0,0.0,0.0,0.0,0.0,0.0,0.0,0.0,0.0,0.0,0.0,0.0,10000
1922,0.0,0.0,0.0,0.0,0.0,0.0,0.0,0.0,0.0,0.0,0.0,0.0,10000
1923,0.0,0.0,0.0,0.0,0.0,0.0,0.0,0.0,0.0,0.0,0.0,0.0,10000
1924,0.0,0.0,0.0,0.0,0.0,0.0,0.0,0.0,0.0,0.0,0.0,0.0,10000
1925,0.0,0.0,0.0,0.0,0.0,0.0,0.0,0.0,0.0,0.0,0.0,0.0,10000
1926,0.0,0.0,0.0,0.0,0.0,0.0,0.0,0.0,0.0,0.0,0.0,0.0,10000
1927,0.0,0.0,0.0,0.0,0.0,0.0,0.0,0.0,0.0,0.0,0.0,0.0,10000
1928,0.0,0.0,0.0,0.0,0.0,0.0,0.0,0.0,0.0,0.0,0.0,0.0,10000
1929,0.0,0.0,0.0,0.0,0.0,0.0,0.0,0.0,0.0,0.0,0.0,0.0,10000
1930,0.0,0.0,0.0,0.0,0.0,0.0,0.0,0.0,0.0,0.0,0.0,0.0,10000
1931,0.0,0.0,0.0,0.0,0.0,0.0,0.0,0.0,0.0,0.0,0.0,0.0,10000
1932,0.0,0.0,0.0,0.0,0.0,0.0,0.0,0.0,0.0,0.0,0.0,0.0,10000
1933,0.0,0.0,0.0,0.0,0.0,0.0,0.0,0.0,0.0,0.0,0.0,0.0,10000
1934,0.0,0.0,0.0,0.0,0.0,0.0,0.0,0.0,0.0,0.0,0.0,0.0,10000
1935,0.0,0.0,0.0,0.0,0.0,0.0,0.0,0.0,0.0,0.0,0.0,0.0,10000
1936,0.0,0.0,0.0,0.0,0.0,0.0,0.0,0.0,0.0,0.0,0.0,0.0,10000
1937,0.0,0.0,0.0,0.0,0.0,0.0,0.0,0.0,0.0,0.0,0.0,0.0,10000
1938,0.0,0.0,0.0,0.0,0.0,0.0,0.0,0.0,0.0,0.0,0.0,0.0,10000
1939,0.0,0.0,0.0,0.0,0.0,0.0,0.0,0.0,0.0,0.0,0.0,0.0,10000
1940,0.0,0.0,0.0,0.0,0.0,0.0,0.0,0.0,0.0,0.0,0.0,0.0,10000
1941,0.0,0.0,0.0,0.0,0.0,0.0,0.0,0.0,0.0,0.0,0.0,0.0,10000
1942,0.0,0.0,0.0,0.0,0.0,0.0,0.0,0.0,0.0,0.0,0.0,0.0,10000
1943,0.0,0.0,0.0,0.0,0.0,0.0,0.0,0.0,0.0,0.0,0.0,0.0,10000
1944,0.0,0.0,0.0,0.0,0.0,0.0,0.0,0.0,0.0,0.0,0.0,0.0,10000
1945,0.0,0.0,0.0,0.0,0.0,0.0,0.0,0.0,0.0,0.0,0.0,0.0,10000
1946,0.0,0.0,0.0,0.0,0.0,0.0,0.0,0.0,0.0,0.0,0.0,0.0,10000
1947,0.0,0.0,0.0,0.0,0.0,0.0,0.0,0.0,0.0,0.0,0.0,0.0,10000
1948,0.0,0.0,0.0,0.0,0.0,0.0,0.0,0.0,0.0,0.0,0.0,0.0,10000
1949,0.0,0.0,0.0,0.0,0.0,0.0,0.0,0.0,0.0,0.0,0.0,0.0,10000
1950,0.0,0.0,0.0,0.0,0.0,0.0,0.0,0.0,0.0,0.0,0.0,0.0,10000
1951,0.0,0.0,0.0,0.0,0.0,0.0,0.0,0.0,0.0,0.0,0.0,0.0,10000
1952,0.0,0.0,0.0,0.0,0.0,0.0,0.0,0.0,0.0,0.0,0.0,0.0,10000
1953,0.0,0.0,0.0,0.0,0.0,0.0,0.0,0.0,0.0,0.0,0.0,0.0,10000
1954,0.0,0.0,0.0,0.0,0.0,0.0,0.0,0.0,0.0,0.0,0.0,0.0,10000
1955,0.0,0.0,0.0,0.0,0.0,0.0,0.0,0.0,0.0,0.0,0.0,0.0,10000
1956,0.0,0.0,0.0,0.0,0.0,0.0,0.0,0.0,0.0,0.0,0.0,0.0,10000
1957,0.0,0.0,0.0,0.0,0.0,0.0,0.0,0.0,0.0,0.0,0.0,0.0,10000
1958,0.0,0.0,0.0,0.0,0.0,0.0,0.0,0.0,0.0,0.0,0.0,0.0,10000
1959,0.0,0.0,0.0,0.0,0.0,0.0,0.0,0.0,0.0,0.0,0.0,0.0,10000
1960,0.0,0.0,0.0,0.0,0.0,0.0,0.0,0.0,0.0,0.0,0.0,0.0,10000
1961,0.0,0.0,0.0,0.0,0.0,0.0,0.0,0.0,0.0,0.0,0.0,0.0,10000
1962,0.0,0.0,0.0,0.0,0.0,0.0,0.0,0.0,0.0,0.0,0.0,0.0,10000
1963,0.0,0.0,0.0,0.0,0.0,0.0,0.0,0.0,0.0,0.0,0.0,0.0,10000
1964,0.0,0.0,0.0,0.0,0.0,0.0,0.0,0.0,0.0,0.0,0.0,0.0,10000
1965,0.0,0.0,0.0,0.0,0.0,0.0,0.0,0.0,0.0,0.0,0.0,0.0,10000
1966,0.0,0.0,0.0,0.0,0.0,0.0,0.0,0.0,0.0,0.0,0.0,0.0,10000
1967,0.0,0.0,0.0,0.0,0.0,0.0,0.0,0.0,0.0,0.0,0.0,0.0,10000
1968,0.0,0.0,0.0,0.0,0.0,0.0,0.0,0.0,0.0,0.0,0.0,0.0,10000
1969,0.0,0.0,0.0,0.0,0.0,0.0,0.0,0.0,0.0,0.0,0.0,0.0,10000
1970,0.0,0.0,0.0,0.0,0.0,0.0,0.0,0.0,0.0,0.0,0.0,0.0,10000
1971,0.0,0.0,0.0,0.0,0.0,0.0,0.0,0.0,0.0,0.0,0.0,0.0,10000
1972,0.0,0.0,0.0,0.0,0.0,0.0,0.0,0.0,0.0,0.0,0.0,0.0,10000
1973,0.0,0.0,0.0,0.0,0.0,0.0,0.0,0.0,0.0,0.0,0.0,0.0,10000
1974,0.0,0.0,0.0,0.0,0.0,0.0,0.0,0.0,0.0,0.0,0.0,0.0,10000
1975,0.0,0.0,0.0,0.0,0.0,0.0,0.0,0.0,0.0,0.0,0.0,0.0,10000
1976,0.0,0.0,0.0,0.0,0.0,0.0,0.0,0.0,0.0,0.0,0.0,0.0,10000
1977,0.0,0.0,0.0,0.0,0.0,0.0,0.0,0.0,0.0,0.0,0.0,0.0,10000
1978,0.0,0.0,0.0,0.0,0.0,0.0,0.0,0.0,0.0,0.0,0.0,0.0,10000
1979,0.0,0.0,0.0,0.0,0.0,0.0,0.0,0.0,0.0,0.0,0.0,0.0,10000
1980,0.0,0.0,0.0,0.0,0.0,0.0,0.0,0.0,0.0,0.0,0.0,0.0,10000
1981,0.0,0.0,0.0,0.0,0.0,0.0,0.0,0.0,0.0,0.0,0.0,0.0,10000
1982,0.0,0.0,0.0,0.0,0.0,0.0,0.0,0.0,0.0,0.0,0.0,0.0,10000
1983,0.0,0.0,0.0,0.0,0.0,0.0,0.0,0.0,0.0,0.0,0.0,0.0,10000
1984,0.0,0.0,0.0,0.0,0.0,0.0,0.0,0.0,0.0,0.0,0.0,0.0,10000
1985,0.0,0.0,0.0,0.0,0.0,0.0,0.0,0.0,0.0,0.0,0.0,0.0,10000
1986,0.0,0.0,0.0,0.0,0.0,0.0,0.0,0.0,0.0,0.0,0.0,0.0,10000
1987,0.0,0.0,0.0,0.0,0.0,0.0,0.0,0.0,0.0,0.0,0.0,0.0,10000
1988,0.0,0.0,0.0,0.0,0.0,0.0,0.0,0.0,0.0,0.0,0.0,0.0,10000
1989,0.0,0.0,0.0,0.0,0.0,0.0,0.0,0.0,0.0,0.0,0.0,0.0,10000
1990,0.0,0.0,0.0,0.0,0.0,0.0,0.0,0.0,0.0,0.0,0.0,0.0,10000
1991,0.0,0.0,0.0,0.0,0.0,0.0,0.0,0.0,0.0,0.0,0.0,0.0,10000
1992,0.0,0.0,0.0,0.0,0.0,0.0,0.0,0.0,0.0,0.0,0.0,0.0,10000
1993,0.0,0.0,0.0,0.0,0.0,0.0,0.0,0.0,0.0,0.0,0.0,0.0,10000
1994,0.0,0.0,0.0,0.0,0.0,0.0,0.0,0.0,0.0,0.0,0.0,0.0,10000
1995,0.0,0.0,0.0,0.0,0.0,0.0,0.0,0.0,0.0,0.0,0.0,0.0,10000
1996,0.0,0.0,0.0,0.0,0.0,0.0,0.0,0.0,0.0,0.0,0.0,0.0,10000
1997,0.0,0.0,0.0,0.0,0.0,0.0,0.0,0.0,0.0,0.0,0.0,0.0,10000
1998,0.0,0.0,0.0,0.0,0.0,0.0,0.0,0.0,0.0,0.0,0.0,0.0,10000
1999,0.0,0.0,0.0,0.0,0.0,0.0,0.0,0.0,0.0,0.0,0.0,0.0,10000
2000,0.0,0.0,0.0,0.0,0.0,0.0,0.0,0.0,0.0,0.0,0.0,0.0,10000
2001,0.0,0.0,0.0,0.0,0.0,0.0,0.0,0.0,0.0,0.0,0.0,0.0,10000
2002,0.0,0.0,0.0,0.0,0.0,0.0,0.0,0.0,0.0,0.0,0.0,0.0,10000
2003,0.0,0.0,0.0,0.0,0.0,0.0,0.0,0.0,0.0,0.0,0.0,0.0,10000
2004,0.0,0.0,0.0,0.0,0.0,0.0,0.0,0.0,0.0,0.0,0.0,0.0,10000
2005,0.0,0.0,0.0,0.0,0.0,0.0,0.0,0.0,0.0,0.0,0.0,0.0,10000
2006,0.0,0.0,0.0,0.0,0.0,0.0,0.0,0.0,0.0,0.0,0.0,0.0,10000
2007,0.0,0.0,0.0,0.0,0.0,0.0,0.0,0.0,0.0,0.0,0.0,0.0,10000
2008,0.0,0.0,0.0,0.0,0.0,0.0,0.0,0.0,0.0,0.0,0.0,0.0,10000
2009,0.0,0.0,0.0,0.0,0.0,0.0,0.0,0.0,0.0,0.0,0.0,0.0,10000
2010,0.0,0.0,0.0,0.0,0.0,0.0,0.0,0.0,0.0,0.0,0.0,0.0,10000
2011,0.0,0.0,0.0,0.0,0.0,0.0,0.0,0.0,0.0,0.0,0.0,0.0,10000
2012,0.0,0.0,0.0,0.0,0.0,0.0,0.0,0.0,0.0,0.0,0.0,0.0,10000
2013,0.0,0.0,0.0,0.0,0.0,0.0,0.0,0.0,0.0,0.0,0.0,0.0,10000
2014,0.0,0.0,0.0,0.0,0.0,0.0,0.0,0.0,0.0,0.0,0.0,0.0,10000
2015,0.0,0.0,0.0,0.0,0.0,0.0,0.0,0.0,0.0,0.0,0.0,0.0,10000
2016,0.0,0.0,0.0,0.0,0.0,0.0,0.0,0.0,0.0,0.0,0.0,0.0,10000
2017,0.0,0.0,0.0,0.0,0.0,0.0,0.0,0.0,0.0,0.0,0.0,0.0,10000
2018,0.0,0.0,0.0,0.0,0.0,0.0,0.0,0.0,0.0,0.0,0.0,0.0,10000
2019,0.0,0.0,0.0,0.0,0.0,0.0,0.0,0.0,0.0,0.0,0.0,0.0,10000
2020,0.0,0.0,0.0,0.0,0.0,0.0,0.0,0.0,0.0,0.0,0.0,0.0,10000
2021,0.0,0.0,0.0,0.0,0.0,0.0,0.0,0.0,0.0,0.0,0.0,0.0,10000
2022,0.0,0.0,0.0,0.0,0.0,0.0,0.0,0.0,0.0,0.0,0.0,0.0,10000
2023,0.0,0.0,0.0,0.0,0.0,0.0,0.0,0.0,0.0,0.0,0.0,0.0,10000
2024,0.0,0.0,0.0,0.0,0.0,0.0,0.0,0.0,0.0,0.0,0.0,0.0,10000
2025,0.0,0.0,0.0,0.0,0.0,0.0,0.0,0.0,0.0,0.0,0.0,0.0,10000
2026,0.0,0.0,0.0,0.0,0.0,0.0,0.0,0.0,0.0,0.0,0.0,0.0,10000
2027,0.0,0.0,0.0,0.0,0.0,0.0,0.0,0.0,0.0,0.0,0.0,0.0,10000
2028,0.0,0.0,0.0,0.0,0.0,0.0,0.0,0.0,0.0,0.0,0.0,0.0,10000
2029,0.0,0.0,0.0,0.0,0.0,0.0,0.0,0.0,0.0,0.0,0.0,0.0,10000
2030,0.0,0.0,0.0,0.0,0.0,0.0,0.0,0.0,0.0,0.0,0.0,0.0,10000
2031,0.00013003081712872344,0.00014526455302998897,0.00021269702351744968,0.00024907940912299864,0.0002686699244485169,0.00015969434740415248,0.00020753821820029827,0.00023788482893571938,0.0002649383977093578,0.0002807973863134805,0.0002341828073041376,0.00020190321600885834,10000
2032,0.0002469085200019983,0.00027459431213619826,0.0003864416450234387,0.000452718208116476,0.0004929815379967728,0.0003008694038089613,0.00037934536033042474,0.00043622384060432125,0.00048729572991191054,0.0005140277126028403,0.00042849015844843185,0.0003709154878894802,10000
2033,0.0003518669593337798,0.0003942249601871062,0.0005386729118370681,0.0006316057903483596,0.0006904031580263312,0.0004305934944725446,0.0005277429093957109,0.0006078971456033505,0.0006807652168345724,0.0007230008843906235,0.0005988926545537643,0.0005203579908337862,10000
2034,0.00044896982591593473,0.000504124954729015,0.0006714110824468378,0.0007935707281069782,0.0008720069776852134,0.0005440051142899976,0.0006584920271991988,0.0007607958288844161,0.0008548447671032498,0.0009148463894362013,0.0008322458956402209,0.0007483657865645078,10000
2035,0.000540072716962392,0.0006067438187157848,0.0007934968108704865,0.0009434982368778932,0.0010381264335339146,0.000649271281709797,0.0007803660214769357,0.0009019257039629495,0.0010183474150631912,0.0010962545118362718,0.0009750887624060646,0.0008750114861608607,10000
2036,0.0006268498674205425,0.0007037287646739543,0.0009076582220188811,0.0010847118663353506,0.001194449142707121,0.0007507783691560162,0.00089209537638871,0.0010334509785692488,0.0011709175663628215,0.0012661968368391377,0.001108487888627353,0.0009936248092158005,10000
2037,0.0007088249444239913,0.0007960140900061318,0.0010164756096724403,0.0012181819110206682,0.0013462745286503264,0.0008475044864535686,0.0009990903852474132,0.0011577844896648387,0.0013141769919242864,0.0014283106740076898,0.0012347001967212257,0.0011060475689600247,10000
2038,0.0007862151993843547,0.0008852944715230748,0.0011201873010362462,0.0013458453691194449,0.0014904858750448109,0.000943935946617957,0.0010997372435448498,0.0012747088621087972,0.0014537373362108748,0.001582980775656661,0.0015943280633121206,0.0013975940012119147,10000
2039,0.0008624957877049865,0.0009696781163738422,0.001219169136624565,0.0014683353898438866,0.0016292186006996445,0.0010310015289027006,0.0011965872064685394,0.0013867947336223927,0.0015873536810229161,0.0017331595170410555,0.0017110079064178952,0.0015017514342358553,10000
2040,0.000934698903783282,0.0010517258475340263,0.0013157819560749573,0.0015848809380131356,0.0017627617148644244,0.0011154443634931626,0.001287321360007316,0.0014953274785880436,0.001719212945207915,0.0018769101041305756,0.002062962627372685,0.001785127163918497,10000
2041,0.001004567762934272,0.0011304148957726845,0.001408806888433034,0.0016970762176451793,0.0018903725330162045,0.0011939669441581606,0.0013766661378465804,0.0016011854680640372,0.001845476889111558,0.0020156427329433763,0.0028698652742671026,0.0024290690055036195,10000
2042,0.0010719784614955153,0.0012073333478194216,0.0015003173955943083,0.0018070609020491802,0.0020164689273810764,0.0012666393298110857,0.0014623997713515604,0.0017021310266657358,0.001972325765281783,0.002154090361793443,0.003966634181960707,0.002974662908908828,10000
2043,0.0011355899124819934,0.0012816772952619182,0.0015874340457990854,0.001912832282352923,0.0021405668709173035,0.0013383169403400322,0.0015485711814681908,0.0018011943160050556,0.0020908076989994773,0.0022853745374877446,0.0041137659149373205,0.003159775356353813,10000
2044,0.0011985000715292848,0.001354512098556402,0.0016730266107369829,0.0020173521814047745,0.002260690860563485,0.0014057341900206013,0.0016295273240691224,0.0018955807661840036,0.0022056866154347684,0.0024174667684240575,0.004639373539906974,0.0033341797251926464,10000
2045,0.0012587153313091902,0.001425052156379323,0.0017571970906402612,0.0021168946264308276,0.0023787392302859083,0.001472091511167573,0.0017072027082784757,0.0019889081201472643,0.0023160653570656457,0.0025421946568829016,0.005318870806956307,0.003685052600069329,10000
2046,0.0013171630029415126,0.0014940802203127568,0.0018410976893648012,0.002216804093685951,0.002495025321685773,0.00153797692538687,0.0017833885034496595,0.002080110014640706,0.0024299224928737576,0.0026706348255290864,0.0063209769681812755,0.004397895107233717,10000
2047,0.0013747669657480977,0.0015617026100767718,0.001922174896456852,0.0023133539413770876,0.0026061110297666444,0.0016026562702156659,0.001855651784196135,0.002169160251434504,0.0025403986955686133,0.00279536793499462,0.00716273440026611,0.0047483609658638005,10000
2048,0.001430249709425091,0.0016261762504862177,0.001999940227902286,0.0024078571035444796,0.0027176180535983365,0.0016646491324082107,0.0019279620502573938,0.0022565923439516037,0.002651221803374942,0.00292103459180775,0.008335965597312905,0.005273366851357169,10000
2049,0.00148566454453114,0.0016909516653480239,0.002075921137549841,0.0025034211175206165,0.0028291731672005936,0.0017279113802864481,0.002001941564980301,0.00234145380093464,0.002758588950754673,0.0030407364574687144,0.008890130628348786,0.005901104481069457,10000
2050,0.001538837241879598,0.0017529168422053233,0.0021506662423469436,0.0025965285635916047,0.0029374852068299257,0.001788290909502039,0.0020714322196857564,0.0024254681039705666,0.0028599094202021924,0.0031573096798778455,0.009295843555285904,0.006159225982089405,10000
2051,0.0015907421971858681,0.001814665274625007,0.002224973661306251,0.0026918339181075624,0.003045275831875038,0.0018466564815328146,0.0021393199726173367,0.002507061987329777,0.002961574720958997,0.0032727339425466565,0.009847907848424845,0.0067709180154014855,10000
2052,0.0016418329055209568,0.0018739097340997192,0.0022967239740623313,0.0027841327381719337,0.0031512853146269393,0.001903258827188721,0.0022066166055772717,0.002587185797894195,0.0030604448717586968,0.0033851309427080163,0.010066365923088039,0.007026400780318283,10000
2053,0.0016916516382751822,0.0019322482626655457,0.0023683144760902053,0.0028744901602796346,0.0032603216107068176,0.0019565507188430476,0.002272730656477483,0.002666725748941753,0.0031570500792847,0.003495360902935496,0.010374634016501247,0.007576496270170925,10000
2054,0.001740407173928027,0.0019895668309414917,0.0024383630964877057,0.002961827692189871,0.003362372069534203,0.0020112097470898994,0.002338569870457591,0.0027444235967040587,0.0032503705051671987,0.003606539085325466,0.010561448429554029,0.007742208733844479,10000
2055,0.0017897116477447739,0.0020456164052407642,0.002506197438680857,0.0030492390293160197,0.0034685132882511733,0.0020620864552246695,0.0024024193156706175,0.0028211023492351875,0.0033450764440872784,0.00371541252938338,0.011086372364651336,0.008283405384631288,10000
2056,0.001836715139467593,0.002102459567816233,0.00257397381603397,0.0031355793963475874,0.0035690579858815843,0.002114617253285645,0.00246183282182842,0.0028953137376259127,0.003439839544029794,0.003823740622180185,0.011948193023666813,0.008739736358629098,10000
2057,0.0018824665179757005,0.0021565590908406663,0.002639923374841757,0.0032209225747392976,0.0036715551631523622,0.0021663243597925415,0.0025247722010347967,0.0029703263469055227,0.0035283792640662735,0.003927108678505075,0.012075486288511388,0.009107683759586004,10000
2058,0.0019283994582020014,0.002210013761497578,0.0027071236564566448,0.003304928936565261,0.0037744152950509144,0.002217896864901674,0.0025850914515152586,0.0030421560324164873,0.003618398290701629,0.004032519692696158,0.012384281212188045,0.009538195430071804,10000
2059,0.001972212304924348,0.0022631138261862914,0.0027717244554139597,0.003385942983433736,0.003871128008975332,0.002269717083714213,0.002644939357819776,0.003115897544176605,0.003706025628614776,0.004141169777093859,0.012664760071067826,0.009778382676532974,10000
2060,0.0020162406717904703,0.0023149747477559757,0.002836667933870274,0.0034667595658162045,0.003966848195492289,0.0023197749097753485,0.0027040498410146854,0.003186125698803701,0.003793249776197147,0.004244499875494542,0.012848585838443956,0.010141707597448112,10000
2061,0.002060160532577271,0.002367167585741399,0.0029000024744938457,0.003548745304647376,0.0040618486975336765,0.0023695301940398986,0.002760620398122346,0.0032583978958357603,0.0038814052692417262,0.004347182780764359,0.013271500702186623,0.010591604559748074,10000
2062,0.00210296614974137,0.0024157589026333427,0.0029634758991612387,0.0036273986305043592,0.004154520255188031,0.0024185684649166714,0.00281967059109595,0.003329621225267862,0.003968986350112395,0.004443141550937338,0.013732960640907763,0.01104666871428563,10000
2063,0.002144750291340536,0.0024661496327002654,0.003026787616713378,0.003706574438462624,0.004247213410584294,0.002466524598380574,0.0028765305027425273,0.003400400774106377,0.004055968203519629,0.004544850118080862,0.014131467235692167,0.011679412289932151,10000
2064,0.00218662338194342,0.002513724852104886,0.003088857596965866,0.0037836970014197393,0.004338216337659872,0.002513334670987069,0.002931767794628242,0.0034671544129768026,0.004142457541569584,0.004638077583048985,0.014299609827880177,0.011916230781872485,10000
2065,0.0022270634011389845,0.0025625723831072377,0.0031493700013616177,0.0038583706194646084,0.004425730943752268,0.002558356757220993,0.002985293822326762,0.0035359895561221442,0.004227925481547418,0.004736459863035929,0.014516428518306737,0.012188295652097668,10000
2066,0.002266369286958003,0.002611380939284409,0.0032116967490480874,0.003936603311018345,0.004514435494143142,0.0026007149892881077,0.0030386732258940816,0.003604936492160461,0.004309538864140705,0.004830061067341154,0.014883557081562124,0.012753155193350399,10000
2067,0.0023043122849770725,0.0026579845665278866,0.0032709997314483985,0.004011976728026383,0.0046060585522372565,0.002645602524691272,0.0030923359107042836,0.003672441726094552,0.004393024666439674,0.00492377888377324,0.015267178910929642,0.013296783718277774,10000
2068,0.002341162529179641,0.002702895780851833,0.003329612498353285,0.004086915362683854,0.004693262735712977,0.00268995025434879,0.0031465759665691866,0.0037367291694182974,0.004472289282244234,0.00502036765732365,0.015331958376895948,0.013356527469182262,10000
2069,0.0023776632031138334,0.002748246876478504,0.0033873918430913363,0.004162208963595546,0.004778574218797971,0.002733933398186942,0.0031971638556198196,0.003799997770224987,0.004553660528334715,0.005110250655837074,0.015411417875667428,0.013532244642698345,10000
2070,0.002414211360062879,0.0027937185248128674,0.003444109041524257,0.004234234348391866,0.004868325369994863,0.00277696299777972,0.0032504244316871687,0.0038650345824733714,0.004634947888912683,0.005201172631439366,0.015588335924453427,0.013800060387801363,10000
2071,0.002452045555674509,0.002837972006515912,0.0035002026392074725,0.004305979600203642,0.004950373573870336,0.0028217457675824924,0.0032991071205692567,0.003928169166811343,0.004710863085634353,0.005294865265554255,0.015698665060086516,0.014187539856455515,10000
2072,0.0024869694568623755,0.002882797484170183,0.0035561662249072867,0.004378261375242047,0.005034989077317674,0.002865724625860308,0.0033501549363083956,0.003989436991998323,0.004790003897631588,0.005390504735038756,0.015970317562501616,0.014508680208129628,10000
2073,0.0025211172020801697,0.002926380328583349,0.0036113874530876444,0.004449383829943869,0.005120378357434063,0.0029071766952294,0.0033985827806825883,0.004051427003872158,0.004868867714724846,0.005481956824528856,0.016080217200831665,0.014655417767235482,10000
2074,0.00255579485969335,0.0029688175846924025,0.0036677761194177094,0.004517635784127378,0.0052037175717998705,0.0029471453428067825,0.0034454310806897796,0.004111828487558456,0.004944009981828088,0.0055679962995229025,0.01620658545811874,0.015011923801218546,10000
2075,0.0025905572501626396,0.0030106874996016233,0.003721826942758355,0.004587408189815676,0.005287520187587802,0.0029884600143538493,0.003491958519948546,0.004170289447073781,0.005020731783418689,0.0056509161244226195,0.016358638563909678,0.015363869907751184,10000
2076,0.0026227046077611504,0.0030523991784903617,0.0037750211407701073,0.004654935327550476,0.005365173724386807,0.0030288603695381926,0.0035403824914995333,0.0042297147997418846,0.005096357555785372,0.005742611150986986,0.016418399523038734,0.015536682528196502,10000
2077,0.0026557116240823577,0.003094140359562232,0.003828578747985034,0.004723961609024414,0.005452059505788041,0.003067488411540318,0.0035858885930900083,0.004288521119490826,0.005172962457683083,0.005845762028729472,0.016838076078500668,0.016064618858892,10000
2078,0.002687592131938743,0.0031345168263713676,0.0038801873270486453,0.004792804230120425,0.005530610474021813,0.00310123766626811,0.003632073269289929,0.004346689557548508,0.005245084773261545,0.005935779495698405,0.016919545191665365,0.016356912929532997,10000
2079,0.002718835120675145,0.0031748827445643004,0.003933325978785263,0.0048622961173798275,0.005610105996326098,0.003139393767589904,0.003676627744328378,0.004403356240773881,0.005320349547016885,0.0060301160217505504,0.01708281974460643,0.016499399372322792,10000
2080,0.002751584217147496,0.0032145935539875836,0.003983978457512194,0.004927469371174737,0.005688232739870357,0.0031779139429176377,0.0037215735718075338,0.004460166629481785,0.005394239509179899,0.006115228612876911,0.017137770616779797,0.01654779144409743,10000
2081,0.0027844528234174603,0.003254395724215655,0.004034336707370301,0.004993355838144353,0.005764518392377482,0.0032138149510098574,0.003766262116981834,0.004514918866138344,0.005466985761812439,0.006203205998614915,0.017262902214369255,0.016893540317784374,10000
2082,0.0028162630028084833,0.003293357912768364,0.004085110764769695,0.005060405320635226,0.005843019016045047,0.003250713724533394,0.0038124365673178158,0.004571546211720212,0.005540139890345051,0.006290568854138808,0.01739421126660911,0.017182251148579058,10000
2083,0.0028480157212207756,0.003332963630779062,0.004135806138428677,0.005125444160587023,0.0059324233319699715,0.00328707158413275,0.003856681252474221,0.004626922185970658,0.005610143989123424,0.006374579733087352,0.017576942908862764,0.017414433384048102,10000
2084,0.002877343327143578,0.0033706868011623924,0.004185229116306033,0.005189134551553849,0.006007276148090311,0.003320243517185309,0.003900304582951308,0.00467969674029435,0.005678538006799696,0.006456024853790501,0.017629654324028868,0.01746102007819054,10000
2085,0.0029070266483527617,0.003408572727986439,0.0042336429007221454,0.005252499104890447,0.006087992100729167,0.0033581331125184404,0.003940170591871672,0.004733506338674658,0.005746409684741591,0.006537803465507227,0.017696104535042098,0.017865417870686764,10000
2086,0.0029363524732719526,0.0034461766052195485,0.0042841263677608765,0.005319087482018716,0.0061675038028873525,0.0033925028855652786,0.003980664157203476,0.004787935931645494,0.005810724662014844,0.006620187104285043,0.017748440492317427,0.018032416699786887,10000
2087,0.0029645717249092486,0.003482145480743171,0.004332749989650608,0.005380313991040993,0.006247746169108125,0.0034276497800193556,0.004024520141149131,0.004840878784895093,0.005877203958184437,0.006700167200512054,0.017840097299347796,0.01816915685009011,10000
2088,0.0029926724827873843,0.0035170780084702357,0.004380129842388669,0.005443692041215087,0.006318931417994378,0.003461749340916919,0.004065818722560556,0.004891758925580666,0.005944711523872235,0.006781521021497036,0.01808968378360564,0.0182994005877788,10000
2089,0.0030213357635105356,0.003551443841942259,0.004426507690997283,0.005503279642474581,0.006394279663985001,0.0034929405391400247,0.004105498113061292,0.004942969448268167,0.006006349956935895,0.006861396246622373,0.018140421481831766,0.018342804847734245,10000
2090,0.0030473461901918244,0.003585446335122384,0.004472559575255275,0.005563812996501554,0.006472472233410541,0.0035254772094217507,0.004143319274999609,0.0049970491721093475,0.006070550420411498,0.006942594717740749,0.018410959508781174,0.018716685116233193,10000
2091,0.0030736888138632066,0.0036168944556102646,0.004519318007865536,0.005626278958937121,0.006539919996168204,0.003556828358900196,0.004183808025119787,0.005045384572670221,0.00613199843558683,0.007019701743627518,0.018460600977159715,0.018760745096081933,10000
2092,0.003100386614955397,0.003650241326800341,0.004566212947519688,0.005684478632351073,0.006618141197853332,0.0035904220158734586,0.004223138160367035,0.005095963805215966,0.0061951088735205445,0.0071010938537504975,0.018618541481593615,0.018975021291633996,10000
2093,0.003124393848499096,0.0036839402305983526,0.004611104495360507,0.005745374232636067,0.006690382855853726,0.0036164865622418125,0.004261640506964739,0.005144974429125092,0.006259206231092342,0.007175289772456497,0.018666425023526452,0.019017040027476544,10000
2094,0.0031524264795811164,0.0037170360715433758,0.004655141492698078,0.0058055629568200115,0.00676498875338396,0.0036495608273972905,0.004299934599712794,0.0051946617251863005,0.006324035693722426,0.007251308817420729,0.01886823728091861,0.019263514504816674,10000
2095,0.003177051526189345,0.003749725627957119,0.0046999272621022214,0.005866159010214034,0.006838762151914324,0.0036771406763140982,0.004338782248198702,0.005243692945246327,0.006385819184258757,0.0073238720546219445,0.018915837184238823,0.019424706706685852,10000
2096,0.00320451392202763,0.0037796083918671996,0.004744380217360344,0.005926556758938943,0.006913667226281461,0.003706963595160905,0.004376149542555524,0.005293119878595235,0.0064546131898161295,0.007398349606814061,0.019380481292331175,0.019643401509613058,10000
2097,0.0032270798214749873,0.0038094770383244737,0.004786619695138938,0.00598468851129482,0.006990333521933677,0.0037369055336579334,0.004413088703790275,0.005341781117236854,0.006519056671360036,0.007473541329053037,0.019428822149557965,0.01968336823065811,10000
2098,0.0032499025165822816,0.003841258715736018,0.004828569485972878,0.0060401729719187355,0.007061307596999453,0.0037651202295074975,0.00444901372147089,0.005390528413552879,0.0065787895281940595,0.007546270406277227,0.019473419899855435,0.01972162424314099,10000
2099,0.0032734820339090477,0.003872912707387428,0.004870672692959488,0.006097685231249415,0.007141427269998956,0.0037866742061314425,0.004484375824891825,0.005435933731276704,0.006635604977771277,0.007629847748782778,0.01972060978906816,0.0200356575838827,10000
2100,0.003296173243146683,0.003904980331521983,0.004913110801204823,0.006154103062909684,0.00721987996598159,0.003817187835787878,0.004523718134520066,0.005483193459618441,0.006706558058421834,0.007714638219677325,0.01982940274474166,0.020194409278199398,10000
2101,0.0033204889106375644,0.003935113241706602,0.004954585613170082,0.0062134365220268255,0.007300090044868313,0.003846325287287079,0.0045599413008563985,0.005528920292436135,0.0067712347689982385,0.007787958986426493,0.01993998907373529,0.02044401289287358,10000
2102,0.00334443616764446,0.003967673816338859,0.004994458490621412,0.006270121687281005,0.007371991000255206,0.0038774107127675706,0.004592874762051302,0.0055760467123686566,0.006831999105740774,0.007856902995527052,0.01998307630977985,0.0204817454430751,10000
2103,0.0033683812979496963,0.003997750322801323,0.005035853960546177,0.0063267153551616676,0.007441511104741493,0.003904498143193683,0.004627866444947848,0.005620628311179829,0.006886680887159289,0.007934206915874374,0.02003068683269419,0.020637332506669246,10000
2104,0.0033877590068101425,0.0040279195748999545,0.005076226559744157,0.0063836357061939,0.00751404654213914,0.003932758082132293,0.004661058776938926,0.0056675162892970785,0.006956441249263524,0.008010100281387508,0.020381500597660765,0.021064171155196387,10000
2105,0.003407297394788955,0.004056169224809167,0.005116949453459085,0.0064419480249108575,0.00758129720917466,0.003960617663812046,0.004692040229325638,0.005713527165724549,0.007013591131504379,0.00808090779663653,0.020438272836805736,0.021221623137241772,10000
2106,0.0034267304970057922,0.004084423907339101,0.005155989900984537,0.0064970244761343564,0.007653762560925514,0.003982646002390599,0.004726994868305275,0.005762604299938425,0.007080044496474113,0.008186168610638036,0.020957848783114623,0.021555374494939415,10000
2107,0.003447789512030397,0.004109212534765874,0.005195620929828948,0.0065482317608568505,0.007718579109562994,0.00400094305864759,0.004757312905339847,0.005805485391865814,0.007141479912172219,0.008250103575448305,0.021001808943940013,0.021591525485870185,10000
2108,0.0034631734178724115,0.004135920229090075,0.00523572768356928,0.006600340985594073,0.007789457585567305,0.004025100071545087,0.004787267803696882,0.0058513329067462,0.007198108658996808,0.008328829667011019,0.02115783183607975,0.021717001503433933,10000
2109,0.003484498457036267,0.004162619746514266,0.005275418718021285,0.006652105007835303,0.007852731953424551,0.004048963660785249,0.004821870640170919,0.0058961059710855865,0.007253075891659869,0.008403278477374343,0.021250085469830055,0.02195703433076935,10000
2110,0.0034998026513537897,0.004189397021240353,0.0053130503717895294,0.006703954915569028,0.00791492276562806,0.004071425397563672,0.0048519745267113475,0.005938384962509927,0.00731204936192509,0.008467056100377084,0.021289549135976266,0.02199118623622729,10000
2111,0.00351768454524688,0.004215094040926886,0.005350801825549922,0.0067542481905742595,0.007981462332708134,0.004095325387598086,0.00488310603119214,0.005985134849660882,0.007362732599612211,0.008537983922315934,0.02132820181398242,0.022023281977478437,10000
2112,0.003537559977182525,0.004240762495215335,0.00538695445698778,0.0068073917732972685,0.008044524779887749,0.004120395910943318,0.004910308950221827,0.0060256750146841665,0.007414340798885735,0.008603028910958396,0.021396680860222866,0.022141561670370694,10000
2113,0.0035562481012235024,0.004266705830488533,0.00542223338782577,0.006858746981513662,0.00811516795460818,0.004136248902799382,0.004940278073067881,0.0060637655906676715,0.007472534065763825,0.008668967274638175,0.02145969195132809,0.022260105054161813,10000
2114,0.0035768865631339965,0.004290943136727918,0.005457622074636959,0.0069123089703278144,0.008189578963639832,0.004155667330642551,0.00497003190058859,0.006105647900105581,0.007534447621644572,0.008735138163496893,0.021783659672159165,0.022378298027933893,10000
2115,0.0035941927365044533,0.004313574681737862,0.0054936662829874194,0.006960426679139004,0.008257444868403496,0.004171869311137126,0.004994907180688015,0.006146161617514601,0.007585531984485663,0.008797618789082843,0.021823029755435548,0.022409585588365182,10000
2116,0.003611368149797656,0.0043388702139580465,0.005531012374504485,0.007009069026376409,0.008325984161515972,0.004188139043631842,0.005021768546331774,0.006189770640745491,0.007640199388967271,0.008856772443892224,0.02186436863419223,0.022679478523822176,10000
2117,0.0036278072237088564,0.004362647312579639,0.005566028016410485,0.007058540149391774,0.008393251858940687,0.004209980932000424,0.005050412322571957,0.006229761558740943,0.007690008531849081,0.008917947434865858,0.02190220926347293,0.022831157726606335,10000
2118,0.0036425619766660587,0.004385855714316236,0.0056033621823843305,0.007107443194790335,0.008463791773066021,0.004221116198683614,0.005078035564529473,0.006270344144632087,0.00774205285403164,0.008984376827379901,0.021945397846719464,0.023044539932345988,10000
2119,0.003660898478675989,0.00440798882097404,0.005637850437707925,0.007156130158185476,0.00853189633291862,0.004231508610137554,0.005103975777939377,0.006310208157453225,0.007793040305102052,0.009057858289914648,0.022054893461929306,0.023401099129781652,10000
2120,0.003677234874551516,0.004432423022510364,0.005673967855457818,0.007203900237327332,0.008606722109328757,0.00425216209221309,0.005134251446928481,0.00634898456243955,0.007842359065836017,0.009127775143611483,0.022129858243299272,0.02388379440509368,10000
2121,0.003690728331433135,0.004456887643224406,0.005708503304553858,0.0072516326142769575,0.008678130871238919,0.00427343024171348,0.005160323421132088,0.00638908855865337,0.007894618819207961,0.009199275644164054,0.02217900480589255,0.02415492651838705,10000
2122,0.0037075967487535167,0.004478244708067507,0.005742983349691144,0.007300227723804369,0.008739316353559446,0.004290803627078004,0.00518501444763004,0.006429436118837458,0.007949145144218905,0.009265121749283073,0.022347044250966296,0.02439627247763851,10000
2123,0.003723838455717754,0.00450154130845533,0.005775634974497734,0.007346563944689706,0.00880293563956087,0.004306016207735585,0.005212656683643752,0.006470222332367753,0.008004911689507375,0.009334404106519678,0.022382082692193397,0.02442497876422548,10000
2124,0.003738769963127453,0.004524404850475108,0.005809375550299478,0.007393249049412276,0.008865541236941964,0.004317754849005189,0.005240210053004012,0.006506469100458395,0.008056070941146807,0.009401788987902797,0.02241983537817068,0.02457150091579566,10000
2125,0.003750311109427429,0.00454532807628361,0.0058375541520661045,0.007439495793528011,0.008924490723157418,0.004332057180091211,0.0052650408182217424,0.006547697053619836,0.008105328779878929,0.009473484415000037,0.02245335206027331,0.024598897593324898,10000
2126,0.0037643473705337273,0.004564805480609096,0.005871255313564916,0.007489904158597937,0.008990849998661331,0.004344730863743739,0.005285855475477641,0.006584066131252433,0.008157924170671392,0.009540509824189337,0.022757229386835515,0.024890063789260966,10000
2127,0.0037760365795584507,0.004584417308723943,0.005904710233053834,0.007536559903085304,0.009057373268514367,0.004360365347145202,0.0053108390865242204,0.006619036431386619,0.008209226736176268,0.009615207785676996,0.02282404267910119,0.0250097107655107,10000
2128,0.0037897125250729857,0.004603639466203333,0.005934935850874012,0.007580733274026557,0.009113674685664106,0.00437418493533196,0.005336474375361808,0.006655781706011718,0.008257845533763266,0.009673408456017126,0.022856741331996437,0.025035561705120998,10000
2129,0.0038019655964831147,0.004623625649194238,0.00596808801371651,0.007627709820043833,0.009175180086511147,0.004384177582562921,0.005360823008109362,0.00668965884218418,0.008309212655674287,0.00973555221143717,0.022943995101375868,0.02530022122698909,10000
2130,0.0038150762829644693,0.004642506027338484,0.005999513457858541,0.007673364107268697,0.009234804374783322,0.004398085663388289,0.005386135759350666,0.006722848926102728,0.008353419168325112,0.009813333637763154,0.022989946259837784,0.0254132822600687,10000
2131,0.003829421319788651,0.004661156278113552,0.006029661283022847,0.007717278472667033,0.00929810608448136,0.004409552449926252,0.005411009178345475,0.006758572615831843,0.008405555933660968,0.009877247130071432,0.02309877682627191,0.02553043154335464,10000
2132,0.0038433787339752002,0.004682851433440192,0.006059025633945225,0.007763579293315104,0.009361073294047628,0.004422865071762681,0.005433113005336432,0.006795000182191313,0.008459859224159328,0.009953105686711138,0.023138571979774994,0.025674723389666237,10000
2133,0.0038575742406397498,0.004702923189066795,0.00608849356640917,0.007812210960672132,0.009426560429906772,0.004440743874744562,0.00545403492343874,0.0068318234347597975,0.00850936029516622,0.010026929674784144,0.0232269703472346,0.025964477009973494,10000
2134,0.0038714869826442567,0.004718301739164304,0.006119174638797631,0.0078537541162828,0.009481411931626835,0.004455494908728201,0.0054757193073124,0.006867843058690389,0.008556584820147971,0.010095741662543031,0.023263542819699563,0.026109491619127602,10000
2135,0.0038832266403204586,0.004735865244009574,0.006148175976719017,0.00789646303195596,0.009541000597640447,0.004473376529779095,0.005495893631258141,0.006901339576077013,0.008605382264468598,0.010163469099891704,0.023294013589821815,0.026133379137623428,10000
2136,0.0038953110851679186,0.004756324568179764,0.0061764929222647424,0.007938485703644176,0.009601006534776956,0.004492646712930943,0.005518650750024145,0.0069349926838965115,0.008654202612545228,0.010224867071165655,0.023324108378454618,0.026155982474544065,10000
2137,0.003910381220720183,0.004775445835603023,0.006205541618342636,0.007978905243043642,0.009661706517012193,0.004505643381996611,0.005542177815192892,0.006970454331985935,0.008703944193153795,0.010293481329417034,0.023367351268934543,0.02641798280724095,10000
2138,0.003923411407535937,0.00479015759990574,0.006234216790275582,0.008023192876238738,0.00971458943270278,0.00451393778926567,0.005564791318775676,0.007003195919302458,0.00875316068947967,0.010361465940506874,0.023397077016392705,0.026441888357955464,10000
2139,0.0039383315503137345,0.004810974847294745,0.006263683187366809,0.008065556419127233,0.009768416806736012,0.0045218113799739635,0.005587510866658683,0.007037914003677909,0.008802543054063479,0.010420949975088724,0.02342635747705035,0.026463536662322373,10000
2140,0.003949523277531242,0.004827181797250404,0.00629143237810581,0.008109928909767632,0.009826591813126128,0.004537197516845244,0.0056083118610419855,0.007070936905816566,0.008851394639784576,0.010493197419406883,0.02359235189471936,0.026669148701254836,10000
2141,0.003963616240267242,0.004843734407175901,0.006317730166472302,0.008149556018010458,0.009894048125491392,0.004551361198057697,0.005629031159206863,0.007106378221669289,0.008897457084791305,0.010561361231003182,0.023632302458433424,0.026811239143049226,10000
2142,0.003972420072131655,0.004857405093186529,0.006345516893233594,0.008191231654147941,0.009941496546603888,0.004560847239756673,0.0056503043452748505,0.007138122956507217,0.008943102065994251,0.010623847314082719,0.023660921820745025,0.026833028945147407,10000
2143,0.003981082979179718,0.004872881893923591,0.006374146786264134,0.00823437318592596,0.009999872250422464,0.004571917369297086,0.005670231276113459,0.007170543877813473,0.008987291326779789,0.010696368425202303,0.02370566579993894,0.026940222693214888,10000
2144,0.003989776549120449,0.0048907022121929345,0.006401905271310682,0.008283268936670253,0.010064576018926626,0.004583847360544784,0.00569162987486695,0.007200231520524758,0.00903483185788439,0.010757796249210028,0.02386570433519062,0.02713983023987702,10000
2145,0.003997876679301271,0.004905851142534985,0.006431490165333287,0.00832858850692574,0.010135977892652191,0.004597275552693366,0.005709556978958283,0.007230924873451508,0.00907678625350942,0.010818112158662007,0.023918108778609882,0.02740076008475704,10000
2146,0.004005750340168391,0.0049219390180131484,0.006458588916146368,0.008370998248168462,0.010193958502597411,0.004611538782257295,0.005732238646260762,0.007265711351240629,0.009120149492462206,0.010878492643904657,0.024030013315544514,0.027514707910603085,10000
2147,0.004018079316859513,0.0049374626544880585,0.006484118702374531,0.008411195996247614,0.010251669674181585,0.00462010596159506,0.005752124548427149,0.007300721731961819,0.009165645916088674,0.010936064087180735,0.02405782749881527,0.027534678616428117,10000
2148,0.00402412527361804,0.004951615953410382,0.006511135311171756,0.008454545675890586,0.010310424152770281,0.004624316303720933,0.005773148975113387,0.007335973358811831,0.009209053454606816,0.01099426608061959,0.02408577221686337,0.027913327429402217,10000
2149,0.0040305543885232,0.004966155762228368,0.0065384497111153905,0.008495268670973602,0.010375688664221627,0.004632283104266043,0.005788157293545069,0.0073709257374809664,0.00925231278313564,0.011052041242741107,0.02429369794181642,0.028141383996817575,10000
2150,0.004037899805260281,0.004980136823822363,0.006563405336052597,0.00853299887724745,0.010428631155176048,0.004651765584945143,0.0058046178773785975,0.0074019426611944385,0.009297207089182564,0.01110783784453542,0.024323415207710263,0.028253582495661577,10000
2151,0.004045464589459868,0.004995128021670326,0.006590297095911524,0.008571195403361856,0.010487748816947825,0.004665047076252897,0.005821137463008068,0.00743051308679693,0.009344208081047517,0.011180012383391938,0.02451842944782092,0.028484279049150688,10000
2152,0.004050707851296309,0.005008011352376513,0.006614983908690419,0.00860768774091035,0.01054980916728283,0.004661626324922296,0.005841079234880524,0.007462744987373444,0.009379973474560013,0.011234417512454544,0.02454559115126324,0.02850370397517942,10000
2153,0.004061116931146813,0.005021326485212114,0.006640257093948776,0.008648941384910245,0.010609504161591586,0.0046763024949479,0.00586485264756705,0.007495923319773216,0.009421660567619287,0.011291687418356866,0.02459772610182909,0.02864132309284878,10000
2154,0.004069295927448024,0.00503427175670268,0.006662256608727546,0.008686394337004372,0.010669511682239374,0.004686577809238987,0.005880294516304891,0.007524448938862736,0.009458948034017516,0.011350553534650289,0.024623645894489746,0.028659705786439588,10000
2155,0.004078113362749747,0.005046106256668566,0.006687687891059113,0.008725488451779029,0.010721106598208501,0.0047002798763135945,0.0058969723366210985,0.007555993705471227,0.009498916390914167,0.011414275542930874,0.02464911961263271,0.028676899727097784,10000
2156,0.004083727495691391,0.005059825966514993,0.0067123173954186655,0.008766673352539982,0.01076857697552213,0.004713139248277905,0.005917081137261644,0.007586671416841573,0.009540184752602708,0.01147124979944496,0.024750828249445852,0.028785989264725687,10000
2157,0.004092865213507935,0.005072361502158743,0.006736234771338445,0.008807917598541054,0.010830802528853666,0.004722035117730503,0.005934929772331327,0.00761906547099913,0.009584720979827382,0.011536424853609771,0.024817949217492755,0.028889883977001967,10000
2158,0.004096879180860924,0.00508924123152596,0.006760524671918233,0.008844854281089738,0.010879250806087263,0.0047326642885905275,0.005953861227807403,0.007645969569773271,0.009624232907742619,0.011589139272947595,0.024843138107759573,0.02890709628640632,10000
2159,0.004107704813452173,0.005103910227805386,0.006784363099139767,0.008882899263886941,0.010936741593981478,0.004743861170531248,0.005970327572914227,0.00767602560912059,0.009667553513200377,0.01165077553024473,0.024872872517996934,0.02892798348702715,10000
2160,0.004111719255276114,0.005115742278041822,0.006808980639490869,0.008919404288089652,0.010983051196573966,0.004757117487100462,0.005987504916642201,0.007704143815923488,0.009709997981969951,0.011705435646852948,0.024897399176164813,0.028944164918462526,10000
2161,0.004119617845283941,0.00512655057150738,0.006831632244910679,0.008958324914849243,0.011042217384648723,0.004769035655526062,0.005999365131283241,0.007730951942211611,0.009750769536317682,0.011757309890134331,0.02492177388678526,0.028960191730489776,10000
2162,0.004127324563322432,0.005141652239613777,0.006853579007241706,0.008993147928674148,0.011097416165080176,0.004775251692691887,0.0060118540124468765,0.007760404895429426,0.009789224624068263,0.011818260752392461,0.02508181266539442,0.029068081630856068,10000
2163,0.004137595849217845,0.005155511420675225,0.00687585967428106,0.009030468672901365,0.011147654749321133,0.004784743994998952,0.006027503086108534,0.007791113042737092,0.009824685021380942,0.011887913779727805,0.02510660770383341,0.02908426495631394,10000
2164,0.004145285819888045,0.005165026755249756,0.006899336496218211,0.00906880532465351,0.011209613242176881,0.004795016174156706,0.006045834270573693,0.007819109314485881,0.009868879877091778,0.01196674127103159,0.02530800489169723,0.029278370335000314,10000
2165,0.004150196163023168,0.0051775881536093495,0.0069221046092735605,0.009105370391077087,0.011269754288279898,0.0047976366207146326,0.006067167778848035,0.007848096946416484,0.009907073193171682,0.012021087501539952,0.025332982780237774,0.029294985280066372,10000
2166,0.004154633536895602,0.005189009202522215,0.006941800493322603,0.009142028518797928,0.011318480033915527,0.004800334563180095,0.006083859764280486,0.00787569082736715,0.00994582521134288,0.012073863153655301,0.0253563771879419,0.02931004040109117,10000
2167,0.004160425112337407,0.005201870390289684,0.00696435637573245,0.009182195109731027,0.011386740755661144,0.004807275510724421,0.0061001061064230346,0.007904056698811621,0.00998768954201349,0.012134558934356646,0.025466664827163518,0.02965671941311275,10000
2168,0.004166332960816988,0.005213635414188787,0.006985622457904128,0.009217068289318604,0.011447979301043174,0.004813040851828855,0.0061158673578572825,0.007930923137244562,0.010031133975774402,0.012230595724723715,0.025750004103683093,0.029852534352257338,10000
2169,0.004167032030053619,0.005223997226093644,0.007007240596962561,0.009253423825700793,0.01150225638793074,0.004821974136058246,0.006134051361517354,0.007957731261304285,0.0100801410997339,0.012290857070736495,0.025775936828888422,0.029960307046065095,10000
2170,0.0041735380264384505,0.005233504514458715,0.007028619345703646,0.00928941432210479,0.011570216560025414,0.004833086831815902,0.006146088569178308,0.007985528994663524,0.010115049078292582,0.012355600112215629,0.025798633010005553,0.02997510781214419,10000
2171,0.004178248246033434,0.005244399036994878,0.0070509901014190746,0.009327884613151411,0.011618882408666306,0.004841001374754609,0.006160889293293434,0.008013976906389914,0.01015423188999264,0.012416650766846046,0.025858759453556687,0.03008122797556204,10000
2172,0.004182904134299647,0.00525586526869823,0.007072331521371211,0.009363229406442172,0.011670039700464936,0.004844659431822989,0.00617556182501387,0.008038141561987348,0.010194190856543245,0.012474765203002372,0.025942669184618926,0.030215555180733013,10000
2173,0.004189109067797858,0.005268476045653472,0.007092727690704237,0.009399831472412074,0.011724958167143027,0.004850903652083931,0.006186025452512857,0.008062237221225212,0.010238463037258,0.012538498415757696,0.02598262319188921,0.030436632650175734,10000
2174,0.004194748356935207,0.005277620227793421,0.007113097466117324,0.009434693831494059,0.011777746475506485,0.004859628388489127,0.0062024720014459194,0.008089887158080816,0.010285278856696063,0.012605727016901068,0.026004875392611752,0.030451776093248326,10000
2175,0.004200638166826565,0.005286756834599658,0.007135116155147614,0.009472061923401326,0.011843866264398172,0.004867290698192086,0.006219454726582507,0.008117611517021716,0.010326099514362716,0.012650892413350413,0.02603851358258155,0.03058494836177576,10000
2176,0.004202977355939552,0.0052975862169734,0.007154692801833562,0.009505485370053747,0.011906618400067254,0.004872308286572224,0.00623254572913699,0.008143105664769126,0.010366224108514384,0.012712784729788018,0.026072088113098652,0.03071890076509302,10000
2177,0.0042088940156705945,0.005305498713990744,0.007174781370196115,0.009544821627443127,0.0119765199705526,0.004875941409640507,0.0062450844996320455,0.008170947012615152,0.010405050981972306,0.012764918660719021,0.026109802195925264,0.03093923361627324,10000
2178,0.004215411030949667,0.005314395500797389,0.007194012190588239,0.00957992002717134,0.012037077338678159,0.004882595579326777,0.006258726060111736,0.00819460822717082,0.010439710156995964,0.012818163684820104,0.02613206809784511,0.031073556683118148,10000
2179,0.004221584822307989,0.0053245577218628175,0.007212224121488475,0.009612809241089053,0.01209360050374499,0.004889945725387642,0.00626872207182863,0.008221428654491788,0.010482699028105178,0.012875511829374917,0.026153658772564144,0.031087156956811895,10000
2180,0.004226108524298411,0.005332657881153864,0.007228966180207408,0.00964510930891663,0.01213840480550061,0.004897447817667502,0.0062847562008452795,0.008244547707964189,0.010535545699382271,0.012927886181463696,0.02617502726951154,0.031099597297582066,10000
2181,0.004227321604805922,0.00534027236456609,0.007250692532693392,0.009678888422640952,0.012203009195174272,0.004903812509057268,0.006298561149958948,0.008271546613491845,0.010580394645949282,0.012982926455356356,0.02620949656361663,0.031198482770468803,10000
2182,0.004231315618229914,0.0053473360881402246,0.007272530312945946,0.009712313853979424,0.012269422638567557,0.004908556984165328,0.006314066441201632,0.008298538567807925,0.01062073130897422,0.013036437304872597,0.02623349545234816,0.031331213452749467,10000
2183,0.004232718662808566,0.00535283470872173,0.007293038663135576,0.009743230932054701,0.012322113275186551,0.004914724334384774,0.006327439772884523,0.008321654194233691,0.010659873022136324,0.01308924656377586,0.026391543267736517,0.031436344615023676,10000
2184,0.004232001606516178,0.005361135588941011,0.00731379542342836,0.009778418743284476,0.01238401158704788,0.004923208000348245,0.006337253164392099,0.008348891432608916,0.010695194756070146,0.01314406387152028,0.02642651613941392,0.0315354852148134,10000
2185,0.00423516961005106,0.0053715844904557745,0.007331629785127802,0.009813134126573147,0.012450267916802458,0.004930032375377569,0.006350214042801848,0.008371948946351593,0.010735964238090362,0.013205288517926787,0.026771645960614765,0.03163464419487177,10000
2186,0.004236532863407661,0.0053780660370145485,0.007352679918227523,0.009849436379494847,0.012512427230561226,0.004941499579000056,0.006360544911254721,0.00839950313935286,0.010774723594158587,0.013270296397720148,0.026866585282329658,0.031766811695582146,10000
2187,0.0042384677669360825,0.005386493879181842,0.0073731227165438895,0.009879343746340368,0.0125775673596479,0.004944554152878338,0.006373258773839214,0.008422471307738362,0.010808855851114033,0.013324898171223253,0.026887805863401573,0.031779546328122556,10000
2188,0.0042397464803130445,0.005394375705247114,0.007388235306137858,0.009913295053806764,0.012622621179596632,0.004949498969331255,0.006387169551720035,0.008444335933064028,0.010848335595910268,0.013384954746755707,0.026908288034160642,0.031790977863917366,10000
2189,0.004246385911175566,0.00540250597663686,0.0074055549433893475,0.009945122336506813,0.01269489013644857,0.004952348397562943,0.006395607986461991,0.00847136971686421,0.01088576910740557,0.013440742492322457,0.026943558950551255,0.03201426563921474,10000
2190,0.004248860150819667,0.005409617668806419,0.007424829595223059,0.009976364765584833,0.012758287507575971,0.0049588293475023165,0.006405041905283562,0.008496345907821152,0.01092395163982655,0.01350400488992922,0.027443544597969063,0.03211374750842257,10000
2191,0.0042512557189667175,0.005416861503479141,0.007442595477172631,0.010008252145756558,0.012823020483362755,0.004962247254250623,0.00641523046543223,0.008517014431790681,0.010963871153078194,0.013559032753427491,0.027507950353850237,0.03224536529051327,10000
2192,0.004255642157594508,0.005423745205536079,0.007461185202402021,0.01004086525373424,0.012888818646803185,0.004963043163256571,0.006428108858320843,0.008540231409801367,0.011000259928706721,0.013627077608081739,0.027543956310568645,0.03237728775944479,10000
2193,0.004257177533574463,0.0054271441853386195,0.007478101105220958,0.010072211979074836,0.012955591288496746,0.004963578870812352,0.006436405131319969,0.008559009065301696,0.011037729521344108,0.01367592421747006,0.02756413454471317,0.03238925842298891,10000
2194,0.0042552995053583235,0.005435085090323213,0.007491017918056286,0.010101646959155915,0.013009335823788597,0.004974947716325519,0.006446512509048917,0.008582565517639721,0.011079781551662046,0.013738706128939479,0.027758999130750993,0.03249207786939882,10000
2195,0.00426063247673909,0.005443039633779563,0.0075071848278156494,0.010137081440894632,0.01308567427759044,0.004988248367034017,0.006457348937957706,0.00860879778656607,0.01111584455982647,0.013788344367310992,0.027779869237901485,0.03250330274356753,10000
2196,0.004260205752515134,0.005448926163426791,0.0075237088000221775,0.01016926602581691,0.013138834394314357,0.0049905995952045585,0.006466598564586345,0.008633656772702633,0.011160260618451925,0.013835969165994937,0.027799627196227167,0.03251391547943465,10000
2197,0.004262492584240362,0.005455758084529237,0.00754279853315154,0.010202244359975054,0.013198085379124775,0.004993252650901591,0.006478569218225021,0.00866063464992856,0.011198627158072476,0.013881501659463275,0.027996615714304916,0.03273633517457944,10000
2198,0.004265138449785866,0.005462246553000512,0.007559065008820198,0.010240718048769679,0.013296419566921711,0.004996409411580918,0.006490204324768629,0.008683649129019337,0.011238224894845425,0.013950475343545066,0.028035127676889485,0.032954806917257565,10000
2199,0.004261778091988333,0.005467786114601125,0.007574291211575712,0.010271353206381662,0.013354206285197276,0.00500224341360568,0.006499887619902576,0.008707291004624095,0.011273241447166321,0.014007046579647867,0.02805479102589528,0.03296676580491128,10000
2200,0.004264178083379022,0.005475417970388037,0.007593943769343525,0.010303936544585496,0.013415533055544401,0.0050023993123282755,0.006511345511832612,0.00872870238765355,0.01130743760533705,0.014066033756772973,0.02833603689205658,0.033155706347494575,10000
2201,0.004261281116340854,0.00547968271060995,0.007611028244681961,0.01033571214213964,0.013489213980412255,0.005008937686062282,0.006524123673214741,0.008752908795689553,0.011349290005872922,0.01411235917232723,0.02848154634570768,0.033253872781019767,10000
2202,0.004261888840694184,0.005487770602055662,0.007626881895092197,0.01036656411003321,0.013543521060610424,0.0050155420127643985,0.006533869428934674,0.00877471633262581,0.011386568782153748,0.0141649024891463,0.028565767998186605,0.033351394438602674,10000
2203,0.004269273549042651,0.005493870929817319,0.0076435992360757155,0.010402467226838326,0.013603088539619525,0.005019020751946298,0.006546147665383372,0.008799139632076026,0.011420804282271711,0.014206794039322955,0.028585478260374685,0.03336208347890938,10000
2204,0.004270424963526409,0.005498835426557491,0.007658941500849892,0.010434540052579565,0.0136811793128345,0.005024121084421462,0.006555367855108155,0.008822146692961873,0.011457062010545215,0.01426068679603755,0.028604561921438447,0.033371981419324064,10000
2205,0.004269634049176218,0.005504754541040882,0.007675580169745899,0.010476383250718299,0.013755212071333739,0.005030064419481942,0.00656626566252897,0.008848767661730688,0.011501104037776806,0.014312753158984306,0.028638262540150373,0.033501703323105314,10000
2206,0.004269734210836873,0.005511481112743013,0.00769234016668463,0.010510739096487498,0.013825810767573894,0.005035469416849902,0.0065786824870714185,0.008869122399279162,0.011538950353869258,0.014404181183940249,0.02865734873159181,0.03351254819020077,10000
2207,0.004275588021448229,0.005519101275238825,0.007705802398326966,0.010539481180881011,0.013884493049775414,0.005038445152783516,0.006588768044770286,0.008892494560052486,0.011572150768581903,0.014451299086595482,0.028676281373382392,0.03352228841121066,10000
2208,0.004277625888084913,0.005524083961693123,0.00771890237247419,0.01057417869534703,0.013943704844655255,0.005045682489056378,0.006601813052284606,0.008916196919222383,0.011614522556612942,0.014495751800519237,0.02869535818402153,0.03353208326837214,10000
2209,0.004279792228004453,0.005529747847132569,0.007736726342045586,0.010605992220730514,0.014003395998841482,0.005051842482238926,0.006612365744032617,0.008940197256555133,0.011648246456031599,0.014557019086989965,0.028714297821827477,0.03354187510916831,10000
2210,0.004285299833070156,0.005534160397505161,0.007750664530917106,0.010641969413680953,0.014083226157134728,0.005053396440704028,0.006618883432614842,0.00896735731404059,0.0116896321066473,0.014607641258417061,0.028905404601644404,0.03385006218145043,10000
2211,0.00428627379402684,0.00553792498573813,0.00776331945268538,0.010673470986004076,0.014177706478776027,0.005053845169777955,0.006629089660717727,0.008993030820816691,0.0117321069379574,0.014687273626114977,0.02909454562817644,0.03407371822624069,10000
2212,0.004292272890111449,0.00554514695132454,0.007780791526499797,0.010710995407648057,0.01425176176109061,0.005049664769318021,0.0066419830126610456,0.00901582770237807,0.011770806329115162,0.014758539183449847,0.029133006423196377,0.03420447621702462,10000
2213,0.004291947514835215,0.005549968093560551,0.0077963898379209695,0.010744924782790691,0.01433116858726748,0.005051844038771501,0.006653566781167678,0.009036508353719011,0.01180803272043112,0.014818007007757442,0.02915184601598027,0.0342147089456401,10000
2214,0.004292846143314222,0.005556240779162067,0.007809920631871137,0.01077839709465877,0.014415629342053643,0.005062755801507942,0.006665569138626547,0.009059891582892806,0.01184372376115426,0.014889112481340096,0.029170472334595368,0.034224079422951095,10000
2215,0.004294336617026317,0.005561216145371759,0.007823727037134631,0.010810417388466931,0.014495395554345685,0.00507257511603831,0.00667823998145731,0.00908342742720862,0.011882837353358058,0.014954701646230816,0.02918913602723558,0.03435310586600371,10000
2216,0.0042940359252508385,0.005564168550964723,0.007842158646155895,0.010842502081423788,0.0145596970598575,0.005082556627962908,0.00667816900305011,0.009111860347378696,0.011920565996505438,0.015015531048323668,0.0292076648134494,0.03436320193021344,10000
2217,0.004295476932044551,0.005568526486891159,0.007850953121135262,0.010874389768246432,0.014664027165835588,0.005085091002633379,0.006686641598519377,0.009129962933986468,0.011962483892713165,0.015076734199777564,0.029331079554358593,0.03446436610333999,10000
2218,0.004297936274228676,0.005575966317231717,0.007868821187713593,0.010907189873722701,0.014745380541430101,0.005088345302101926,0.006695338106037938,0.009151480800566493,0.012002855168083299,0.015151880847473553,0.029350245159446196,0.03447395842633792,10000
2219,0.004298082279848359,0.005583619309679762,0.007884889520283878,0.01093865423900496,0.014794863736582892,0.005089167963444259,0.006707021711058928,0.009175694543028348,0.01204179998184996,0.015209752893277447,0.029368685583673483,0.03448296307888137,10000
2220,0.0042980145652180115,0.005586824245519324,0.007899503669321462,0.010963608628274528,0.014860255337288204,0.00509148996123406,0.006718653981532807,0.009195803480915313,0.012080904907731088,0.015300111823790728,0.029387058565411784,0.034492039108516906,10000
2221,0.004299791798807462,0.005590546998012656,0.007916141598556692,0.010995491210719023,0.014928631183890671,0.005092983823627437,0.006730106547062814,0.009214181004089585,0.012119065932877052,0.015383617629579979,0.02940540969116585,0.034501004421809395,10000
2222,0.0043004685329165685,0.005593694502928486,0.007928492258670872,0.011024716779855339,0.014987194898790782,0.005098529938871462,0.006741296475485848,0.009232467723196736,0.01216308652676325,0.015476564661240973,0.029426724149999965,0.03460196242871546,10000
2223,0.004299267783437699,0.005598943625182073,0.007942363791713092,0.011060290384679945,0.015051133411591871,0.005098348854329701,0.006753513871198294,0.00925474117940296,0.012200480354698248,0.015571553516018419,0.02944513216474529,0.03461145634260293,10000
2224,0.004299962868803676,0.005602321609474075,0.007956806783823822,0.011092854672550487,0.015104006199433646,0.005098280359745914,0.006760765472995364,0.009278376574753793,0.012233287147339388,0.015633123686195804,0.029463332553590738,0.03462030562979146,10000
2225,0.004300052426766144,0.005605629338890878,0.007967331314816306,0.011125816956953827,0.015191878096108254,0.005100712944314504,0.006770553360551409,0.00929904671521518,0.012267736236592358,0.015683191781466654,0.02948168003958049,0.0346292044314035,10000
2226,0.004300505691324475,0.005610781228554202,0.007983751421804186,0.011157980292374532,0.015265995267446883,0.00510389129685444,0.006779627225900856,0.009316959557276664,0.012302224794141841,0.01577570728058449,0.029499938558477337,0.034638178797477714,10000
2227,0.004303643211409991,0.005615519090151082,0.00800004552146305,0.011192668802277126,0.01537577142686359,0.005103365459025696,0.006789123943895252,0.009336546803108714,0.01233936379639628,0.015877475814343678,0.029554053960612725,0.03485894276736436,10000
2228,0.004303086186323668,0.005618026095677351,0.008017105969628346,0.011223184113183607,0.01546892379239466,0.005109712665413807,0.006794364472747678,0.009356653293873267,0.012378146912007868,0.015957859752824967,0.029572466783988952,0.03486932479583336,10000
2229,0.004302522578620937,0.005621793997314626,0.008029765609990136,0.011253464910516868,0.015543821699617408,0.00511028489544067,0.00680611210354624,0.009376678056321062,0.012419724017519859,0.01602460842971148,0.029609226571335457,0.034964626832582786,10000
2230,0.004299924614950612,0.005626840263069539,0.008042867505110962,0.011279798385399999,0.015609238229706078,0.005114277665870162,0.006816953288615474,0.009398608006011529,0.012452869744956607,0.016095667358867208,0.029627514971709963,0.03497397876762849,10000
2231,0.004300795768483567,0.005630828884783057,0.008056930296589826,0.011317349851948962,0.015680819734387792,0.005113509302778734,0.006826376314470834,0.00941980383650858,0.012490983200408215,0.016201670763476776,0.029646547485673018,0.03510245553022934,10000
2232,0.004300326269282806,0.005635448090174577,0.008071465282455392,0.011347218208508139,0.0157575864601199,0.005114389611508722,0.006834245230478695,0.009442671268232715,0.012536587172084434,0.016294311363337755,0.02966471147252992,0.03511203059153762,10000
2233,0.00430184507695941,0.005638273863100097,0.008084409556374794,0.011384251211463265,0.01585891109532156,0.005122644309612086,0.006841019938689669,0.009464399852721737,0.012573696459479899,0.016368379813042698,0.029682809618705678,0.03512074611126449,10000
2234,0.004302780336993805,0.005641329925402943,0.008096477158616722,0.011416118332125507,0.01595012134106071,0.0051223820123772355,0.0068467231454900435,0.00948637316429006,0.012621710453004656,0.016469240245171716,0.030092949703635605,0.03533569008755111,10000
2235,0.0043026135369331085,0.005645696608127367,0.008109239301745674,0.011450762545287603,0.01601856406186071,0.005123549462942547,0.006855297024296849,0.009503015714518946,0.012656612946148874,0.01656339882036864,0.030232629235932104,0.035432368057427416,10000
2236,0.004303899819630886,0.0056483637589340675,0.008120054466715487,0.011486515236853734,0.016126231016789904,0.005131920806341166,0.006858656426896004,0.009523814873169651,0.012691442013590116,0.016620616764756187,0.030256472498303617,0.03544585474673574,10000
2237,0.004304015215365098,0.005651384052428625,0.008133015150008305,0.011518408197218263,0.016192357769111234,0.005134983900969995,0.006867869359940593,0.009544023238867574,0.012739069648978252,0.016681575173539378,0.030274442749478186,0.0354543456254971,10000
2238,0.004305045647071637,0.005654822403726882,0.008143889516844638,0.01154638305018196,0.016323191935634893,0.005134195409371333,0.006873382212643517,0.00955991925870855,0.012774780385883604,0.016739685741390103,0.030293510563067887,0.03558263490494007,10000
2239,0.0043009333381135665,0.005657470954216137,0.008157367088614365,0.011576074928435105,0.016426288164160495,0.0051371808989758615,0.006877114850879517,0.009580434968176454,0.012806144900059279,0.016821996556042766,0.03031148839490628,0.03559200003502901,10000
2240,0.004300691518740507,0.005660798694952548,0.008173060025981727,0.011609851054629985,0.016526588333931582,0.005137843327587514,0.006883334458260135,0.00960108153626976,0.012859139324661123,0.016900353491612157,0.03059586292298953,0.035773583448955246,10000
2241,0.004300901922840695,0.005662661594675456,0.008184579049824947,0.011642459839251842,0.016649011780566512,0.005138288694547063,0.006891308729631315,0.009618445088249342,0.012896890428424576,0.016947152827496398,0.03062873920637356,0.03587527685605593,10000
2242,0.0042991859216627406,0.005667256899064484,0.00819831398548132,0.011678124431467438,0.016726947778826655,0.0051433733543936955,0.0068979223744749145,0.009636141442241767,0.012931692367865111,0.017014716998856767,0.030646632306015248,0.03588419238339611,10000
2243,0.004299674268125386,0.00567170445755238,0.00821023447412017,0.011711327748479904,0.01680965521950384,0.005141746651169009,0.006905877918660185,0.009655782856755168,0.012969574586128957,0.017093519834217204,0.030664441598710346,0.03589261352228481,10000
2244,0.004300229906368714,0.005673272078653895,0.008223291689859025,0.011741280914597496,0.01689002138899695,0.005145007168446336,0.006916384354628239,0.009676223225557794,0.012999457030404556,0.017136363926012435,0.03068224590272696,0.03590091158052884,10000
2245,0.004302398825930709,0.005675333596351777,0.008238876528167793,0.011773595655282633,0.016985700851162733,0.0051491353193607705,0.006920436990466443,0.009703458152400066,0.013034020048479839,0.017239932817214053,0.03071746997841539,0.03602902679426416,10000
2246,0.004299617746022477,0.005674804936311233,0.008252899829923166,0.011812365544509476,0.0170460951278187,0.005145484618689047,0.006927925060192143,0.009721431964062595,0.013078410357414324,0.017320370569256897,0.030735341046988718,0.03603825996160729,10000
2247,0.0043021245152658595,0.0056760167140146225,0.008265284355815083,0.011846810837104158,0.017128686661672516,0.005141393892752892,0.006937912935409041,0.009745354314497877,0.013119926110314806,0.01739510142224276,0.03075318997837094,0.0360465579324355,10000
2248,0.004299834399340341,0.005677653145489785,0.008275302573167664,0.011883036354961973,0.017235006429893927,0.005146547539486308,0.006941795847185145,0.009762614121332659,0.013156472809968522,0.017499737657746154,0.03079048468029933,0.03626666505195453,10000
2249,0.004298058365071711,0.00567752746777785,0.00828905707644978,0.011912972227970614,0.01732807111258976,0.00514805045001771,0.006950922824188875,0.009789015924318894,0.01319430558503389,0.017665377059867843,0.031529311913720534,0.036569289476352185,10000
2250,0.004299398882371008,0.005680539117600461,0.008302132511524007,0.011944148996165608,0.017411885640032664,0.005148696384838653,0.006959408259018695,0.009807776641968236,0.01323444533868752,0.017727390212910404,0.03155254341728002,0.036579639505415734,10000
2251,0.0042976713667641775,0.0056837416236629685,0.008314552692525012,0.0119801407182689,0.017550097869863633,0.005147890997291173,0.00696547935470266,0.009829136297762888,0.013294896903023826,0.01785852229233814,0.032035134442919666,0.036678231423840746,10000
2252,0.004297976566992645,0.005685543912896947,0.008325129287925392,0.012023357787618351,0.01761876981514944,0.00514461019625635,0.00697736536877409,0.009852149724034387,0.013333467475783857,0.01794110682742626,0.03205624719409858,0.036686953544994155,10000
2253,0.004303211467995994,0.005687388155320151,0.008338077540884115,0.01204892622734235,0.017697943880511945,0.005145579840059865,0.006982933548550775,0.009867824839883485,0.013383919748959859,0.018041352933047056,0.03207365003397204,0.03669506714198434,10000
2254,0.004304142174351,0.00569097575864987,0.00834986904607149,0.012086586739902145,0.01776415676979182,0.005149594788388579,0.0069919222619148555,0.009888278698692092,0.01342749097190377,0.018144535836506284,0.032090936024274166,0.036703018800358936,10000
2255,0.0043038068572542445,0.00569296434998023,0.008361899532559391,0.01211830354838014,0.017848802073370956,0.0051513087797247885,0.006997118841380211,0.009903644548739092,0.013469806812192363,0.018229096080958795,0.032108382933388344,0.036711020838040044,10000
2256,0.004298044523096678,0.005694403157320949,0.00837231318868703,0.012153127113148515,0.017939358615245718,0.005148890764150998,0.007005999608606468,0.009921208280136434,0.013504972860184674,0.018283066746301695,0.03212568415625099,0.03671899683378042,10000
2257,0.004295367753559276,0.00569693854670902,0.008385367031280566,0.012188953520009135,0.018041392108293027,0.0051495487080220215,0.007013147953322551,0.00994071016490627,0.01354189905836434,0.01836060477309431,0.032149427420992714,0.03681920420954974,10000
2258,0.004294268732029138,0.005699699586999714,0.008400073373906025,0.012217600582008003,0.018181559830026114,0.005152567868412639,0.007018847968693897,0.009958224020283036,0.013585745440079183,0.018435069226958565,0.03219143272765678,0.03691427868829346,10000
2259,0.0042939033496800505,0.005702355964261301,0.0084141019876256,0.012250963899387558,0.01829026747055309,0.005150600710790378,0.007025790477586979,0.009978084875497234,0.013628113075669177,0.01870940504154952,0.03263322267996152,0.03710154976913211,10000
2260,0.004297252962249587,0.005707466419565179,0.008427812795332557,0.012288849061752672,0.018369282223119385,0.005150781077722877,0.0070378658359013125,0.009999984265570657,0.013670435060013189,0.01881700272904978,0.03265379810934717,0.03711097626544123,10000
2261,0.00430226063982957,0.005710593351135742,0.008439854107891165,0.012314973489379212,0.018445341909548996,0.005155441959468565,0.007043822566873162,0.010018590511977928,0.013710093936327045,0.018925587285566797,0.03267100995199074,0.0371189039942286,10000
2262,0.004300350904978246,0.005714425524033686,0.0084543820373284,0.012342205337898236,0.018537627085848336,0.005162355748107087,0.00705356969406683,0.010036780723858194,0.013749218377147484,0.019029933120899564,0.032688299967023215,0.03712703193009352,10000
2263,0.0042962601267646505,0.005716684192844355,0.008463055755612459,0.012373986111646218,0.018645552160839386,0.00516605317407607,0.00705892798510213,0.010056264408172583,0.01378294284696363,0.01912459067980981,0.03270540533130117,0.03713487048754642,10000
2264,0.004297604348001016,0.0057199188363603075,0.008477779089787418,0.012411352661899286,0.018736944674938572,0.005166730685019381,0.007066871982288652,0.010080366552243016,0.013833377612369666,0.019178312354395932,0.032722450044239244,0.037142801338740095,10000
2265,0.004299600792162295,0.0057246030923110425,0.008492901219398163,0.01244945853366346,0.01884674842210638,0.005174424448015152,0.007076204959752146,0.010096592310648647,0.013881281103173826,0.019258902935898683,0.03273955729548311,0.0371506417012534,10000
2266,0.0043017560544370784,0.0057273452310823815,0.008507815143545372,0.012486349773325287,0.018975745070565583,0.005176206453004091,0.007085360013426058,0.010113185426202386,0.013921283525910053,0.019375425814491355,0.03283005246008738,0.03725056528670849,10000
2267,0.004299752520310562,0.005731578040612249,0.00852163253827598,0.012520045948998018,0.019112247564456196,0.005179652291853112,0.007094669295344207,0.010135826435449503,0.013953685304587371,0.019456291797381908,0.032872356075174594,0.037345526441599906,10000
2268,0.004301689030447165,0.0057331345673929945,0.008531676550802558,0.012556393358391489,0.01920781630686008,0.005183106731973577,0.007105396619070756,0.010152142118706553,0.013977757911885295,0.019552188090028948,0.03288955891168098,0.03735404812208323,10000
2269,0.004302062968054088,0.005738550250868002,0.008541272069720662,0.012588645852071067,0.01930887418209579,0.00518864094874634,0.007113014642393626,0.010166368569752534,0.014004587740144831,0.019613829339584297,0.033031598673331566,0.037448415593060926,10000
2270,0.004305685755326039,0.005740865589513647,0.008559705155590791,0.012633902206315497,0.019404062162416833,0.005188011595774019,0.007121977228647463,0.010182624067927026,0.014038812024492666,0.019681717236837683,0.03304966955310807,0.03745689117080466,10000
2271,0.004305175288758534,0.005746218613049337,0.008569630735195233,0.012671485296951914,0.019501340624310613,0.005187693756060949,0.007130637725685875,0.01020600036803759,0.014070290268668592,0.01976010743210742,0.03306673321453875,0.03746473758054815,10000
2272,0.004304471330661386,0.0057464641751936085,0.00858269949270607,0.01270059205029952,0.019595250678679576,0.0051912901965011195,0.0071388483792712235,0.010224067064164915,0.014092891791273574,0.01982442025504181,0.033083716373141704,0.037472511871470486,10000
2273,0.004303905567343236,0.005747819696830163,0.008595642672958093,0.012737962053028724,0.01970448174774047,0.0051908165230107215,0.007144442142637626,0.0102450361234876,0.014137739478722818,0.02004384655123937,0.03340236014517044,0.037686702392679794,10000
2274,0.0043026759309697125,0.0057485404270570944,0.008606431181526375,0.012777120162068058,0.01980127995288113,0.005195065516027131,0.0071522663773939486,0.010268323938806622,0.014174267389105462,0.020145832114893843,0.03342164331384695,0.03769605031554708,10000
2275,0.004304319741950735,0.0057547215625510266,0.00862038610138427,0.012813825115113673,0.01989886314910052,0.0051990540032003894,0.007163041115820184,0.010279849943808966,0.014212145199999261,0.02024954110044738,0.033438498888211876,0.03770384665284902,10000
2276,0.00430631541458979,0.005756363093259438,0.008627941846754084,0.012847178521240609,0.02000424115316548,0.005197593483382423,0.007168606173108942,0.01029732222801478,0.014260954988568768,0.020295081722788474,0.033455459396224504,0.03771156113371116,10000
2277,0.004308367981795414,0.005758584537989435,0.008636549967178553,0.012877976684462738,0.02010353823435196,0.005195498493472153,0.007175327590523005,0.010314628185263281,0.01428670111459236,0.020378821125798526,0.03347250393132717,0.03783908829448664,10000
2278,0.004308884023836868,0.005761683906883661,0.008650872614737182,0.012919612077486136,0.02018865102062079,0.005200727882822633,0.007187409044323349,0.010332915804696767,0.014319529448724444,0.020471304840637233,0.03354856652334587,0.0380597629699903,10000
2279,0.0043071367058509225,0.005763601794315605,0.008661755318883024,0.012961436352343867,0.02028939925206998,0.005199152656848098,0.007198898112626243,0.010353495782581322,0.014356392580776655,0.02055774678864886,0.03361100148798016,0.038155434573861384,10000
2280,0.004299358130010944,0.005767319988376016,0.008674911349572767,0.012993063526292446,0.02037669772469427,0.00520511263129718,0.007205457415232811,0.010372162428956768,0.014389727329839612,0.0206310371435611,0.03362828018043924,0.03816371420969658,10000
2281,0.00430263068558574,0.005770905482594913,0.008687878842550845,0.013021647226593984,0.020486243918915632,0.005208212327354734,0.007210912310548092,0.010388342278730518,0.014425708783699741,0.020699437327042623,0.033645164240485366,0.038175664572078605,10000
2282,0.004301634005722832,0.005770002138337418,0.00869750482349474,0.01304901575282372,0.02060068774343051,0.005211237935431559,0.007217978036606435,0.01040507026490372,0.014462856636777934,0.02076177217432719,0.03377049354290573,0.03842287428156537,10000
2283,0.004300495177879782,0.0057715437066923414,0.008713333787852662,0.013087525042873836,0.02069481521544673,0.005211416998312618,0.007229394639715628,0.0104191689028396,0.014496865070784258,0.020860531867621802,0.033872357487380475,0.03852434417114474,10000
2284,0.004299326580907347,0.005773329574278137,0.008723684311249258,0.013129547709678491,0.020804434796278314,0.0052094677137162464,0.007239644834724101,0.01043912385809371,0.01453289571736,0.02102257530540347,0.033997244771251836,0.038624563069200465,10000
2285,0.004298235667909012,0.005774851591679067,0.008731403932252135,0.013154807195564331,0.020896483135010135,0.00520629991085114,0.00724773323534776,0.010458037700398253,0.014568404093084578,0.021132273890951177,0.034019063597912486,0.03875224984169292,10000
2286,0.004295159359375589,0.005778932487950925,0.00874306542471004,0.013178051663370525,0.021011643827947058,0.0052089333224294284,0.007257375519016003,0.010468354999778115,0.014602599494001089,0.021235815682558706,0.034042191294453475,0.038852605796108476,10000
2287,0.004291231205357349,0.005784953212659048,0.008757371946558123,0.013206683253082474,0.02110075281283911,0.00522191049266989,0.00725897055107885,0.010486898205635748,0.014627406847143403,0.02131662705602886,0.03405901806678852,0.03886050127753653,10000
2288,0.004290153784825179,0.0057844979545976115,0.008768835547385834,0.013241072282694404,0.021191017143104313,0.0052206158928829426,0.007274427404948852,0.010502549266222497,0.01467539845145268,0.021382789229855603,0.03407561551622803,0.03886775574957231,10000
2289,0.004288137712605078,0.005784632256915643,0.00878614069250716,0.013278873136321182,0.02129764636022169,0.005226590182660188,0.0072776979846285944,0.010521352401823864,0.014711946779517713,0.021440809359774018,0.03409774665975605,0.03899483488424097,10000
2290,0.004288948983500518,0.005786694525032772,0.008798131113927354,0.013322246614119848,0.021559567066984184,0.005230963952489764,0.007285576623576904,0.01054779905834553,0.014746682133183846,0.02163020743277107,0.03446015293014893,0.03929599646128071,10000
2291,0.004289875614688299,0.005788637116750693,0.008810973759260321,0.013352620016748916,0.021660337290498426,0.0052369316496908335,0.007288947788726789,0.010561231374965212,0.014784335723271563,0.021725719596446036,0.034480032103872585,0.039305873743628476,10000
2292,0.004288242529881359,0.005789030402040396,0.008818511143147134,0.013382414272107894,0.021771965668068546,0.005252019605209122,0.007296428926737266,0.010577178004154414,0.014816419929855454,0.0219243929746339,0.034598767259599816,0.039432792760548785,10000
2293,0.004285068302274908,0.005792901655498781,0.0088298227834116,0.013406804937065999,0.021871437509386724,0.005259878389031198,0.007307278259235692,0.010604859645337172,0.01486084902270393,0.02201359878174685,0.03461615400164327,0.03944086112756779,10000
2294,0.004284391979302882,0.005792946273445523,0.008841411264711496,0.013454231162187398,0.022017242869577517,0.005276112304352664,0.007315895300799868,0.010619761617908686,0.014903525147564115,0.022119785747922102,0.034638513187727024,0.039632137617249805,10000
2295,0.004283137504489787,0.0057945768219491356,0.008854109281998035,0.013481788496437162,0.02211788113563381,0.005281857957284908,0.007329335055144982,0.010633897698195888,0.014933673545723399,0.022221416034774514,0.034655135380394705,0.03964030954642249,10000
2296,0.0042842393930428106,0.005798245412374854,0.008869957468647272,0.013514889706606824,0.022318025601765608,0.0052863859995179105,0.0073400395484856246,0.010648653907794214,0.014968358287499354,0.022322847466744025,0.034692358021481115,0.03973940091493495,10000
2297,0.0042825480234796485,0.005800591363295666,0.008882969417896902,0.01354420045073141,0.02242714044598415,0.005288302631450069,0.007347340630037038,0.010668602925473131,0.015003775605687497,0.022427582396766888,0.034708989265441366,0.03974694831954147,10000
2298,0.004281918049810684,0.0057999302638739895,0.008895888142973263,0.01357861944578815,0.022513154538003725,0.005295799733542636,0.007353107184947286,0.010685482085592307,0.015038091050356878,0.022516482155659462,0.03472552729291756,0.03975396784776401,10000
2299,0.00428118261748196,0.005801991382058986,0.008902918074880972,0.013608844596984113,0.022604190769985155,0.0053035999136387384,0.007360756552993308,0.010701824564346093,0.01507848947307468,0.022608271783188152,0.03474202155095257,0.03976110644346189,10000
2300,0.004280256408502226,0.005804866600910828,0.008915575540513032,0.013640667329420922,0.022718662097568624,0.005310984349200339,0.007369654576200307,0.01071446358212133,0.015105319801324629,0.022701192409723937,0.03477261313841712,0.03998002683090974,10000
