post_idx,ais_1850,ais_1900,ais_2018,ais_2024,gis_1850,gis_1900,gis_2018,gis_2024,gsic_1850,gsic_1900,gsic_2018,gsic_2024,te_1850,te_1900,te_2018,te_2024,lws_1850,lws_1900,lws_2018,lws_2024,total_1850,total_1900,total_2018,total_2024
1,-2.489881648742904,-3.493247058055682,0.5279649036290524,0.6838198974562393,-0.5781407155605045,-0.5213700708461388,0.7250240685936937,1.1807176116455764,-3.341747810148173,-2.9686265565735845,1.294940452853808,1.8558428984983506,-1.452359177303524,-1.602895145722378,1.0332436961870868,1.1879077826366562,0.0,0.0,0.0,0.08491570176669638,-7.862129351755105,-8.586138831197783,3.58117312126364,4.993203892003519
2,0.5583079168785338,-2.893878397783578,0.661354541179282,0.9096052786786046,1.6261969107624452,0.5779250284024151,0.7926604580559271,1.2904280201784246,-3.466379051216953,-3.0839270056135377,1.368991802958215,1.966647212222092,-1.5126968133779597,-1.6694867337258632,1.0761693602314948,1.2372588994945384,0.0,0.0,0.0,0.08491570176669638,-2.7945710369539336,-7.069367108720565,3.8991761624249186,5.488855112340357
3,-1.3444703755018703,-3.457230465788219,0.5561484717721887,0.8739672947582822,-0.31512821903127985,-0.027964490391951813,0.9407734508370069,1.6577747790781139,-3.7969251791357364,-3.375557904304343,1.4859262316576687,2.1322362246645685,-1.5562685213889291,-1.7175746174622277,1.1071673346568163,1.2728968958372173,0.0,0.0,0.0,0.08491570176669638,-7.012792295057816,-8.578327477946743,4.09001548892368,6.021790896104879
4,-7.317861988286609,-3.091791618099704,0.4676792029545407,0.6076471457773791,0.0028080684198350525,0.11710306659926673,0.9463738907026453,1.6643063674447234,-3.7527402994517387,-3.338060669624742,1.4777911389250258,2.1220044396501234,-1.3739054933515154,-1.516309794704603,0.9774298344007988,1.1237392606900847,0.0,0.0,0.0,0.08491570176669638,-12.44169971267003,-7.829059015829783,3.8692740669830106,5.602612915329008
5,-2.4311393751460817,-4.052098964260386,0.5918170979602344,0.7616728115972915,-0.4941349984934895,-0.37689212632798785,0.9086127097956087,1.527395474355675,-3.6405590244601176,-3.2375124404141276,1.4295519668133263,2.0520647870218776,-1.7495852199360846,-1.9309284506810995,1.2446975429296736,1.4310137131551968,0.0,0.0,0.0,0.08491570176669638,-8.315418618035775,-9.597431981683604,4.174679317498842,5.857062487896739
6,-4.7315638321304405,-4.795037704082161,0.7495994763670577,0.9785043569604079,0.5850427899006583,-0.09129410983854669,0.8995912502520298,1.433537047481348,-3.4283305083476447,-3.044264457708238,1.3206355486049002,1.8910870622302602,-1.444950761329289,-1.5947188528409972,1.0279731686042877,1.1818483208104555,0.0,0.0,0.0,0.08491570176669638,-9.019802311906716,-9.525315124469943,3.9977994438282733,5.569892489249168
7,-2.305227371303962,-3.0876993617140136,0.5741162662523558,0.7771200436256676,-0.20518731926966183,0.03573412591659775,0.9758540174439112,1.7221151013475655,-3.591007699145902,-3.186678914881083,1.372713856636494,1.9639189009783093,-1.7468197666704648,-1.9278763602034454,1.2427301321139117,1.428751804731934,0.0,0.0,0.0,0.08491570176669638,-7.8482421563899925,-8.166520510881947,4.165414272446672,5.9768215524501676
8,-4.529240822553278,-3.8306068467989896,0.4698485538736419,0.5844374199757696,0.3199609578389051,0.07612595157713287,0.9568961348195515,1.6213964800011027,-3.1832562233394173,-2.8260400745918632,1.2232238322483158,1.7511376358545327,-1.545002987123438,-1.7051414187946319,1.099152759167569,1.2636826353163537,0.0,0.0,0.0,0.08491570176669638,-8.937539075177229,-8.285662388608353,3.7491212801090774,5.3055698729144565
9,-1.476525801595667,-3.6280127814335317,0.6595180590866834,0.9984897054004405,0.21049878547847456,-0.03636463356917474,0.8280271602006728,1.382409888125924,-3.704862873707045,-3.293917386893376,1.450145668620527,2.0807272781733137,-1.4775303386534007,-1.6306752795697224,1.0511510735059364,1.208495677788761,0.0,0.0,0.0,0.08491570176669638,-6.4484202284776355,-8.588970081465803,3.988841961413821,5.755038251255138
10,-6.230354077784275,-4.682901731876865,0.4605980860384773,0.542993030264971,1.6312404420411042,0.7709149003890303,0.9055919633347287,1.5408524165476223,-3.230650199649501,-2.873802816479628,1.2735926677705012,1.8291823851606368,-1.4361509650059145,-1.5850069640530797,1.0217127791490168,1.1746508267597333,0.0,0.0,0.0,0.08491570176669638,-9.265914800398587,-8.370796612020543,3.661495496292724,5.1725943604996605
11,-3.0812248492938337,-4.249282252826769,0.6303863953189381,0.8130962939879138,0.041380973605154026,-0.12834953560538764,0.7349140689175471,1.2206290781865192,-3.318055139562,-2.953787099845768,1.3209569468083948,1.8995947925207965,-1.4576998563731753,-1.6087893822785855,1.0370431853687663,1.1922760094021487,0.0,0.0,0.0,0.08491570176669638,-7.815598871623855,-8.94020827055651,3.7233005964136465,5.210511875864075
12,-4.600256686640232,-4.3255060630287385,0.5336788836353357,0.6658879709890653,-0.46351608608405925,-0.3185769552277229,0.9296040639737768,1.5761151382220007,-3.611365820247509,-3.2149588589459426,1.4377313527968338,2.067439469720019,-1.462050159787847,-1.613590591466206,1.0401380971853156,1.1958341920913058,0.0,0.0,0.0,0.08491570176669638,-10.137188752759647,-9.47263246866861,3.9411523975912632,5.590192472789088
13,-11.989215994753874,-4.594808197814326,0.5988075524484326,0.7679119504256704,-0.5863910309697573,-0.549505659314331,0.6568821873353947,1.0557376133456309,-3.460623809419081,-3.07567294048708,1.348527147830278,1.9338724358046357,-1.8847896010719136,-2.080146667214409,1.3408852330607324,1.541599537314765,0.0,0.0,0.0,0.08491570176669638,-17.921020436214626,-10.300133464830145,3.94510212067484,5.3840372386574025
14,-2.1347040135974846,-3.714681233008754,0.5508661307488616,0.7098246471738956,-0.36705722739931446,-0.25073674439495264,0.9800903447716891,1.669033491443006,-3.419244643180344,-3.0393693276708587,1.3345558243873747,1.91410656965135,-1.7836484304179987,-1.9685222880612918,1.268930940599028,1.4588745574046076,0.0,0.0,0.0,0.08491570176669638,-7.704654314595144,-8.973309593135859,4.134443240506952,5.836754967439556
15,0.22526841082956064,-2.791587352985181,0.4523034684756788,0.5919725735973325,0.04474406464840541,0.39577212496997305,0.9520914898295985,1.7485481801730707,-3.247640656767333,-2.8905146164501008,1.2892085682729495,1.8531855851434174,-1.5477541119635883,-1.708177695715977,1.1011099763924372,1.265932824291436,0.0,0.0,0.0,0.08491570176669638,-4.525382293252955,-6.994507540181286,3.794713502970665,5.544554864971952
16,-2.067592668390741,-3.991411597350303,0.6057974912432762,0.784377820810378,0.3800340281943093,0.17327763650296646,0.9194593872622114,1.574606769083342,-3.6611781471930596,-3.2496878932786277,1.4033669882550053,2.0084072438304115,-1.4897335217160994,-1.6441433136478203,1.0598327151893419,1.2184768562463095,0.0,0.0,0.0,0.08491570176669638,-6.83847030910559,-8.711965167773785,3.9884565819498343,5.670784391737138
17,-7.13304758180778,-3.515730337094114,0.5533955706083948,0.7220311415249592,-0.42107194423728345,-0.21083730997437655,0.9446407217926556,1.6275083946799995,-3.316818712453746,-2.9502335666890818,1.306501410123207,1.8762984333019255,-1.6780836574572529,-1.8520158034517322,1.193829589703431,1.3725314424699382,0.0,0.0,0.0,0.08491570176669638,-12.549021895956061,-8.528817017209303,3.998367292227692,5.683285113743522
18,-10.804732536973988,-4.905568016849249,0.40805680630899843,0.4559142621851753,0.08604680855031077,0.2827619612202348,0.9186135977381049,1.6530247671685316,-4.063455350833585,-3.6092916006061486,1.5707708845308699,2.2501675613422796,-1.6490764860134535,-1.8200020598647453,1.1731931813638838,1.3488060133551225,0.0,0.0,0.0,0.08491570176669638,-16.431217565270718,-10.052099716099908,4.070634469941855,5.792828305817804
19,-11.793611766368093,-4.702634327609334,0.4952063182639854,0.594357739171214,-0.39153735733288286,-0.26114159542851567,0.9111173566741293,1.5502950996890696,-3.6590890424708684,-3.250816054550317,1.4195211677304314,2.0346853262957416,-1.5655817800960141,-1.7278531886350688,1.1137930137590888,1.2805143589777024,0.0,0.0,0.0,0.08491570176669638,-17.409819946267856,-9.942445166223235,3.9396378564276358,5.544768225900426
20,-9.77591661615681,-3.514364855233565,0.6363724676619165,0.847283405026733,0.07960249558625065,0.3379146985004411,0.9508276659095927,1.7262694998169792,-3.504946116008245,-3.115295385890949,1.3671020779932672,1.9607474793551218,-1.5844318169589415,-1.7486570180571905,1.1272033891441073,1.2959321053880877,0.0,0.0,0.0,0.08491570176669638,-14.785692053537748,-8.040402560681265,4.081505600708886,5.915148191353619
21,-12.819858650220024,-6.297560723945395,0.8024898655585089,1.0081704184104923,-0.19241628155768353,-0.04969114976640654,0.7592838151357029,1.3208573700135062,-3.4188640724057495,-3.036038383737808,1.3175071484281917,1.8865883432289066,-1.431262004372482,-1.579611266219225,1.018234653466098,1.1706520677225638,0.0,0.0,0.0,0.08491570176669638,-17.86240100855594,-10.962901523668833,3.8975154825884983,5.471183901142168
22,-5.726189272787809,-5.1832080359557775,0.5163565790246571,0.6086508391649481,0.14261740957346447,0.2324766870517081,0.7979895949715932,1.4216440795349783,-3.6814659101469775,-3.2740401062248,1.4467056251267416,2.076942403025664,-1.396018213341198,-1.540714481977615,0.9931613620366205,1.1418256077738533,0.0,0.0,0.0,0.08491570176669638,-10.66105598670252,-9.765485937106485,3.7542131611596115,5.33397863126614
23,-1.5576521400598313,-3.0915615103051852,0.4192604483801099,0.5799569200145904,0.5049870292819669,0.05585778965517818,0.8284244322467771,1.366071234766597,-3.747640214924111,-3.33235303154601,1.4684463745943053,2.1070938122299667,-1.376995757798562,-1.5197203628055076,0.9796283238029786,1.1262668373697498,0.0,0.0,0.0,0.08491570176669638,-6.177301083500538,-7.887777115001525,3.6957595790241715,5.2643045061475995
24,-7.026302135881654,-3.558553409827192,0.5867331381258167,0.7691140572155808,-0.21186759764502128,-0.08829842382809261,0.8477754305871166,1.4659947491934666,-3.5442642461892437,-3.1468111982940874,1.3617120312027942,1.9489393346886208,-1.640210066518828,-1.8102166424625155,1.1668853945617355,1.3415540271478648,0.0,0.0,0.0,0.08491570176669638,-12.42264404623475,-8.603879674411887,3.963105994477462,5.61051787001223
25,-7.532368799481011,-6.326415968679178,0.5438127659543657,0.612735427290112,-0.28671289509478726,-0.11576170892313442,0.7088207971112759,1.229873417253824,-3.397227179153245,-3.018083611480747,1.3172522876301995,1.8879321544918073,-1.5117375763539573,-1.6684280724846228,1.0754869356469365,1.2364743242021352,0.0,0.0,0.0,0.08491570176669638,-12.728046450083,-11.128689361567682,3.6453727863427767,5.051931025004578
26,-1.9771712234605776,-4.423317965112439,0.6779535016566696,0.880444039660544,0.13205355468031144,0.08367497713051009,0.8360011143462742,1.4439646085056879,-3.630110921951826,-3.229773896459282,1.43464397826331,2.0611318248798707,-1.385252376271349,-1.5288327737551788,0.9855022833042876,1.1330200575754443,0.0,0.0,0.0,0.08491570176669638,-6.860480967003441,-9.098249658196389,3.934100877570543,5.603476232388243
27,-13.590301183000806,-6.848088328119884,0.6926782363434247,0.8247127698733259,-0.26146383984491095,-0.3374249812083008,0.7952637261804618,1.3075724163027935,-3.45722775559911,-3.077320807159639,1.3740503001690094,1.9754679604714762,-1.4535830731329524,-1.604245897461009,1.0341144054925466,1.1889088265957797,0.0,0.0,0.0,0.08491570176669638,-18.76257585157778,-11.867080013948835,3.8961066681854395,5.381577675010068
28,-9.032902907201855,-4.335949656330163,0.5545161764650364,0.6971908536537508,-0.466609480842628,-0.5085498263706967,0.6267359931486638,0.998472958771135,-3.5976131473342403,-3.1976977646110094,1.4039869145867245,2.013904988902803,-1.5120986065434592,-1.6688265231896933,1.0757437813179407,1.2367696165640887,0.0,0.0,0.0,0.08491570176669638,-14.609224141922184,-9.711023770501564,3.660982865518367,5.031254119658471
29,-1.320682505010081,0.03526038025585265,0.6854238613537733,1.0577601307593998,0.831452153375789,0.38910335673953966,0.8386596178429961,1.433716898652193,-3.4790724701535156,-3.096752364321535,1.382856328813782,1.9881970742963877,-1.395495597945647,-1.5401376978778536,0.9927895607140392,1.1413981522894225,0.0,0.0,0.0,0.08491570176669638,-5.363798419733453,-4.212526325203996,3.8997293687245906,5.7059879577640995
30,-0.9595334789226793,-3.2055448665038955,0.4759244793193451,0.6142460084308854,-0.4156904688308316,-0.5391210958705095,0.6747982803907426,1.0644452017653627,-3.5037611092649494,-3.1168605032556376,1.381684554362662,1.9844536841735052,-1.6693454235717338,-1.8423718580034103,1.187612997266025,1.3653843013210234,0.0,0.0,0.0,0.08491570176669638,-6.548330480590195,-8.703898323633453,3.7200203113387733,5.113444897457474
31,-2.408157815328825,-4.718060133485791,0.6577591360490964,0.8396544534410411,-0.7145577060725827,-0.6797849817408164,0.8141812167028917,1.3073054610139856,-3.4772540782605663,-3.0871734334756455,1.3361426702819077,1.9126044943912541,-1.3664947093122215,-1.5081308883099485,0.9721576221188317,1.117677861985623,0.0,0.0,0.0,0.08491570176669638,-7.966464308974196,-9.993149437012201,3.780240645152727,5.262157972598599
32,-2.606603947649111,-4.579703262634216,0.6408536671071663,0.8187727339880269,0.13623915846219248,0.07803771896313094,0.8037918401762489,1.3870682598810191,-3.4539234254365656,-3.074445414985959,1.3730792640630152,1.974125664722208,-1.4539570286575634,-1.6046586132027356,1.0343804465617914,1.1892146907958927,0.0,0.0,0.0,0.08491570176669638,-7.378245243281048,-9.180769571859779,3.852105217908222,5.454097051153845
33,2.138378382269631,-0.6051478905110708,0.6594011796973831,0.9861611014457816,-0.7040256009675616,-0.6597488731824086,0.42066388372887786,0.6347558161444944,-3.585847838567681,-3.188107422442422,1.4027858791819732,2.0124416508897465,-1.673054568557078,-1.8464654531585887,1.1902517733582223,1.368418070283877,0.0,0.0,0.0,0.08491570176669638,-3.8245496258226903,-6.29946963929449,3.6731027159664547,5.086692340530595
34,-2.7167515450152333,-3.980828011368398,0.6481447871126478,0.8509588419484793,-0.15057174973200915,-0.06947234795884327,0.5770332467659678,0.9964842394720286,-3.682222774083414,-3.2722077247140677,1.4328756773485822,2.0545461082710785,-1.3826722922468238,-1.5259852659051245,0.9836667486819719,1.1309097656170284,0.0,0.0,0.0,0.08491570176669638,-7.9322183610774815,-8.848493349946434,3.641720459909169,5.117814657075311
35,-2.344290024521259,-3.5643596958424784,0.4743602051803242,0.5996435483010765,-0.27126919440618735,-0.07826650329887386,0.7464903953962043,1.3024281243179558,-3.746059755282291,-3.3338932276413087,1.4859578778887799,2.1358561306471,-1.6506832879996873,-1.82177540570379,1.1743362994363522,1.3501202423794747,0.0,0.0,0.0,0.08491570176669638,-8.012302262209426,-8.798294832486452,3.8811447779016612,5.472963747412303
36,-9.013202697509767,-6.494482001531998,0.784434681222923,0.9750706624288341,-0.1760519598541066,-0.03644914426974566,1.0007856450335417,1.7387578056545117,-3.3897013038293893,-3.009728159001135,1.303894749313625,1.8666500801665111,-1.5864042721050748,-1.750833916739209,1.1286066417813365,1.2975454079757747,0.0,0.0,0.0,0.08491570176669638,-14.165360233298335,-11.291493221542087,4.217721717351427,5.96293965799233
37,-5.896617843612473,-2.5430772356639375,0.4817218806031809,0.6448376054926208,0.28508650833929394,0.3761074962819855,0.7689564411058392,1.3923180842363436,-3.2884870695599324,-2.926211438491745,1.3021475667724391,1.8713046875321733,-1.4542328707551593,-1.6049630461323663,1.0345766873491518,1.189440306456009,0.0,0.0,0.0,0.08491570176669638,-10.354251275588272,-6.6981442240060645,3.5874025758306103,5.182816385483843
38,-2.299415564709921,-3.9879981690580157,0.7020587420827673,1.059894360259761,0.42996794072989175,-0.2931137727205879,0.7652863033203339,1.1652246128768695,-3.8877407928050167,-3.4485909196529887,1.4753352113471716,2.108089968505035,-1.538933544008362,-1.698442882331732,1.0948348094923004,1.258718340791052,0.0,0.0,0.0,0.08491570176669638,-7.296121960793409,-9.428145743763325,4.037515066242572,5.676842984199412
39,-2.3158240888642116,-2.1996130957905202,0.4537267121584865,0.6137854011490695,0.2689864593740765,-0.06368835664405381,0.754570540290711,1.239044017222568,-3.576345500475167,-3.175857479429166,1.3794108532138847,1.9757657172335505,-1.4116858344595962,-1.5580060405866385,1.004307689341749,1.1546404054856032,0.0,0.0,0.0,0.08491570176669638,-7.034868964424899,-6.997164972450379,3.59201579500483,5.068151242857488
40,-6.314049368376094,-5.116997331720185,0.4799183431799414,0.5562831980843286,-0.02227404318277948,-0.08069647349699949,0.8297984681919779,1.4074545093847313,-3.6823083573515687,-3.2692286800935473,1.415300233257069,2.0260588740519863,-1.567911211268936,-1.7304240636484398,1.1154502278372163,1.2824196379628692,0.0,0.0,0.0,0.08491570176669638,-11.586542980179376,-10.197346548959171,3.840467272466208,5.357131921250616
41,-7.43752350623866,-4.7204283281049975,0.579308925696953,0.7205580699228942,-0.20572279564854412,0.04297133552055854,0.8553448250621543,1.5171591244113714,-3.5884697826345797,-3.186745848119197,1.3842584473843567,1.9826254532615273,-1.4022049329218875,-1.5475424505261668,0.99756274504622,1.1468858245946894,0.0,0.0,0.0,0.08491570176669638,-12.633921017443672,-9.411745291229803,3.8164749431896836,5.45214417395718
42,-2.3685072907693505,-4.383802440670181,0.7008734361404367,0.9146813871097947,-0.30428208830972636,-0.2999807252852982,0.7004013718658442,1.1631778012074712,-3.2653790101590183,-2.901694098421052,1.2703503312651563,1.8214866612689549,-1.8504197473185147,-2.0422144032115104,1.3164336818986413,1.513487884632853,0.0,0.0,0.0,0.08491570176669638,-7.788588136556611,-9.627691667588042,3.9880588211700765,5.497749435985769
43,-5.461725927562246,-3.8402513796458426,0.6154265920109148,0.805141038261048,-0.34143119394256516,-0.17063291706227446,0.7883649969368633,1.3577564682822008,-3.8811279852480833,-3.4464108255281998,1.495150909156552,2.1409265371908557,-1.6419613252053185,-1.8121494178333357,1.1681312826495331,1.3429864096160573,0.0,0.0,0.0,0.08491570176669638,-11.326246431958213,-9.269444540069651,4.067073780753863,5.731726155116862
44,-12.366342307425993,-5.5672892496625215,0.7327600885307151,1.1605129423497673,-1.2254793431639932,-1.1197808320289049,0.6479973736276179,0.9682528072143981,-3.523587910701874,-3.1340617527424794,1.3869097360864395,1.9914622958304384,-1.4078209082155038,-1.553740517558971,1.0015580866674645,1.1514792205415334,0.0,0.0,0.0,0.08491570176669638,-18.523230469507364,-11.374872351992876,3.7692252849122365,5.356622967702837
45,-4.643883363823982,-4.5286583484796195,0.7752815704121341,1.024549589762347,-0.10502687089779528,0.035588476459658125,0.903129924975854,1.5817176835655644,-3.3237516493424595,-2.959313705473407,1.3255538886066967,1.9065602830210873,-1.4505728787825023,-1.6009236986637567,1.0319728799074808,1.1864467405277948,0.0,0.0,0.0,0.08491570176669638,-9.523234762846743,-9.053307276157128,4.035938263902161,5.784189998643488
46,-8.919485196865793,-5.675992662364848,0.6296778873296605,0.7661752198506178,3.6852990613573056,1.7488898446897494,0.8358596423597042,1.4028931883503404,-3.6926295795344877,-3.282731338333923,1.44331457690847,2.0704866849473382,-1.5726567686685191,-1.735661494607952,1.1188263329664705,1.2863011052032118,0.0,0.0,0.0,0.08491570176669638,-10.499472483711495,-8.945495650616971,4.027678439564306,5.610771900118207
47,-13.579206586185972,-6.480877851077549,0.8182375891950477,1.0271310456782423,-0.011835100376700325,0.20822162617299966,0.8341713335723533,1.5004084752164637,-3.443359861548924,-3.0626331604455768,1.354973931207687,1.9455498382650218,-1.5537596470593682,-1.7148057001400374,1.1053824603460736,1.2708448474263896,0.0,0.0,0.0,0.08491570176669638,-18.58816119517096,-11.050095085490163,4.11276531432116,5.828849908352818
48,2.341402845016577,-1.6903313681833398,0.5929775009319793,0.8530958060068539,0.910898042452235,0.3690672345703305,0.7332334206902935,1.233309323759535,-3.683376440329468,-3.2716013517155758,1.424120966392945,2.040319533440361,-1.4815686940079917,-1.6351322075085772,1.0540240578739233,1.2117987131740424,0.0,0.0,0.0,0.08491570176669638,-1.9126442468686486,-6.227997692837162,3.804355945889141,5.423439078147489
49,-3.568051396029295,-3.6478046208902937,0.5510308498987482,0.7131650242501397,0.09484074507080109,0.14358840916193216,0.9067001007136533,1.5893780011912106,-3.787095824281999,-3.363634810323203,1.4626937486113822,2.0950691446896235,-1.7204803828269304,-1.8988069184538463,1.2239916528567956,1.407208401731805,0.0,0.0,0.0,0.08491570176669638,-8.980786858067425,-8.76665794050541,4.1444163520805795,5.889736273629473
50,-0.9741270081179566,-3.7009281202891153,0.46619545655433026,0.5868549215563901,-0.3417576303031744,-0.3307326873624561,0.6926686114273828,1.1462504618192426,-3.528544645517942,-3.1369418319844673,1.379551648047149,1.9790629674568807,-1.4136564993964096,-1.5601809635054495,1.0057096683804592,1.1562522438324736,0.0,0.0,0.0,0.08491570176669638,-6.258085783335485,-8.72878360314149,3.544125384409319,4.953336296431682
51,-15.473144906943634,-6.727644470128102,0.710716371492981,0.8524511701432647,0.38648219047354715,0.29233680295561726,0.8276443651048737,1.4530658924396533,-3.5552013564865175,-3.159305579739903,1.382866130067658,1.9826317774335391,-1.6149179688722326,-1.7823030373595898,1.1488919802155646,1.3208672162658823,0.0,0.0,0.0,0.08491570176669638,-20.256782041828835,-11.376916284271978,4.070118846881078,5.693931758049038
52,-9.987705643666125,-5.942812434404942,0.4688158189918967,0.5102401207130902,0.12777348336152627,-0.10263316652423526,0.9071426316211273,1.5119004109878986,-3.7785108912030427,-3.3612894688570774,1.4896901191117486,2.1394105311723406,-1.6395875554252604,-1.80952960854857,1.1664425250062656,1.3410448653754994,0.0,0.0,0.0,0.08491570176669638,-15.2780306069329,-11.216264678334824,4.032091094731038,5.587511630015529
53,-12.537317799808855,-6.075352898349706,0.5098398659642456,0.5709777611786593,-0.12879505705276628,-0.17965833472999293,0.650646305939695,1.0858282868760227,-3.645030434658039,-3.2427351796428376,1.4389278918612167,2.0670336607510094,-1.8280795115636683,-2.017558618330375,1.3005402940055109,1.4952154487686096,0.0,0.0,0.0,0.08491570176669638,-18.139222803083328,-11.515305031052911,3.8999543577706683,5.303970859340998
54,-0.5294378324986658,-3.5888473613119087,0.6289927370496495,0.8333068637883412,-0.29222408774058906,-0.3147052960881247,0.80710882928825,1.3404863442709747,-3.6543806648491604,-3.2432115321626513,1.3977254730996953,1.9996529936932572,-1.5575814980719425,-1.7190236832198842,1.1081014182514024,1.2739708004501722,0.0,0.0,0.0,0.08491570176669638,-6.033624083160359,-8.865787872782569,3.941928457688995,5.532332703969442
55,-3.3873264830853045,-2.908865210015299,0.5300407770160387,0.7056278931450666,0.03719073685983787,-0.22508223617840883,0.8169318678247883,1.3327901694235145,-3.365142360030678,-2.9896730387557717,1.3049996870840561,1.87032867486744,-1.6069994059238364,-1.773563721142612,1.1432585216488729,1.3143904970763731,0.0,0.0,0.0,0.08491570176669638,-8.32227751217998,-7.897184206092091,3.7952308535737584,5.3080529362790925
56,-1.3593466689618785,-3.8643754010539433,0.5674353653105535,0.7304659589741913,-0.38659203173452283,-0.4051761879485305,0.7151701655115694,1.1692807988109344,-3.669030905985651,-3.267023400841619,1.4650396538376964,2.107537092387023,-1.436375244444197,-1.5852544898914034,1.0218723370045466,1.1748342684967255,0.0,0.0,0.0,0.08491570176669638,-6.85134485112625,-9.121829479735496,3.769517521664366,5.26703382043557
57,-5.299564062678792,-3.8744261403229285,0.5663789056076673,0.7294814824346352,-0.2189827855598736,-0.0443900095570271,0.9244976590526477,1.6122030175494295,-3.6620717596533354,-3.2596159893940975,1.4551822422756278,2.092046149789301,-1.563162061772148,-1.725182668273472,1.112071567202512,1.2785352326888144,0.0,0.0,0.0,0.08491570176669638,-10.74378066966415,-8.903614807547527,4.058130374138455,5.797181584228876
58,-5.269575106315743,-4.200979860359255,0.5841349377212923,0.7447218622331331,0.6772544938817404,0.47036341841906193,0.9935255247205177,1.747593806394221,-3.5266596642299475,-3.132794585624177,1.3656713756714445,1.9569584278349872,-1.5164103092946162,-1.6735851307832073,1.078811231682208,1.2402962271536457,0.0,0.0,0.0,0.08491570176669638,-9.635390585958566,-8.536996158347577,4.0221430697954625,5.774486025382684
59,-7.155098066155162,-3.4654293792552693,0.6036306356937859,0.8253011185834769,0.24243023720140755,0.2313341713404249,0.8971032935385814,1.5747592526948573,-3.3681972180752027,-2.990650600334685,1.297056378436333,1.8574279289922557,-1.4456799535432003,-1.5955236252955238,1.0284919337073706,1.1824447387761166,0.0,0.0,0.0,0.08491570176669638,-11.726545000572155,-7.820269433545052,3.826282241376072,5.524848740813404
60,-6.572422890976819,-3.915824466413209,0.5877367045625692,0.7593932467304221,0.1048257174744549,0.0940792448365535,0.8747038081668101,1.5183601335199803,-3.839904603762777,-3.4109830448050036,1.4867223308009423,2.130410215922746,-1.7627787929683245,-1.9454895279260371,1.2540837721619382,1.4418049473971912,0.0,0.0,0.0,0.08491570176669638,-12.070280570233464,-9.178217794307695,4.203246615692261,5.934884245337038
61,-9.566774313931703,-4.660146673468923,0.7113465162887578,0.9228705263549797,-0.374098163422687,-0.22461125738688636,0.8160850441452538,1.3947350876849285,-3.675057102733612,-3.255139326686371,1.3716851945061017,1.9566135220372844,-1.4998405817251679,-1.6552979630480722,1.0670231238737375,1.2267435821581656,0.0,0.0,0.0,0.08491570176669638,-15.115770161813169,-9.795195220590253,3.966139878813851,5.5858784200020555
62,-11.179671262142026,-4.332543963195823,0.52720637941015,0.8603230546346485,0.43370161554276976,0.22528927405485177,0.895135304343686,1.5426598045235274,-3.639207844797307,-3.2385574406692403,1.4424075688820137,2.0730961280744786,-1.5845817420037192,-1.7488224827234025,1.1273100494729238,1.2960547314782986,0.0,0.0,0.0,0.08491570176669638,-15.969759233400282,-9.094634612533612,3.9920593021087747,5.85704942047765
63,-8.06856347068561,-5.740156116744933,0.6480364587606258,0.8260945887830884,-1.4281173501151656,-1.2195978602387747,0.7087178258044169,1.0738370958920385,-3.731512312538262,-3.3175867715742777,1.461365973050081,2.097183447036868,-1.4484463579085132,-1.5985767654536651,1.03046002115863,1.1847074251190273,0.0,0.0,0.0,0.08491570176669638,-14.67663949124755,-11.87591751401165,3.8485802787737553,5.266738258597722
64,-9.975716451169683,-3.4607642457935017,0.6182820412312551,0.8247616512154665,0.14769980961624185,0.01331850734223039,0.9631165302672606,1.6391464028862934,-3.310485461655293,-2.94426401917021,1.3019509454577174,1.8693576607645555,-1.4510478815224852,-1.601447935090957,1.0323108084271102,1.1868352528602906,0.0,0.0,0.0,0.08491570176669638,-14.589549984731221,-7.993157692712439,3.9156603253833437,5.605016669493304
65,-2.0842851180054405,-4.529654453378951,0.7463683816651634,0.9805435525561568,-0.05757876365395376,0.017950209331463185,1.0151112927872852,1.7605886901178813,-3.4813804113227356,-3.0939943161664445,1.3566722068097035,1.9457385053993037,-1.405960036953151,-1.5516867683488245,1.0002342175231846,1.149957184195717,0.0,0.0,0.0,0.08491570176669638,-7.029204329935282,-9.157385328562755,4.118386098785337,5.921743634035755
66,-6.272888775176659,-3.7977738914738657,0.5090913979309275,0.6437657774001404,-0.07749880473717496,-0.27419971998297044,0.9724210433853742,1.6036791456429889,-3.3280893493313606,-2.9616692707496894,1.318737443331823,1.8952322735866944,-1.385924878157934,-1.529574979971339,0.9859807175276132,1.133570107616365,0.0,0.0,0.0,0.08491570176669638,-11.06440180740313,-8.563217862177867,3.7862306021757384,5.3611630060128865
67,-5.962000140723168,-4.55262012355665,0.5639514037998339,0.7023830318466096,0.13995901541159483,0.08513432465315773,0.8349099860947007,1.4420224096514112,-3.5470827023446367,-3.1527878430600382,1.3840756721940648,1.9852610452075536,-1.722829103469698,-1.9013990822765274,1.2256625899336322,1.4091294578826372,0.0,0.0,0.0,0.08491570176669638,-11.091952931125906,-9.521672724240057,4.008599652022234,5.623711646354909
68,-11.866236035991303,-6.468914158971096,0.7604731991385227,0.9381488511905234,0.01637704003947249,0.07023204767486746,0.9316847881835066,1.6228171365014532,-3.436673239081774,-3.0539404671427546,1.3352883711348658,1.9138477358623036,-1.4831311844142891,-1.6368566489047764,1.0551356516090602,1.2130766990489836,0.0,0.0,0.0,0.08491570176669638,-16.769663419447895,-11.08947922734376,4.082582010065952,5.772806124369959
69,-4.563489812963213,-3.843438200232596,0.5110776559930197,0.6486486234006716,0.08151284801289904,0.41360153074627704,1.0961563647173378,1.996526592349035,-3.704147018427913,-3.2934037630296515,1.4512745508580283,2.0827683697977286,-1.381992240010868,-1.525234726751391,0.9831829429561841,1.1303535400246842,0.0,0.0,0.0,0.08491570176669638,-9.568116223389092,-8.24847515926736,4.041691514524571,5.943212827338817
70,-9.57029892323603,-3.56079177823998,0.5692420792481445,0.7457543123236876,-0.21964444408206774,-0.3442481280032439,0.8956624322435047,1.4722195574366381,-3.6081644676565188,-3.203977194941981,1.390562003138278,1.9914534492905103,-1.3709063411380111,-1.5129997825537298,0.9752961644609287,1.121286206162385,0.0,0.0,0.0,0.08491570176669638,-14.769014176112627,-8.622016883738933,3.8307626790908573,5.4156292269799176
71,-8.745565468571986,-5.25652837311652,0.6288831985499121,0.9823411270468485,-0.7029693853816354,-0.7085430508480428,0.6497026572448661,1.0143711376201736,-3.3525081442255953,-2.9813352635698496,1.3166663620286165,1.8901365161736448,-1.6179589055701673,-1.785659164926199,1.151055376655468,1.3233544469911929,0.0,0.0,0.0,0.08491570176669638,-14.419001903749384,-10.732065852460611,3.746307594478865,5.295118929598555
72,-2.1714945219583615,-4.79525593731045,0.5464618406508359,0.6686923688214219,0.5887871094193642,0.2091757619620438,0.9349470083676259,1.581010271539185,-3.137787064798927,-2.7901301111240686,1.2307730283020555,1.766524520220515,-1.6116253276386863,-1.778669116266008,1.1465495150378455,1.3181741123781578,0.0,0.0,0.0,0.08491570176669638,-6.33211980497661,-9.154879402738484,3.858731392358361,5.419316974725977
73,-10.833060535393486,-5.893109565855125,0.6291831092322675,0.757838946982814,0.2098853771830278,0.03170188503167637,0.7579929603637403,1.2813699771318632,-3.411406421447341,-3.0305914616064724,1.3224576447113072,1.8953861301059416,-1.533295350450764,-1.6922202941281037,1.0908236612568536,1.2541067721710069,0.0,0.0,0.0,0.08491570176669638,-15.567876930108563,-10.584219436558026,3.8004573755641675,5.273617528158322
74,-3.0147511477458804,-4.651304311670657,0.6642840307187647,0.851788640888973,0.06866807721506163,-0.07118208670018333,0.8095043251373113,1.3612111157772055,-3.534937830741311,-3.145188413472333,1.3976815887914704,2.008176128124965,-1.4914888371887507,-1.6460805662877256,1.0610814893736296,1.2199125568247358,0.0,0.0,0.0,0.08491570176669638,-7.97250973846088,-9.513755378130897,3.9325514340211782,5.526004143382576
75,-6.478617501249348,-4.260133108073061,0.5777830683922791,0.7333510371794638,-0.1390957497071632,-0.06834227037249008,0.7407495334248893,1.2765425575365086,-3.326795222543112,-2.960895989761291,1.3199964454456508,1.8972697545951531,-1.5570347150569805,-1.7184202265446054,1.107712423495682,1.273523577883579,0.0,0.0,0.0,0.08491570176669638,-11.501543188556603,-9.007791594751446,3.7462414707584992,5.265602628961402
76,-9.502137077170875,-4.3719168711329415,0.5264331645246978,0.6534486417167584,0.1296719106230526,0.22624703374471977,0.860166747836022,1.5276388043904632,-3.7689228444704472,-3.349700741871216,1.4694898403876258,2.1076492887018627,-1.60965811439737,-1.7764980028084139,1.1451499916193923,1.316565097228201,0.0,0.0,0.0,0.08491570176669638,-14.75104612541564,-9.271868582067851,4.001239744367738,5.690217533803982
77,-9.84151007888304,-5.663720167570874,0.5326146794016995,0.6189707579553394,0.8194410291058496,0.4536382511991732,0.7703920875648862,1.3364147035875185,-3.561727637279348,-3.170495088308725,1.4165834635697512,2.0368220881259314,-1.4697079746377295,-1.6220421332346184,1.045586053203258,1.2020976412437736,0.0,0.0,0.0,0.08491570176669638,-14.053504661694266,-10.002619137915044,3.7651762837395935,5.279220892679259
78,-4.901569706369585,-2.0239300890526057,0.48204174499049124,0.6636447741382279,0.3137148918086474,-0.08200902592125914,0.9950793824832438,1.640443139694181,-3.58646153579095,-3.181491106014726,1.3642696011008273,1.9505533093280514,-1.7233340461677598,-1.9019563619166056,1.2260218184687366,1.409542458585348,0.0,0.0,0.0,0.08491570176669638,-9.897650396519648,-7.189386582905197,4.067412547043299,5.7490993835125055
79,-11.46396536695634,-6.705382283485961,0.7640146674282478,0.9384213815568643,-0.07128402737013317,0.04137615665102956,0.9422562117123334,1.6433729558643861,-3.6678909078489537,-3.260291646741324,1.4319068996377693,2.053990940840017,-1.419055098977808,-1.5661391239921612,1.0095503636250578,1.160667844710206,0.0,0.0,0.0,0.08491570176669638,-16.622195401153235,-11.490436897568417,4.147728142403406,5.88136882473817
80,-7.389220179219233,-3.875694888380543,0.48063356141997415,0.598610426767654,-0.2867493912709129,-0.24373305806726364,0.7005930755959788,1.1776885022745986,-3.7001550529940404,-3.2943466807178043,1.4751387218676624,2.1216235213850867,-1.414990128769517,-1.5616528225894506,1.0066584448018514,1.1573430406107297,0.0,0.0,0.0,0.08491570176669638,-12.791114752253707,-8.975427449755065,3.663023803685464,5.140181192804763
81,-2.440129230818142,-4.779492362408111,0.69831706135558,0.9091473346820145,-0.3198851858884133,-0.39127322182386237,0.9009439134020525,1.483061985067824,-3.618383738070656,-3.216612554592726,1.4132030793782502,2.026986122781728,-1.7313861164427595,-1.9108430233971165,1.2317502573996246,1.4161283755509901,0.0,0.0,0.0,0.08491570176669638,-8.109784271219969,-10.298221162221813,4.24421431153551,5.9202395198492574
82,-7.3289619782094695,-4.110389162522788,0.4674416879577703,0.5727754712335775,0.16846978713900285,0.12570511530682893,0.856826874208938,1.4864756326632644,-3.364200461954456,-2.9951214098705896,1.340445416386928,1.9277407861356959,-1.4004908148929331,-1.5456506654149202,0.9963432797268894,1.1454838200638762,0.0,0.0,0.0,0.08491570176669638,-11.925183467917854,-8.525456122501469,3.6610572582805254,5.217391411863109
83,-6.915069222333141,-4.133284205206634,0.7358886992713254,0.9777861873690785,-0.3183727808422354,-0.19328656369257402,0.9150941403992974,1.5656585036581738,-3.5603014212847977,-3.15746923912244,1.3499417809651415,1.9293036172897695,-1.399639457048826,-1.5447110649518154,0.9957376030186976,1.1447874808768304,0.0,0.0,0.0,0.08491570176669638,-12.193382881508999,-9.028751072973462,3.9966622236544627,5.70245149096055
84,-6.965764453537987,-3.1954560106289387,0.5892674436836276,0.7887082607190066,-0.13734593106224935,0.05640257715224806,0.916240487876685,1.6154608217589406,-3.6978398526368266,-3.286155814255212,1.439600749149994,2.0643642070863373,-1.5130671129621194,-1.6698954145915779,1.0764328003756474,1.237561773442526,0.0,0.0,0.0,0.08491570176669638,-12.314017350199185,-8.095104662323482,4.021541481085952,5.791010764773505
85,-5.984789693980898,-4.126761735483675,0.4275192899315883,0.5113444640131304,-0.5959718387143376,-0.5677446317165824,0.5800086133758597,0.9203006909595857,-3.2710857264247997,-2.909956806353494,1.2900205767391344,1.8527322545408107,-1.4657117618903683,-1.6176317159534666,1.0427430501125925,1.198829074970469,0.0,0.0,0.0,0.08491570176669638,-11.317559021010402,-9.222094889507217,3.3402915301591785,4.568122186250695
86,-4.9718602828796294,-4.791927131437667,0.4972846052479274,0.7412098984215021,-0.12586412082065124,0.059974906676618644,0.8299804940762989,1.4647626080988907,-3.6366982584658203,-3.2357525688312454,1.4379791269131685,2.0660700475896485,-1.42545750187085,-1.5732051312709314,1.0141051889968153,1.1659044723592569,0.0,0.0,0.0,0.08491570176669638,-10.15988016403695,-9.540909924863225,3.7793494152342095,5.522862728235994
87,-5.764568111317981,-4.237732253447457,0.6260003612323151,0.8074694630678447,-0.24665723079229096,-0.2309092074987973,0.8045577667728843,1.354298693784095,-3.5561710296155984,-3.166387234144748,1.419216426718766,2.041494477069518,-1.4380192310002125,-1.5870688744537418,1.023041909085726,1.1761789113749876,0.0,0.0,0.0,0.08491570176669638,-11.005415602726082,-9.222097569544744,3.8728164638096905,5.464357247063142
88,-6.341780153557441,-4.754290974641218,0.6065298871756442,0.7624308707692595,-0.3274975665494395,-0.1671488775057739,0.7367243530817191,1.2685138877348123,-3.6855564696912335,-3.2737982587130223,1.4257457987678155,2.0426330694549253,-1.3718736140801033,-1.5140673126301012,0.9759843059933555,1.1220773541606186,0.0,0.0,0.0,0.08491570176669638,-11.726707803878217,-9.709305423490115,3.7449843450185343,5.280570883886313
89,-8.4181878103316,-6.5602724516420245,0.670113814339246,0.8002447819070224,0.4451085707611213,0.12112321292852002,0.7414945638708481,1.2451038447754748,-3.658098463181319,-3.248552546648015,1.4115401482951915,2.021905790885501,-1.4163909464117428,-1.5631988339576124,1.0076550205945036,1.1584887917480922,0.0,0.0,0.0,0.08491570176669638,-13.04756864916354,-11.250900619319133,3.83080354709979,5.310658911082788
90,-9.716238449250577,-4.539335866037608,0.5958413160288112,0.7512089228218666,0.06307640507730028,-0.13356544595231057,0.6592684593911713,1.085054052620471,-3.397404569729455,-3.0228639364943093,1.3435968596341101,1.930530060110188,-1.4982287608417237,-1.6535190781067848,1.0658764352355405,1.2254252480975736,0.0,0.0,0.0,0.08491570176669638,-14.548795374744456,-9.349284326591013,3.664583070289634,5.077133985416796
91,-9.702977942728625,-4.843372303702054,0.730774393641731,0.9462558348041772,1.1073090715100875,0.44348687420416866,0.603017968830688,1.002264211581938,-3.4166139432704314,-3.039399903117332,1.3476780679851488,1.9356764667266282,-1.4001439549517987,-1.5452678536941162,0.9960965151157402,1.145200117774527,0.0,0.0,0.0,0.08491570176669638,-13.412426769440767,-8.984553186309334,3.6775669455733073,5.114312332653967
92,-9.891575766367328,-4.677897160267175,0.5164537827017313,0.6265044361740024,0.21524171489888388,0.19727309619694822,0.9449141507320569,1.6529739562330725,-3.557173600165775,-3.1550513614090754,1.3507516494196334,1.9308305084602406,-1.4039576573377506,-1.5494768435481416,0.9988096758896017,1.1483194059063668,0.0,0.0,0.0,0.08491570176669638,-14.63746530897197,-9.185152269027446,3.8109292587430232,5.443544008540377
93,-2.731122628026914,-2.7678293624003314,0.5971675609737104,0.8133776265530246,0.1464537653931508,0.20534482049496816,0.8908004610002074,1.5731886008609308,-4.005431257245427,-3.5604334180899726,1.5639636964092332,2.2433915647177796,-1.631650025167254,-1.8007693590741898,1.1607955726335022,1.3345526325203292,0.0,0.0,0.0,0.08491570176669638,-8.221750145046446,-7.923687319069527,4.212727291016649,6.049426126418761
94,-3.604059872651619,-4.046705323123801,0.5871796758931791,0.7541940970703265,0.18003416929275318,0.07681637028698063,0.8168695263893966,1.4006891021587364,-3.577049692887005,-3.1859432900405347,1.4332387288319752,2.062729094301122,-1.38268889091114,-1.5260035850088776,0.9836785573760849,1.130923341929849,0.0,0.0,0.0,0.08491570176669638,-8.38376428715701,-8.681835827886232,3.820966488490635,5.433451337226733
95,-4.381302048865773,-5.367176778882188,0.7038974705009249,0.8923552572723148,-0.026864009148308554,-0.0828520662818022,0.7507409638467522,1.2722901157928845,-3.565211527641618,-3.1667210748368992,1.379105768618032,1.9760059896832678,-1.437820191244807,-1.586849204373,1.022900307355399,1.1760161135780003,0.0,0.0,0.0,0.08491570176669638,-9.411197776900504,-10.203599124373888,3.856644510321108,5.401583178093164
96,1.7760991219202347,-1.9941136672538828,0.7869664090758843,1.1566176116303506,0.04498181644549959,0.22425087554802658,0.8992873960847803,1.6066736990848263,-3.7024725375940317,-3.29172476860708,1.4497793753495274,2.0805242524000693,-1.4333967636320075,-1.581967291717499,1.0197533732030972,1.1723981214385282,0.0,0.0,0.0,0.08491570176669638,-3.3147883628603045,-6.6435548520304355,4.155786553713289,6.101129386320469
97,-0.030726031911294804,-3.379980522944326,0.688181024024781,0.9407014770321909,0.9425001807233713,0.19992185662305317,0.7969801537263344,1.2897124163892215,-3.450985236935561,-3.0682664220880755,1.3512807254758439,1.9389946601639216,-1.5075311166544016,-1.6637856163081732,1.0724943577531516,1.2330337935864708,0.0,0.0,0.0,0.08491570176669638,-4.046742204777887,-7.912110704717522,3.9089362609801115,5.487358048938503
98,-0.9880231032631935,-3.841254037756081,0.4729751611626809,0.5890846725730148,-0.42230584437605856,-0.2932791943658586,0.7907739891055421,1.3387802681898542,-3.7100678504111335,-3.2997590465825337,1.4588033778605762,2.0942897249145167,-1.5929898553298107,-1.758102090857322,1.1332917861030765,1.3029318617456926,0.0,0.0,0.0,0.08491570176669638,-6.713386653380198,-9.192394369561798,3.8558443142318737,5.410002229189775
99,-10.775082631192962,-6.331907676394389,0.5571693783144593,0.634508360756747,-0.17380099067798582,0.001830035185079737,0.826498801617781,1.4504004787109004,-3.702234799389011,-3.290836210874051,1.4458296177882317,2.074150864048494,-1.3972408689626876,-1.5420638649616605,0.9940311890279413,1.1428256373470806,0.0,0.0,0.0,0.08491570176669638,-16.048359290222646,-11.16297771704502,3.823528986748412,5.386801042629918
100,-10.824746937683383,-4.03841953048839,0.45923901052294935,0.5632849198563328,-0.8631354702099081,-0.8251837589668298,0.7722627808799842,1.2145279566734501,-3.721754260345723,-3.3131817689118828,1.4814815758274928,2.1303355922423,-1.6531039941082464,-1.8244470162332427,1.1760584487270258,1.3521001765932543,0.0,0.0,0.0,0.08491570176669638,-17.06274066234726,-10.001232074600345,3.889041815957453,5.345164347132034
