draw,loglik,weight,ohc2018,te2100,tot2100
1,-0.6435162515606643,0.004572816273687654,55.609226072541446,13.856262666363534,95.8509779397971
2,-3.5065255467514898,0.00026109263072225414,42.44385920876385,13.639503400508177,108.3955609755179
3,-3.3021364752984623,0.00032030200706305024,71.66252313804436,19.26772279991191,99.33590379780453
4,-0.9720119622211887,0.0032924552297216966,81.55448888892901,22.63620345041307,76.64874491693807
5,-0.6469540387316447,0.0045571228952700745,62.790676895590565,21.37892016515891,59.64728974237637
6,-1.9501930912295526,0.0012379446052176095,62.38624356473887,22.193377499471776,120.01656146909983
7,-2.255662042309169,0.000912090078773891,67.88231295774925,22.323536622005587,130.09709820197634
8,-2.00282549161422,0.001174473576840457,53.5899236838213,13.76235686471321,93.90191873046469
9,-4.104742644813344,0.00014354637493613624,60.53418587039293,15.46848598298911,103.80995009334748
10,-3.9954693002481574,0.0001601212751557452,84.25826469654005,18.392783431026757,51.08054797956059
11,-3.028939498181352,0.0004209277904752168,71.66611670304393,22.07665486059445,53.29719885337413
12,-3.0758773879393777,0.0004016268445538048,73.00148116176403,15.703503361017184,56.36149573546828
13,-1.3670190771223942,0.002218045587152689,58.75879904656189,16.235363413234214,39.63294873910553
14,-1.6055139385924564,0.001747404563576894,65.91833990786854,14.080405785685052,34.64808679649893
15,-1.0205309177891018,0.003136522183807486,55.91876939539553,15.273240350390427,65.1807264926736
16,-1.5975881762972097,0.0017613091060430916,66.99968184306988,16.74936425328831,39.10593169504794
17,-9.383844165458605,7.316570634391742e-7,88.56727724721448,12.106213338981002,31.00705089128708
18,-3.097531150060197,0.00039302359491991573,62.17435160332163,16.598173669583037,35.04737332917627
19,-2.1766558190039675,0.0009870739682100048,60.227122235747004,19.698639130435943,40.61429461793105
20,-1.2891238718201117,0.002397728059880418,75.45506037089578,18.761856284007877,58.76192195844128
21,-2.116979238204977,0.0010477722891079645,70.04514373252319,16.09518261630042,64.99037258126697
22,-4.037834893176507,0.00015347933075746825,59.01627481944626,18.118017386844237,41.461812635705385
23,-2.7372310218281117,0.0005635013765101674,81.30613105244814,14.419131315658356,37.443591219907816
24,-1.1680795481608348,0.0027062555699547595,62.63613396340882,24.28377763892319,66.15427126932822
25,-2.8176654277546933,0.0005199514128259071,68.4019349484334,17.276223599811956,36.44942990815106
26,-1.7582159459460245,0.0014999466985296701,59.464484357125876,16.84848227977094,41.92007643105375
27,-3.4860530609249145,0.0002664929361275195,81.90129271113169,19.999095920458494,42.74013869330921
28,-1.3196885496608628,0.002325550928464421,55.88557849590219,23.80609772959468,67.50432388743913
29,-3.7741394697654798,0.0001997889038380055,86.54154851399315,17.72367678564036,51.931601350094056
30,-9.931663546039587,4.23050911954407e-7,108.84277875175218,17.29079004938103,40.69319030652841
31,-8.544144655513545,1.694277070169812e-6,88.76606979050284,16.901326599626795,62.23622551682543
32,-6.871960533004928,9.019963297802492e-6,72.19154339299088,10.970166412376464,53.56362199773173
33,-0.5773379917142352,0.004885675358363281,84.83495749048012,17.59325442160213,70.48307397471501
34,-1.0317872362980463,0.0031014144536844774,75.02399920649836,22.92289885540048,52.32339887301968
35,-2.9982603047455694,0.0004340416483107592,66.66815029872093,12.775671088435804,35.54903292429315
36,-4.692939431212666,7.971528641805752e-5,80.00700876691577,19.652252360205466,106.05313518200201
37,-3.861236168586827,0.0001831242033591352,78.71708717078769,22.3168642292156,116.573984082811
38,-2.77133120906638,0.000544609807672827,76.3852703001449,20.97068719609624,100.88117916285427
39,-3.3046223747018004,0.0003195067573597191,85.42156011973658,23.3020698879663,43.93504871645628
40,-2.681114141884119,0.0005960274101588794,86.98699308065977,18.130708993678017,41.76714877911439
41,-3.066743926859263,0.0004053118907028457,71.18429949493577,17.686441910220395,86.13774844257043
42,-4.374473421493816,0.00010960986467228549,67.40626502114513,15.99107709709202,38.97952937116296
43,-2.601757908637738,0.0006452532590723889,65.70106317544978,15.71228232191693,38.0276160433997
44,-5.942858748196372,2.2840654720432964e-5,68.02716135970417,11.611925110397973,31.927582112519563
45,-1.2058261676096942,0.0026060074865195517,63.31508745747161,18.180985622271262,43.310166157408815
46,-2.810743188823234,0.0005235631268901084,67.28078280967365,14.516374710106076,38.14908327512093
47,-5.482360798858866,3.6199307877126344e-5,86.9815553677643,17.858486584297026,39.132262481470285
48,-1.8894045541924644,0.0013155317610505798,77.85515795048182,21.379914874908803,71.62073340017774
49,-8.859526523953072,1.2359924790899958e-6,94.975067817155,22.92273117220404,101.46492668976553
50,-2.0193562751041134,0.001155218200144633,54.729959957363526,20.736508848372388,156.23420984469817
51,-1.4915437227507273,0.001958349049014414,85.30272017377631,14.584924717436184,49.3144732979402
52,-1.0360347021154024,0.0030882692384957785,65.51075737841018,19.445615753038496,70.5312420275375
53,-2.394771902781906,0.0007936391566652815,76.09196626811517,15.553662770568408,39.12076708523306
54,-5.232259351028946,4.648554699940203e-5,63.50720021752293,18.764152910762764,40.87186654853432
55,-0.5791180724184233,0.004876986197928779,63.9041920461993,18.25024901039772,77.43949320589186
56,-2.6075591478624887,0.0006415208273882208,45.883802406672345,20.66771196926974,71.33573509980853
57,-1.9400190733805622,0.001250603763783478,69.5494911284486,15.428616536463204,70.40142284047708
58,-2.6474128556885104,0.0006164566121326195,61.210061933954385,13.660644317450302,36.24437854521911
59,-3.044416553150206,0.0004144632231982685,64.66277433270561,12.981844800177885,37.016182083871115
60,-1.1544935934056024,0.002743273528448382,79.94009643844446,19.752283518780125,41.825043511799564
61,-1.3246831460756368,0.002313964698491903,79.64255498026687,17.96337773699492,39.329380820066945
62,-2.193107444744075,0.0009709678459217832,48.99462916019803,14.925335359049726,43.499852349313315
63,-2.2718230314961882,0.0008974682705548117,63.14457265529924,13.763068006457921,53.471814650727765
64,-2.1312380957052968,0.0010329382628092058,59.88564497506994,12.606375831964863,75.96962484969572
65,-4.7026863390226366,7.894208316204796e-5,94.30939899919846,15.567440847918366,35.84699161087921
66,-3.33291706025772,0.00031059311317954545,77.6286041200725,18.929039765001324,41.243233846248
67,-1.3461756607793824,0.0022647624125911913,47.224072099367625,14.07976601542209,35.95437477012229
68,-1.6697888211061367,0.0016386237259159813,55.50588726275462,16.957762845398925,57.96030847582699
69,-2.884354106821668,0.00048640747146187546,63.427894120657385,15.13244126712196,36.67706097377399
70,-1.0067133517973734,0.003180162090383902,76.08852712923533,16.037029526895566,50.51186602118655
71,-0.8179477888850728,0.0038408654938400944,70.98598662338367,20.293595059160502,101.08061200698968
72,-3.7312781593095634,0.00020853828360199448,77.6766114929723,16.50624095669786,90.72493304949057
73,-5.408185065554407,3.898651170291421e-5,74.40220685616414,7.7850795604860465,27.568043921746764
74,-2.550928260447333,0.0006788991149434131,55.58437423817659,13.578730732820524,34.6807868531977
75,-5.142970474911419,5.082713284805409e-5,91.11807449969265,17.204459507674784,37.899081056509445
76,-3.142303711380109,0.0003758150321999031,66.7315540414811,17.636408102711503,54.82035067096953
77,-5.81113574081431,2.6056442677043818e-5,67.35050726617138,14.380399144494938,62.6651431641462
78,-7.206457047453209,6.455572753930916e-6,81.27708988426566,16.417937796327088,38.87379515622621
79,-0.8886915476526347,0.0035785366914794677,55.83333587451859,22.505177749157113,96.37216707369328
80,-1.0151407838244777,0.0031534741040790738,67.81335188016546,13.679056911169287,58.5751897327627
81,-1.4688881825559417,0.0020032229059811614,62.29830427634912,21.075703549495824,56.249479177302874
82,-1.9774474690602406,0.0012046608198879396,55.50424407370434,17.20228219915349,38.34548230960793
83,-2.330290311396884,0.0008465002413552488,65.78633597599676,16.626774640294496,38.12706250074959
84,-5.657029824177184,3.0397822389259394e-5,87.80908624929776,15.605516186641816,40.701311525642524
85,-1.6386545193831845,0.001690443633854894,85.7694471407392,24.87103972163885,51.282504819571756
86,-2.49014196474873,0.0007214469393265933,67.3606518784697,20.51360026963716,41.32754278518955
87,-3.1408316649053747,0.0003763686567737846,72.30024319639276,15.954973099382409,39.32725745165974
88,-0.784219101140478,0.003972622349084485,67.13966224102336,24.102889137407555,58.259551714101065
89,-1.8073788617200643,0.0014279882811258444,72.7568439683052,20.808829022466288,82.6831385666643
90,-2.879004438918224,0.0004890165625629605,80.40148149146728,14.631964893250142,35.558855488638365
91,-8.446777504928095,1.8675423089503738e-6,86.32956229525038,15.133406086466488,33.91437144387268
92,-3.448210221943059,0.0002767710350612419,85.57927897573289,21.076142215435695,44.199513594628684
93,-3.0350872333849814,0.00041834797601288066,64.63401970303083,15.555147491563407,35.30825451511801
94,-3.235789732263483,0.00034227382199693594,78.86724473512598,20.335549007567245,40.95158116442827
95,-1.3584353873896695,0.0022371665490860298,68.20005404577701,17.57553561453278,80.43606185475198
96,-1.7974629004481912,0.0014422185946360363,74.16133934573134,17.703312684414257,41.43623517406334
97,-5.116501573640719,5.219043415973633e-5,73.18673948910613,13.335651633947364,76.53321815247936
98,-2.768917860884789,0.0005459257280101403,85.64578809922887,20.09629259841242,76.27261266777901
99,-0.5130762512400213,0.005209944837353765,56.84086316291891,21.34444260905141,112.56182491637102
100,-3.1885886909704677,0.0003588168557206583,70.47226280285886,18.155701469776055,40.76277880112555
101,-4.375366614022373,0.00010951200567007479,88.4623274243365,20.68567430339849,69.51702892264302
102,-1.2544935450356254,0.0024822166565123902,59.613880444466965,21.472331697135708,77.08688448938213
103,-4.084213430042809,0.00014652372607119565,73.5673999624996,11.809976085910975,31.68858572463046
104,-3.725246386194145,0.00020979994040318665,73.06450942316624,14.880102637196561,69.87224427926972
105,-4.4606872840264336,0.00010055587207490398,69.74221121099332,17.54650950732604,73.99070132986185
106,-1.7449023660800715,0.0015200498844385045,57.59287728733576,9.70805076443603,31.4192958622469
107,-8.042712098232027,2.797395203851518e-6,84.15962875900364,13.864280226547596,75.35169500098092
108,-3.5437205319938077,0.00025155968213459555,61.270721189293084,14.911407356223034,34.2268179970956
109,-3.2180228345822237,0.0003484093088605046,56.40245939422618,16.304113650374497,43.481717340595765
110,-1.1828628870372526,0.0026665423470587655,59.514351189929755,20.003966553205856,56.63119908690041
111,-1.231902186754342,0.002538931523160074,62.503386602382456,21.231920381648912,45.85084942566101
112,-8.416351985604209,1.925236490664376e-6,70.58043652612879,13.729594412422218,31.842122885703045
113,-7.635984909524852,4.201391956373279e-6,90.67903318521077,17.134037467468644,73.37602034197721
114,-0.9358131044327483,0.00341382176075176,82.21489290181808,23.23772536458212,79.35161618034549
115,-6.0242657322018385,2.1054936925119006e-5,69.97601329896513,15.19552217125395,36.18638507451269
116,-2.1698279139074694,0.0009938366768814035,29.52800811829629,12.52426281008161,39.36712672717064
117,-1.7424761721198885,0.001523742297731464,67.23850505145188,20.62027212879753,85.82053255897601
118,-0.4225404928293075,0.005703642616626499,69.98454688073559,21.249027665085862,44.766940037334095
119,-2.992094942550764,0.0004367259385882615,49.73881045044145,20.574140599018097,77.36831517627886
120,-3.362819548756821,0.0003014430921712813,66.01919610937284,18.217144258776635,41.947383452169504
121,-0.3698887995778394,0.006011995476817647,70.95694905539781,20.91591196359356,75.18273160822687
122,-7.899724296773033,3.2273988439237944e-6,104.34916813979862,16.451992013006087,36.47764956100529
123,-3.871765866364189,0.0001812060772089528,56.16505178261435,13.815687440536495,39.91055025988723
124,-3.872297452724946,0.00018110977612826055,83.54681192417294,16.92005335769171,40.255437435094436
125,-0.9170200821609575,0.0034785844261910077,66.1294926958174,21.790508769581077,59.708715792926384
126,-4.5522905812277,9.17539205547508e-5,84.47953183522979,15.812921239918115,37.96493709992967
127,-5.520491515009672,3.484498704432685e-5,80.47868926334107,15.555162623182978,35.82024109101947
128,-1.574619344815122,0.0018022325002223299,67.5255171309241,16.548290455130616,37.29194821744115
129,-5.774541315315833,2.7027624775195626e-5,84.57514526904411,20.988566771502942,58.84410557534284
130,-1.067047050835038,0.002993964617945814,61.15305025344556,16.31733480308165,38.54745716508887
131,-1.3015373934064776,0.0023681477883682935,56.11564024743086,18.912706743561646,40.631993866661126
132,-7.5157137532669775,4.738340859658617e-6,94.47899656749503,16.618378834997973,47.68066011590528
133,-7.529830877491988,4.671919058644545e-6,87.15763760593998,15.459937017869894,49.15935670801642
134,-1.7736056269535152,0.0014770397150057665,78.63828681706565,18.357879031701092,40.36088339989931
135,-8.122929618184163,2.581759594673137e-6,94.66143232790712,17.696329263025547,37.313989374844
136,-6.073899319828292,2.0035415413503022e-5,66.3255800307638,13.990779105867496,34.452189431368794
137,-2.7435420438115314,0.0005599563052131474,67.31524389319708,17.088216424946893,50.10432533258984
138,-5.582629829081901,3.2745677512175755e-5,92.28408161739303,21.576464211283238,45.754902653243136
139,-1.8072663192709741,0.0014281489994679229,78.27309062921448,16.23986211821366,37.788148915705804
140,-1.0658208151544295,0.002997638176050517,52.26460212427096,16.393891582049168,68.76484534451026
141,-4.252051146077667,0.00012388449654266007,87.79621016508426,17.67157967664999,80.0155883317464
142,-1.4345257133587928,0.0020732549372461406,53.810359537892204,14.483928521285009,51.758089115289906
143,-3.5483877738714678,0.0002503883278745485,91.08200492711006,21.73241288899939,77.20865539229284
144,-0.849291960533695,0.003722343930012639,77.9285636297259,20.412212771341544,93.23297230345474
145,-3.012660720381969,0.00042783605695739357,58.26841883293978,9.482880373958519,28.759754015073153
146,-1.2183321723680973,0.0025736196875967223,69.12580105490498,17.204079951542532,39.00332268182944
147,-11.066786164140868,1.359612492204631e-7,101.62416763652803,15.487055925480007,35.0054237386187
148,-4.510881061792116,9.5633170946167e-5,74.73792719410153,17.278636117465044,40.68033783795042
149,-4.793527684764003,7.20869560575943e-5,73.54234459964503,24.385117790084742,103.61023684134247
150,-1.4688216010655482,0.002003356287988169,26.80774716170299,27.790118281806265,92.35686051665942
151,-2.7984141948122803,0.000530058089451621,79.43075521841044,17.236160891116494,38.15565536514555
152,-0.913274450287411,0.003491638355236974,55.93033868157103,14.567402893041116,38.73965862392143
153,-2.7344126974094833,0.000565091746235747,70.78641198840876,13.9787798732936,36.35774983212427
154,-1.7446257760965929,0.0015204703731597315,43.156674889684055,19.037332572424123,42.65825466928092
155,-0.9484815014875738,0.0033708468972744104,64.07262081446507,17.29575980336859,99.19885942294226
156,-2.4240408984371604,0.0007707467882051134,67.8311010478696,16.288313670504657,39.70047379665657
157,-1.2246370262132218,0.002557444436492627,64.33558166827744,19.330389734652602,62.34234221915273
158,-1.7431531663984088,0.0015227110820169156,43.8134752533377,11.605017025450596,35.40164416198488
159,-4.0452494860616985,0.0001523455524501248,61.75223363029476,9.380969526126888,28.483848976883156
160,-0.8713695128238295,0.003641064217218823,70.22294455107125,18.723401237640097,44.43749461016337
161,-1.7370002360518475,0.0015321091002687575,73.76686264472278,15.348878255656944,41.22116741386553
162,-1.6676066334774393,0.001642203414694526,60.58765270619418,15.416502772769398,41.40054385826346
163,-2.1666880392849235,0.0009969621035983659,62.82316034775721,18.825969222058664,44.391751389673644
164,-2.6730516709931553,0.0006008522878855056,54.02781162636504,15.376572280274393,40.93355091175444
165,-1.992003128152127,0.0011872531848143352,43.03501414029424,17.73812413324073,81.18098350282543
166,-2.2472067159811746,0.000919834793936733,74.2347367571981,26.38375924878557,109.783036364638
167,-3.0701026847906694,0.0004039528298311542,80.69632623030422,14.92863436831825,35.60635813301177
168,-5.039305908253489,5.637889519691222e-5,68.48432680980208,15.258159216801818,37.11154850068117
169,-2.456206425277418,0.0007463497863459593,71.43466334949687,19.224880211352126,42.590460186941634
170,-0.8071376019736195,0.003882611200643599,56.02977950352635,14.309608164613019,58.10725489411432
171,-2.197585157961423,0.0009666298497638811,60.675796640216674,17.46137769282858,38.880610186129
172,-1.4555112709490843,0.0020301998737053202,81.75503847650636,21.57804161962874,46.675454596962695
173,-5.073028003830098,5.450937985334889e-5,73.07659130011542,15.12321175063727,52.50687481169221
174,-1.1556918317606015,0.002739988401463977,58.1581907798483,18.57034413372563,138.95843502057514
175,-0.5923730783574077,0.0048127682617030015,66.0459926054158,16.66329448545815,65.01481489935435
176,-1.4479159769341514,0.0020456785467799703,65.53871821002207,18.732846209134646,65.98655773596656
177,-5.466293630623592,3.678562586838928e-5,85.02281300573972,14.369500408507093,39.40042985436821
178,-4.386311091829864,0.00010831998885361099,57.416662313454125,10.077812843568445,30.302182251374255
179,-2.3180437441073543,0.0008569307018279648,63.046375136878794,18.445755846128893,42.79256657337258
180,-1.3484847916401315,0.0022595388131204396,56.37418323272744,14.8783999304465,36.3557088323622
181,-1.4029098391979042,0.0021398498861433302,62.91523518353787,17.78043819297199,38.949031585994256
182,-2.194369017129555,0.0009697436720545146,55.585820687347336,14.939249094163246,93.1596303616817
183,-4.8775163419622976,6.627975234993224e-5,84.83040101417976,18.527703119309077,39.75201217486901
184,-8.8642938336905,1.2301141431662796e-6,85.34211593917604,16.02088128125014,38.0150626669264
185,-3.1025121319726794,0.00039107081891082325,85.8371419074232,16.119136085330403,87.18323468004073
186,-5.399579188918179,3.9323472655662266e-5,84.71931098494083,15.629486657507146,39.509507690725144
187,-1.7730253795739381,0.0014778970121280808,71.74274940078261,21.468368382602584,67.46878613971008
188,-0.9171105867371464,0.0034782696126280273,48.51852899860867,15.71538716467772,45.342610173215235
189,-3.7785327338975834,0.00019891310363223156,77.86846345362608,16.20040729532861,39.50179892364197
190,-2.4923938087880257,0.0007198241811215221,55.603910182268024,15.306954163336156,39.182878999405105
191,-3.389837676372877,0.0002934077036143657,55.13529195411803,10.39853491900576,30.14535337620668
192,-0.8007659751913269,0.003907428730211871,65.83338638485996,21.536342163133668,91.40807378909436
193,-2.721256650028052,0.0005725752386770669,58.499367522710465,23.31865512523975,45.93455849082949
194,-4.568271145038686,9.029929499722195e-5,80.40554692090001,14.295754933025787,34.504737247670164
195,-2.4670415314060845,0.0007383066599539393,78.4503249891955,16.414167854740946,35.91385857466907
196,-3.292098335922969,0.00032353343487928095,74.51799748808405,13.070030320804834,32.49871618909718
197,-1.3251632609248787,0.002312853996333171,71.97414650452016,15.251344366624194,40.900306591028794
198,-2.6686786066658073,0.0006034856072325485,61.29746976841233,17.850270487451308,77.72843146652734
199,-2.656487721622651,0.0006108876579977617,77.65828108399057,23.945189586542995,59.99583997224677
200,-1.591115953181736,0.001772745661599566,67.36053724273688,16.158593543233234,67.71812598741002
201,-2.418430001758646,0.0007750835239095303,67.34221651549647,20.167293578578857,91.63531885372632
202,-7.466114633382169,4.979284294324068e-6,74.9581623726335,12.674164093263606,31.219234999533573
203,-1.5215010352717249,0.0019005522157962234,39.06953271365641,19.931347931900163,62.40568869653977
204,-2.5375086750558276,0.000688071063820197,52.379846500391544,12.473765932908995,79.67563897757144
205,-2.050404119116086,0.0011199022447148923,60.2206984810798,20.190022280484005,62.00339556265111
206,-1.486515558579978,0.0019682207469971682,55.48539941120599,13.668504846859651,35.37557047494009
207,-7.819972536269321,3.4953316427803363e-6,86.50939214958538,20.488488501136985,40.53824786826273
208,-2.2076522727269854,0.0009569474945936774,77.20419481315463,15.209521992002522,34.844622770671705
209,-0.842867665421761,0.0037463343441672403,59.47680608595655,18.292326550424566,40.693890468109245
210,-4.009134205997964,0.00015794811485357374,61.11200179009268,19.68879877678859,54.64376527678613
211,-6.098279366414194,1.9552857348345125e-5,93.49505140353945,18.45259908476003,41.55925999320607
212,-0.5444297416404152,0.005049129122717486,58.95245907680521,21.299688930693186,90.16387606857664
213,-6.971154391751457,8.168182356536562e-6,78.13690755580458,15.291402535785096,34.17894651483378
214,-2.1569055635413377,0.0010067627201838963,67.7139857534446,19.002889767491634,65.17155725698817
215,-8.160455374962654,2.4866723799918147e-6,90.78784623980604,15.7568682095065,36.581578661826846
216,-3.461342599322114,0.00027316013512584204,52.04893473304094,16.22622523793098,86.14433943790021
217,-1.7843888113511317,0.0014611980884873992,58.03071914246095,18.863066557672582,43.43734165632348
218,-3.8273193518160773,0.00018944172288501207,72.68473211696717,10.180596165974126,30.3812755069477
219,-2.258618233623728,0.0009093977474888096,60.32348469635169,12.009695146517403,52.54737997058788
220,-2.4518867183497517,0.0007495807721201706,68.8124248139157,14.76276888201933,34.94779505040727
221,-4.844843394891978,6.84810731835493e-5,67.30110664058596,15.985367977274976,36.83450433143196
222,-1.9066789157549826,0.0012930019441104556,62.5668443457419,14.319537633853146,58.33073395795092
223,-1.1406595811257663,0.0027814877265200876,61.08772006905283,18.817888417780992,55.970620903701956
224,-3.9161551287259924,0.0001733383854596889,87.60051417394106,13.107986451725374,31.21890338677704
225,-4.18557307573587,0.00013240001044008943,84.72581510737598,16.57907784380577,37.192646528181314
226,-3.838128543486271,0.0001874050382794002,58.928093966358766,16.17485032516837,52.42518447043201
227,-1.8198700877230105,0.0014102618993847673,72.66263331387941,14.795570410104128,46.43510933042114
228,-4.326298201143187,0.00011501960555829073,88.42292306652887,17.678568035545325,39.952937008675676
229,-1.8218197198160804,0.0014075150860338925,62.22523177500408,16.157200930085203,69.90453522796994
230,-0.25250142399735537,0.006760819395842107,64.98467742502218,22.685935217643372,46.96006534329851
231,-3.595012001147865,0.00023898213422566338,63.92058611200768,12.049220336852404,72.06876999141889
232,-2.7901046416415114,0.0005344809860270808,62.8844434172411,12.211227167095489,36.98423173827568
233,-10.22841870077689,3.1442242246868983e-7,85.77411242940417,14.772683286150105,58.995544841916356
234,-5.723083368795892,2.8454816102770793e-5,80.24433765893372,13.822822307894139,36.25402505315692
235,-1.7791642268024304,0.001468852218857968,88.9793398717895,16.2811884491282,51.56047424798854
236,-2.451936833457952,0.0007495432077399502,59.910573032959675,16.97011169379622,38.038451100671
237,-5.203598551081681,4.7837136257370766e-5,75.50306221171493,12.08266837979777,33.85896929804389
238,-9.697861749424685,5.344800085685928e-7,109.14412073101137,20.928315246311698,38.761055607706766
239,-1.081983440593389,0.002949577909283858,62.63378916260144,14.725853583034375,101.77990646328635
240,-2.0590975569399035,0.0011102086406041523,68.96948494530116,12.230610033562893,114.39172560006179
241,-1.8389117064220104,0.0013836622836112266,82.93032781552988,19.643719374625626,42.39645880012765
242,-1.823927311182632,0.0014045517432450315,51.76630269377387,13.273909892856867,67.93582292428277
243,-4.078510641284604,0.00014736170707230816,74.48040133697509,15.359766898995993,37.78495822736377
244,-2.41762495540227,0.000775707753309429,66.89346537900175,17.27379239758717,39.14242424862945
245,-4.331541079165476,0.00011441814985334765,40.97241076799877,8.560197083548069,32.808623684435844
246,-9.665015916579405,5.523269438323055e-7,82.64782698751307,25.480274069115676,57.228245559303915
247,-1.1198772417286107,0.0028398984014067915,57.122807655481616,15.159199012026178,36.737162424688094
248,-2.4549300513913512,0.0007473030159323873,67.416917082584,19.43416742252945,42.90918577997105
249,-2.8070341762630817,0.0005255086348301437,69.33556773542975,16.633035628470417,88.0021360499072
250,-2.322128306424185,0.0008534376536180855,78.6838394035702,17.068572177003688,61.33163815372699
251,-8.813568139222967,1.2941222406234245e-6,87.79881873804733,16.770810396524503,37.82168317470756
252,-3.9307441060774058,0.0001708279128212134,60.471311368487065,11.603950113663181,31.375297750619595
253,-0.24492902269850697,0.006812209360570741,72.57523390048078,24.76787539015793,47.941454375016036
254,-1.5717065318725205,0.0018074897193053848,79.81190261590324,15.916262105560058,85.27883200223928
255,-4.089636659587699,0.0001457312451163345,61.95135512429314,8.862528113011756,30.108081054120895
256,-2.7397207418562033,0.0005621001608883218,63.571919596679415,15.04177635885315,36.063928210263285
257,-2.437338834446651,0.000760565293207223,66.31683409170365,14.365075623919287,79.09411091146018
258,-6.046828879640507,2.0585190684452942e-5,62.31631818376896,16.363578950925152,37.164323528600825
259,-0.986870412555492,0.003243896097319201,76.18434898314578,19.325597420636957,43.031016290022464
260,-11.239524833324214,1.1439201113249159e-7,106.37620431218188,20.826061739944176,38.38830737911885
261,-1.245184491551501,0.0025054316311999285,60.45981011673674,14.78956138932813,37.534703027258146
262,-0.5216482997650683,0.00516547580504499,64.47499694063038,15.198223642883619,39.136019341192224
263,-1.8366367227427105,0.0013868136760481031,64.68170463480772,15.87203847411672,39.2052804824292
264,-7.562043056992223,4.523824394600487e-6,85.45460777011762,16.652651911398806,41.870115574918785
265,-10.48922819157272,2.422397372307258e-7,81.9250515189419,17.511828732688095,37.853213633418264
266,-8.425655464626153,1.9074081547295832e-6,85.92300873566408,18.7226313441967,52.59587041585706
267,-6.088882546464745,1.9737457999531056e-5,89.088235770325,17.099762097936548,114.74796974969496
268,-1.3109800554844482,0.0023458914141343116,70.18736587777832,21.732050906126112,122.1311912818991
269,-2.121661609323296,0.0010428776984904003,81.54363242060658,19.50879694704095,71.39737099991974
270,-9.272144770785538,8.18121866279513e-7,104.86335631264481,24.031978380722446,45.06174096940347
271,-2.0012384586290164,0.001176338984987754,57.179337653154455,17.07883057940206,62.58128234941033
272,-1.2113059818364047,0.0025917661053187603,42.90185335474077,19.673154115474038,41.253643014045934
273,-4.167818393063816,0.00013477172280914639,69.08604475566302,19.170221019134768,55.070654151015916
274,-0.37156304279741015,0.006001938355537302,54.042307590418105,22.157127159026388,51.9940044455212
275,-2.0294891996524465,0.001143571568159729,63.56443064000661,19.861078365562975,59.5267740198524
276,-4.9813375943060825,5.974366761076073e-5,68.36713426558903,20.869230583604967,80.23051448113777
277,-8.625112655485228,1.5625016249661038e-6,94.52026123164589,15.96856758129869,36.19397611068362
278,-1.581913831375795,0.0017891339710731729,59.47752994640226,13.912596044646904,46.51901026471843
279,-4.899975801874595,6.480773711910583e-5,77.78000175637195,15.051047215954767,35.7497397950569
280,-1.9281249414266535,0.001265567423434043,78.70359298253855,15.683578506317192,39.188770280531244
281,-2.298342817848102,0.0008739804266288944,80.89074924564883,17.973425264865412,80.30536546337636
282,-3.17038394554231,0.0003654088459314127,78.03611184663332,22.915772577937165,129.10529631525552
283,-3.3609685768440762,0.0003020015715735746,74.2032462453268,12.88726831202311,34.648279373043366
284,-0.9308772639984939,0.003430713493388541,52.384102043709575,15.563484689296114,90.59935804727294
285,-8.36359860418435,2.0295258491151133e-6,84.78865431779336,15.991509604130904,41.05891630356292
286,-2.029178545670904,0.0011439268784069706,63.47478085079736,20.139775805021706,79.54088175570857
287,-5.583394493909073,3.272064761530076e-5,71.44329512619588,12.147586336384707,33.94402713922253
288,-0.584375189168982,0.004851414587460382,68.91429941243815,23.70129053876367,89.8863614296965
289,-6.2981403991951295,1.60107504365085e-5,76.47636627303383,15.911106618772692,70.44893644889436
290,-0.354489508110921,0.006105292457479677,65.28465623712783,19.834352930266775,52.3503336324671
291,-3.4132508894747144,0.00028661788245547146,63.22858629719482,13.880440425125396,39.39425719660269
292,-3.189824143692675,0.0003583738281856225,78.31169034644597,17.664488954049265,59.010627979348996
293,-1.0707025591083594,0.0029830401349489532,56.54791162419699,23.116635462162865,97.36432168807971
294,-1.9127328118388165,0.0012851978910025316,79.71848228877309,14.221027859106325,37.58651009545009
295,-12.07742836912175,4.948787588470136e-8,83.25969749993149,11.00825855356796,32.54851297840449
296,-2.937689410147533,0.0004611444746546936,81.06755097620395,21.305280103178315,101.6473621162142
297,-0.7468860758015697,0.004123735565857172,64.54012437705936,19.10407179924565,86.89116207877085
298,-2.2482346358270333,0.0009188897632882248,54.96869401787245,16.737089323977408,42.186134720597906
299,-2.2233506847008635,0.0009420422391099334,56.033567745068424,17.80604275367314,79.91538461182459
300,-1.929600580509185,0.0012637012798982416,77.96114859434925,19.5801411593654,43.18225254555084
301,-2.5488895127670173,0.0006802846308179028,59.998012239110764,18.53455947632227,74.86047440930328
302,-2.8344468004138483,0.0005112987194975947,78.05034639461006,18.905401534782968,38.13865713615466
303,-4.283539520475102,0.0001200443523744808,89.63239126897648,21.439005375500876,66.59885785833367
304,-4.108188778891112,0.00014305254627034478,67.97878507474464,12.425926459063714,32.90902915535625
305,-0.7359462997413596,0.004169095973441008,59.26428894611686,20.79269455947056,68.2406839132122
306,-2.4201569631483615,0.0007737461397277405,60.99322128808871,11.432196701079185,32.787318254285935
307,-0.6449886614075032,0.004566088168458226,71.40858832899583,23.164594194103387,76.67564054341551
308,-4.4194885904371075,0.00010478516511848888,63.28114273137849,14.325479878907975,33.759872557933924
309,-4.137300529818777,0.0001389480702874889,98.71628694485617,16.430402934093998,41.935098550596464
310,-1.0212738392953926,0.003134192859381918,50.053910850626345,22.741837855656797,70.55363175479194
311,-6.063413331264533,2.0246611917271535e-5,79.27105629860452,17.61992169799868,63.87166437717269
312,-4.1072744455624965,0.00014318340379572493,65.01238460985962,10.379128019493422,56.71070754415577
313,-1.6174645302188382,0.0017266463288756007,52.11977334436345,19.1883896306859,80.5368047654679
314,-1.3594017709215778,0.0022350056324801403,58.1900089876744,13.851020942301847,73.74064350500271
315,-1.723353649672347,0.0015531604724351863,56.49059852400027,19.94635731054395,56.70621597760386
316,-1.9707125721493013,0.001212801468767187,66.47017160132314,20.799766011435008,101.16774783559458
317,-5.3819104495249475,4.002444324346194e-5,81.27573769408127,13.515009066790313,34.321279827767
318,-2.356840384620493,0.0008243213266905614,62.42737131408393,15.511588416145958,64.8493817940352
319,-2.426045109856423,0.00076920359564947,60.19479540535615,14.377582798633707,39.03354797602027
320,-2.099918654889761,0.0010658012505454092,82.04492556923837,16.533044083009884,39.17450132304445
321,-0.8048583580444704,0.0038914707113094672,58.206990124516814,19.106281752340625,43.75659921996069
322,-1.6454888150420943,0.0016789300307645768,84.85167053496848,24.329425817123205,119.16218028942515
323,-2.6358607581485183,0.0006236192712584496,60.75917039953582,16.127432894306178,82.06067523986786
324,-1.6021423111748334,0.0017533061040202504,74.21653450489599,19.661850134123252,56.07709504986427
325,-5.160708275360473,4.9933520100124804e-5,90.85492673721525,19.05652094374672,53.54667180862977
326,-5.941758176105054,2.2865806345615294e-5,64.42601834112519,11.333223051849451,31.431914821636934
327,-5.245670850872104,4.586626810486936e-5,85.84988406405066,16.735797219437025,37.24621199464812
328,-1.8908473159502979,0.0013136351306564174,63.0387125587923,14.948539859979919,71.038544406007
329,-7.733346021418718,3.811621833596468e-6,72.37890355592229,12.555468207439151,34.33197904479648
330,-3.773222427038065,0.00019997220283294776,75.8573956350183,17.20001898941485,83.22366899186679
331,-3.624154056314712,0.00023211820396783935,64.53396441174726,15.382452846859424,45.06839858817281
332,-1.3773650591791067,0.0021952160280495165,57.715024118387646,15.968189270000423,108.5482485451763
333,-2.530113247509844,0.0006931785061006859,73.26085771506605,21.26869900392142,41.976758016107
334,-3.7352964379366544,0.00020770200000956766,69.90441708318555,14.504111499434922,33.980168223676436
335,-6.226461966823293,1.720050650357545e-5,72.6814933256503,16.081298021155398,35.36498460395579
336,-0.5353123418230492,0.005095374550332338,56.96801664523079,25.560486202304915,75.96102499082028
337,-2.61134932985099,0.0006390939487641023,56.24528159246761,23.114368859522795,78.64911446190906
338,-5.883444119246743,2.4238849055004825e-5,73.32281940478696,13.814998837851004,41.21302999528028
339,-4.4700155980539416,9.962221680798895e-5,21.114239345584345,15.783944837931056,66.49730040833032
340,-9.857813288688757,4.5547589179042687e-7,92.37329478303596,17.02643800941682,40.49567900618931
341,-2.0505089835843093,0.0011197848129188574,56.422402665339774,15.810955265192549,95.69148199331512
342,-2.28952467320026,0.000881721392768672,52.65803503325843,20.995651296615115,46.101210869867245
343,-5.104197888121873,5.2836535411453814e-5,76.68420607842772,13.684619611410287,34.33626892246063
344,-4.855018521448724,6.778780263630927e-5,66.04254515949756,15.386498855299589,37.2933686002095
345,-6.09563488402708,1.960463296490012e-5,90.37627264904638,17.204653253143434,76.2227294957331
346,-1.673952830892274,0.0016318146670179204,65.70655927854324,15.435737538638538,38.541213945698274
347,-1.6159048213294456,0.0017293414957951106,60.401552321983004,13.567362148717537,42.284968795204435
348,-8.298372444662167,2.1663167028572525e-6,71.12453038319042,14.177799955643588,42.8672255107205
349,-4.4054626274699915,0.00010626523339122005,76.15386391079943,24.14499037044733,73.17477546723188
350,-4.110670192706471,0.00014269801375856053,69.54852025464666,14.909482424817135,53.70787577248878
351,-1.1989795804728722,0.002623910962773805,51.102166607993645,21.431101876608967,91.46422644815729
352,-4.478096724661898,9.882040121119154e-5,74.79739612519892,24.57005219660436,108.80808696277444
353,-5.543571992822328,3.4049958209560504e-5,94.75807765581231,16.876831971897204,80.7878620744198
354,-0.46628702694792756,0.005459506997387575,64.08300488010912,17.490068853475005,100.78159592578116
355,-3.8774306931964886,0.0001801824781535964,86.69831873584333,20.040826894396673,64.6319262971719
356,-0.8413464038996225,0.0037520378356051855,64.94249836904059,17.54303174044525,38.265539799885985
357,-5.781421268546308,2.684231417589294e-5,84.3239072436058,15.136774476076607,34.03260527601283
358,-0.21031760801409888,0.007052117392515064,72.1256845186476,17.592207237602366,60.92890771727511
359,-0.5290609300145279,0.00512732760676148,75.3855994410714,20.643129002917842,57.04750792876265
360,-6.386393026423962,1.4658315299371944e-5,93.16444256820832,16.858213383332153,37.52190214676264
361,-0.5648560978995357,0.004947040016267592,58.00935969695486,20.200015943532208,75.56226542212929
362,-4.011454406882565,0.00015758206831273592,97.79043774217878,22.08229714630602,80.04012139289206
363,-6.258272082835118,1.6661967304249095e-5,73.7560488688645,10.713472022050837,30.13835289962942
364,-7.262847116243865,6.101616169137299e-6,85.27640044505519,16.022711306538042,35.469256585434366
365,-1.9528071927980941,0.001234712718364021,64.2012724909687,18.470862451627955,78.5465099453265
366,-0.8710952421297398,0.003642062991389886,47.11771380734814,23.43021662677241,84.84498117316551
367,-9.019314625898689,1.0534665181219707e-6,84.84256405782766,13.635983868273673,35.62165492666395
368,-2.8841621707274685,0.000486500839572206,76.87297242918245,23.664095182617636,94.24767814400815
369,-1.660691633822298,0.0016535986041994045,83.54541684636632,20.75124272666208,107.6382277488344
370,-1.6763026647112247,0.0016279846754113482,79.16893285462268,20.372012452559062,138.6150598379385
371,-1.2633563175404572,0.002460314535102872,57.03692277735612,15.72454403240465,38.506756182020126
372,-2.9278763491557065,0.00046569198953868744,73.65206374286107,25.353512159004264,61.5487855049814
373,-5.120618217722216,5.197602634097403e-5,93.32079882666405,17.60626491143912,47.804845349812815
374,-4.641110788396275,8.395576136479284e-5,78.09189216524302,16.502777907968486,38.9309055320113
375,-2.3421209307420106,0.0008365446258910086,64.59578755656337,15.95056375001629,39.786121404570224
376,-2.09795075200644,0.0010679007089870272,61.41444177056773,17.539399517943966,80.06601207741241
377,-1.0758030658568583,0.002967863854870193,59.230464047811715,12.778249896552529,40.77448265580314
378,-3.840519851159853,0.0001869574305704675,88.62844532402912,18.337346404078854,38.53928281243055
379,-4.721799350120179,7.74475898793426e-5,88.00759159480748,20.078608765157888,84.86072731008272
380,-5.731422101388289,2.8218525551378146e-5,100.35655314908897,20.784217824838198,41.30657274364697
381,-0.7979456576316576,0.003918464474910087,64.44128786727352,19.717271504085215,94.46542711425155
382,-2.1033856835499543,0.0010621124852861364,76.77145030631112,21.47115018213107,74.6218969547967
383,-1.7824384887495286,0.0014640506769744823,79.37684187619443,20.958005913041674,40.52654844696847
384,-1.470616648675185,0.001999763393745027,93.48127974392524,20.889432168768618,88.87037735062749
385,-7.931468261878189,3.1265574286672388e-6,104.71405129981477,16.754007073283024,85.6405277137973
386,-0.905804860677787,0.00351781711137856,71.49559774300876,20.29052230154819,74.35509586201249
387,-3.4355581125648613,0.0002802950183721021,82.8826025422846,14.25630216353207,36.441784913334146
388,-2.9192508656472116,0.0004697261815311304,68.36648166676541,23.97351441542861,56.8618612770554
389,-2.2271678201511023,0.0009384531905834447,72.67431288921054,23.310806913886736,103.69251050920556
390,-3.162466492609988,0.000368313436576894,82.78895997164592,21.213665145514273,87.67919324093722
391,-0.9270857656424475,0.003443745728195186,53.84089862060344,19.803722668092714,59.41930520096082
392,-2.648163666260155,0.0006159939437011794,71.68327494445019,14.55694853888625,35.07321979707279
393,-2.419306371999401,0.0007744045613298314,56.12660169849197,20.43056507331228,84.69454030455506
394,-12.812249457388273,2.3733952542545726e-8,97.34350075349973,14.415764914794337,81.67521812357856
395,-3.5900458544735736,0.00024017190640309441,62.22111885605677,21.3374153269608,108.3662189300803
396,-3.7128993477517365,0.0002124064062870397,90.18875136724019,23.743687769623307,85.96315358575009
397,-2.845621340808478,0.0005056169957517157,52.618190179465465,18.932624295432664,66.56032868094312
398,-4.755877868708235,7.485275591677204e-5,85.12516478460806,19.197633287026363,39.71242667758288
399,-6.080869884498467,1.9896242873781695e-5,92.32001698928129,18.920790724721957,56.19205352423354
400,-1.7857665787679662,0.0014591862835894003,63.09892516757515,21.373590902226326,50.11454373509591
401,-11.856548079633777,6.171999814499393e-8,92.52774417538066,17.359323650825843,57.04410594002274
402,-6.838062319090243,9.330965370383845e-6,95.60319896970192,17.198062399408578,101.9328748630218
403,-2.3785898939163266,0.0008065863054483674,67.23490876061373,17.039202835506277,38.782384576220096
404,-7.71746416090767,3.872640744212964e-6,79.61309269475751,12.690251222886683,33.21746215998975
405,-1.3599831770484114,0.0022337065641916337,73.23414221979452,17.644224516425464,42.89160466720075
406,-3.9478695021595285,0.00016792732490060025,80.48408803229727,12.508368108422834,43.342967733640265
407,-2.269221066092422,0.0008998064926130337,79.51432890696137,18.030218257165586,41.02658175388123
408,-2.7848731511002573,0.0005372844449906192,54.808008442246155,21.22947059276492,82.36294119357028
409,-2.7188311811936563,0.0005739656876374787,76.98060330467001,16.385156864642394,43.95876147478685
410,-3.3059920719402087,0.00031906942940832585,94.97395782358646,20.29119039979953,41.806565309434106
411,-3.2397392645961514,0.0003409246664907473,64.02120304210597,14.855564277747884,69.8095316685525
412,-4.611546927678303,8.647487163573002e-5,66.46144584013236,21.850894373433608,94.4053020190832
413,-0.2873077665608291,0.006529548200098871,64.22455188321373,22.910313036689683,83.53626770207397
414,-8.988129124227317,1.0868370336605266e-6,81.13562131505005,17.386682123693106,37.46013082812691
415,-7.832648192162413,3.451305640350959e-6,81.84831624469734,20.668646371230626,104.38357109580494
416,-1.6745336009551486,0.0016308672330584272,54.86029590060425,13.924734585433814,51.35726315824877
417,-5.299912604779421,4.3444670819386767e-5,81.63296416598725,15.472889240214666,37.836409538609985
418,-4.098873874672307,0.0001443912925036259,65.59065522315022,21.11864084494115,93.82584029158295
419,-3.3806214629893803,0.00029612431080631286,86.9859594381987,20.55329984024907,88.42455839976297
420,-3.0301543787458387,0.00042041672398874526,78.75438387731042,13.730340858784325,105.60669276828065
421,-1.3975620830612927,0.002151323934364243,73.20124445101862,18.192321917798797,67.50035852262887
422,-2.4602176616327007,0.000743361997319324,69.64896531102755,13.722841704527934,33.850504969461426
423,-0.6880549441160215,0.00437361795976431,68.8894492471501,18.198040964358174,86.46253922284134
424,-1.2226516345001481,0.0025625270092628836,58.140462166705056,17.794784272059815,79.9865043715777
425,-2.4039590903697885,0.0007863812358459169,51.38177888425878,15.238734584870606,41.71113908809137
426,-2.6552231463575477,0.0006116606600764645,77.15501612002254,16.97201912280778,69.80169551859834
427,-1.254340866104028,0.00248259566763227,35.7817251249282,12.08892211231996,86.16620583475888
428,-7.511387106761207,4.7588864001769444e-6,86.39772142335663,16.419124748836033,37.315092794648145
429,-8.757421764652367,1.3688610359381535e-6,84.35239174457999,13.346025888431498,33.9133239719596
430,-1.443841757387278,0.002054030091763334,70.03774332860633,15.192379748412804,36.8629882306383
431,-8.790519317501188,1.3242966397776791e-6,80.76957103511528,17.86102596985775,55.137525349222464
432,-6.782778252177101,9.861344771871814e-6,77.41656192288428,15.941933172020539,88.01817643889434
433,-2.838204179346182,0.0005093811811758382,53.891391080165334,14.680023562426017,74.62952661323475
434,-0.9478605549608781,0.0033729406629382794,67.1880922033592,19.057143797367903,43.044254188080345
435,-0.4740541781433899,0.0054172664378518325,85.06027265634951,21.181448565653902,74.9452191968754
436,-1.1372182214841673,0.002791076315554296,56.54370448523388,17.981241315737556,74.78036083685782
437,-3.0102338179449153,0.00042887563429282074,78.2422086396312,15.118101091986338,37.536279962047445
438,-1.6485499018588865,0.0016737985381602154,68.868272291117,16.590790386982523,120.96496818562031
439,-3.9358964989507275,0.0001699500039086056,76.82235447578815,16.360040408171223,41.39628427244314
440,-2.0567664899633256,0.0011127996300150436,77.26870011112895,13.894878252651761,38.355111823033866
441,-9.83953014234705,4.638800169956351e-7,81.79728790262462,15.090638722864039,79.02002609363555
442,-0.9468651829079954,0.0033762996652613874,72.2687893402976,18.938758131799528,40.976432905949174
443,-5.760676654928957,2.7404963405151673e-5,87.59521078707076,18.235893284577067,37.20019806446403
444,-2.354274195079819,0.0008264394079939574,60.21397491510098,19.304042108036178,43.08060363023047
445,-4.429039346707315,0.00010378915145866095,75.25748672832907,20.75635478602259,40.56370205494005
446,-1.470235383455335,0.002000525979339436,46.97019101281965,20.75472496371257,78.46635549978073
447,-1.0387332710086277,0.003079946565898224,93.45210030945954,22.018721739823988,87.53105541385725
448,-2.3565290736870717,0.0008245779868807012,62.93464059216985,17.89050291027915,51.967987641420976
449,-0.7430347835195836,0.004139647898668944,50.46958189868803,15.47968411353255,64.81398033615156
450,-2.7416737792500014,0.000561003429582283,76.03510984177105,18.118152841712526,92.3158018031963
451,-0.9466605045052428,0.0033769907916109928,61.55718491571398,16.54865002944046,46.53818369499206
452,-2.173465366947515,0.0009902282094338705,74.95953261909494,14.397504910796597,34.46852228528495
453,-2.841066976720576,0.0005079250114217929,58.057941645746375,12.519234942750884,32.80070062390443
454,-3.720019562524121,0.0002108993985314705,66.84488052282282,17.304294687788513,40.75443755404554
455,-5.417944543323163,3.8607874365354694e-5,69.14303448369358,12.720267027093527,33.578736776137774
456,-2.351300523766666,0.0008289006247647674,75.3126328127379,16.870597288968252,54.02412992572291
457,-1.2184854044323707,0.002573225356752174,72.97869734339142,19.244726727927276,62.902885629204754
458,-0.5339008975438824,0.0051025714654191374,76.83366480018867,24.501093550787786,72.23708951512147
459,-2.4264874402464773,0.0007688634287615975,83.19110642269307,13.906536408238455,38.01178072667973
460,-1.909245027824797,0.0012896882097406539,62.30575570051361,16.858886662144126,74.64661147834927
461,-3.4079502789838108,0.0002881411658093864,70.563259906316,18.605354719077038,99.33642635420756
462,-0.5329340500210334,0.005107507259696376,63.490577067919126,27.155368043261806,108.43961734425004
463,-1.3259447658960282,0.0023110471955413527,44.970013699391174,14.454069255168207,66.53603369654239
464,-0.9474652899213314,0.0033742741319822906,65.61644446453084,16.837683165407743,39.1601675430973
465,-2.7482127302504384,0.0005573470232045776,38.503451042075646,21.822987094478567,97.8398741557898
466,-11.61307391801908,7.873455717057534e-8,87.03063798624873,16.238815595240883,37.65919737604361
467,-1.6613500186723418,0.001652510258244904,61.41026111586773,26.157959340489292,106.27144701591486
468,-1.3724541392806007,0.0022060230726688467,73.11830753380568,15.7649400268939,37.056778920168284
469,-4.2705286258377715,0.00012161644176240405,85.8562055806799,13.709840312396189,33.832068928221666
470,-5.2601754723835725,4.520579676858602e-5,67.59505776149079,14.359797449871593,34.72639240494199
471,-2.189662901090995,0.0009743181538812235,58.11743715171845,15.119444756834378,58.7152616361172
472,-5.4869786715885915,3.603252945757894e-5,73.38327450297115,14.715724381094839,39.883976236659805
473,-3.059768504471301,0.0004081489958390748,61.495260844240036,14.724005813315589,36.629628648839464
474,-3.4769274520383258,0.0002689359765955474,66.68249942327763,12.076098343953781,33.0710051994039
475,-3.437115877984267,0.00027985872439531236,70.21917356264416,18.44300287399104,138.30632845036962
476,-4.385286961471021,0.00010843097946739309,97.59949780948476,17.23099030100914,73.83931624422226
477,-1.7505880880195428,0.0015114318266183024,74.35974384446516,17.10584574097436,37.039922877734796
478,-1.0745072520734655,0.0029717121465567885,77.9465420924424,16.91832181282985,40.36381512198541
479,-1.7010660779730953,0.0015881652849593858,60.51981549798258,13.195584710897077,81.45026820106393
480,-3.11851637920268,0.00038486184236629994,58.39355799465497,15.676510057575989,44.78019726274309
481,-1.312356389526593,0.0023426649048085045,67.59150026137529,17.26613032354728,56.789106648770385
482,-2.6664344138650535,0.0006048414661229846,54.53223538872953,10.967582088012698,28.76143843878147
483,-4.53326442539229,9.351635798458087e-5,84.64105493231894,16.185089433874026,36.792370953298565
484,-1.2209445870810611,0.0025669051001215863,60.18156457457856,15.616280117872508,43.2779685204583
485,-0.6496794179755699,0.004544719916207264,53.87841174241487,17.499121699212616,39.966797726544684
486,-1.2280669044503079,0.002548687739264498,72.33793108209566,24.066906857512368,65.25128839403408
487,-4.650135033762928,8.32015322670195e-5,85.22994674802422,20.15422793044633,42.344796283757155
488,-6.41470731293432,1.4249096271462922e-5,74.63078414682992,22.622594834301985,71.87800942872784
489,-3.2713628526397587,0.00033031209351342615,59.120649802160756,11.591600676413236,31.238384998804722
490,-6.087337539148364,1.976797608580972e-5,85.66374339872087,21.251616777011222,44.09015392215238
491,-8.78340854008387,1.3337469782243682e-6,86.99523005880455,18.445490307928473,48.79151142319081
492,-6.081238940231919,1.9888901406063683e-5,87.40605796874841,20.10657040163107,43.73159018877911
493,-0.8963603426385163,0.003551198586385007,73.91080635350933,22.195311702971395,57.84747087436857
494,-3.4487872931888526,0.00027661136453030667,62.700876871814216,23.38861006040505,43.621367209139436
495,-3.83967597169244,0.00018711526669537202,73.41637455229255,17.946516044620687,37.79555346651842
496,-4.045632515065778,0.000152287210858868,55.49290761872783,12.483297848063325,36.67884863836831
497,-2.0315980188498055,0.0011411625234958327,50.856918715818175,20.321809112473282,67.68709324943033
498,-4.635550673329919,8.442386520813337e-5,64.66959093502628,19.017470737996497,98.11186639058874
499,-10.742726123682566,1.87997742239032e-7,82.2616669865777,19.802259437907306,61.17275034120089
500,-5.523484608796227,3.4740848655838254e-5,86.94377973624024,14.696442107367634,35.690364302611805
501,-2.8642314335112595,0.0004962944325312568,71.56530692024126,14.249374071653039,42.838175187773984
502,-8.425119782128933,1.9084301936128588e-6,98.36421845231024,15.09675358954588,41.171424427596406
503,-5.762008865239837,2.7368478538487898e-5,74.04033510190997,13.557037896843452,36.562164303530565
504,-3.5644130425253553,0.00024640776761304157,65.2171838870514,16.088121407691744,39.571025221208245
505,-3.223337719115689,0.0003465624658396961,73.30268212587526,12.81927667953244,34.018186374012885
506,-5.318520485507008,4.264373255882959e-5,85.03186374096009,15.086178822434483,37.279785693990334
507,-1.5313635284245302,0.0018819001616478333,73.61684067011433,16.486626619436272,79.5159861420191
508,-5.1725093887984075,4.93477123554811e-5,79.17338218182232,17.410826950950103,50.165392873641835
509,-8.208656975648653,2.3696536907950254e-6,98.84711303575196,26.003983860096064,72.4810189439624
510,-2.511189074020926,0.0007064212451445831,76.61794835819023,18.652847133391838,100.52133958328575
511,-6.41961806966318,1.4179293957435919e-5,83.99403948299104,15.714222679342951,35.07474177023925
512,-0.6831658314671057,0.00439505342816436,61.00031169890543,18.32144450420782,100.94462571266492
513,-7.32119120260056,5.755808941187731e-6,69.30337182880155,12.08515655406287,43.78422764393364
514,-3.9429862897879215,0.00016874935513168867,75.64623824440788,14.994135982276,37.2857203793115
515,-1.0557397697364257,0.0030280103369969245,47.65754671203108,19.324751102499118,91.52894809409919
516,-4.734863981721249,7.644234651454947e-5,81.00650527092388,21.827735010032672,57.0028771675326
517,-1.506102546536082,0.001930044331945996,83.38781494751471,19.68187290816496,67.88963748923722
518,-2.7438552159750076,0.0005597809699420879,65.84959340517763,14.566890015826793,41.32071028968433
519,-1.6552950866811336,0.001662546449037315,49.7421619449351,24.86631357854021,86.76316383734945
520,-1.4397040752604497,0.00206254662256008,53.04449716170268,24.936846438391594,84.45910913728935
521,-1.4890939887452639,0.001963152364294606,53.55854345520787,17.714244331040526,74.89585040768893
522,-1.893702148407279,0.001309890270466403,75.90876444444037,18.359235004616885,52.858218724764185
523,-4.060173693626614,0.0001500887978284278,69.7576661081765,17.586303364949224,39.658756038467025
524,-0.2914892520598165,0.006502301993493704,62.44546171746779,24.022157063306903,72.04689933914267
525,-3.8859545748653845,0.00017865315119166,78.04403095710093,12.452733327794453,31.537866777879184
526,-1.3916196334813935,0.002164146128262429,37.7608907625696,22.18977330555933,114.39043000528821
527,-3.255852754174586,0.0003354752032743635,70.33590135675325,16.23214503476368,82.97583048504933
528,-1.8984485876471693,0.001303687687622675,77.49295770906174,19.650430709876584,39.89934456470394
529,-7.314482535788617,5.794552559311393e-6,87.65572266138406,23.108898732686487,80.2483289895867
530,-1.4720941950088213,0.0019968108324846467,59.76087983801438,22.57126566369495,134.79439320007205
531,-4.727591932578823,7.700026516219236e-5,77.7596116508249,15.035888751048738,73.19170050131217
532,-1.283271297405535,0.0024118020862474243,63.0389812375562,14.58947634728595,59.775965167510996
533,-0.7624088986231016,0.004060217812144907,55.80999593229915,18.751999359080497,68.54667270648592
534,-2.2710668777857843,0.0008981471511542568,74.42378173591217,19.89110788597313,73.43014803473159
535,-1.964535663158214,0.001220316017513255,69.90117352119957,18.217980547343892,49.725594146998844
536,-3.6845052626447736,0.00021852393162953557,28.37381248460259,15.991351462119239,83.39257652839805
537,-1.1880533055191838,0.0026527377332309686,37.70564055974383,16.97160967857417,60.92093885088536
538,-0.34175825800026405,0.006183517356546397,74.75560873183602,22.214817081773827,46.20138813607197
539,-3.3452772298316966,0.0003067777574279146,54.76920620561364,10.746518057053201,31.509633299149574
540,-6.5022725232731124,1.3054439595698832e-5,77.97104168239012,16.623816003268907,38.08246743631838
541,-4.121130844300515,0.00014121307978269668,72.77253298324592,13.623932016465101,34.29101040659641
542,-3.243780306517496,0.0003395497555288817,70.1723889933587,26.853795770207377,64.05702160415544
543,-2.115693590441554,0.001049120221505503,85.23223601573633,24.16246975222159,104.10054162546004
544,-1.3240092472673544,0.0023155246020941794,51.753067369102126,24.72393964012507,88.62619461891914
545,-6.168378081888074,1.822916376373803e-5,73.66901947599217,15.077829563374333,108.02941460414675
546,-4.038864609157079,0.00015332137197819664,69.56185061006153,12.332561305364704,46.013477331247834
547,-10.835792428259243,1.7129096304723042e-7,94.79638568163305,18.406827464317907,78.54976401367529
548,-3.8728761504040174,0.0001810049986413263,78.48879300979897,17.879436872425813,38.43968354103485
549,-2.883515301329297,0.00048681564388517086,77.03456738130247,17.180253793632215,45.637816584216615
550,-2.6332522987346763,0.000625248080234728,71.7697463897612,16.20385076322506,38.26683738010274
551,-6.05922487120631,2.033159188596869e-5,84.0434011555173,13.151487142620063,34.50322640295599
552,-3.4129256525066696,0.000286711116347281,75.57355890970179,20.432079322567102,55.7266474086714
553,-3.6048707678993224,0.0002366376410019312,69.85936469783599,16.740814935481072,40.32375202162983
554,-6.383549590613228,1.4700054591395745e-5,78.0783918364192,23.036344990793957,73.15611452830689
555,-3.328045626165035,0.0003121098383740194,66.66233971488575,21.067877152340667,67.26581285757881
556,-2.50638606463389,0.0007098223542573943,74.58712161164051,21.36560233907121,67.64909102343486
557,-2.5340459745100334,0.0006904577777214132,71.95882392472993,15.20333935665188,71.40606336696524
558,-2.147026352768633,0.0010167580329011482,37.287319990855714,16.436671531669536,62.50682617533438
559,-3.5612264676377765,0.0002471942167915389,72.04935603844045,20.82526496895432,74.6001172115561
560,-7.137997772856281,6.91299535634593e-6,90.13408751005456,21.28084531493304,69.99316810304538
561,-2.435872951793431,0.0007616810102325044,89.70124929730983,26.056441835002268,103.51803373337606
562,-2.436508154680557,0.0007611973418857633,75.87388658162158,16.67736932821037,66.94036701189
563,-6.279197003858978,1.6316939384472778e-5,88.01760529152835,19.167808947694404,42.429480360098864
564,-2.8088744987133136,0.0005245424188388625,81.73616022924801,14.036322653252135,80.89162870508817
565,-2.200108462725034,0.0009641938227711098,71.58606011236631,18.513370408984727,38.00380004462244
566,-1.6282041952817525,0.0017082019461492938,78.52260296753488,18.006373555793953,39.49568512980306
567,-2.8340149672102983,0.0005115195629419406,73.33268930309326,20.70006445375073,78.71828537370841
568,-6.229638544899885,1.714595444202343e-5,83.89894955312738,12.198634247249288,32.01337840857934
569,-6.351149091758706,1.5184143709118684e-5,70.15144721363852,11.168260512951539,30.611860600227196
570,-2.1272322868313336,0.001037084314670156,59.90254425441859,10.610795690069578,31.09073409418255
571,-2.7429145540643924,0.0005603077823161211,84.38894223598751,26.895728770194246,63.40619049052898
572,-14.003303439219975,7.212766910853243e-9,103.41394963565979,20.492192335554794,41.42793035432436
573,-4.678142220108545,8.090362067301944e-5,63.927439994533145,18.596773834650012,88.88936619600372
574,-6.36341268238768,1.4999068747931731e-5,76.29508381043067,19.970503594549832,40.37480753799926
575,-3.358118316933107,0.0003028635824400082,91.09989499516664,18.546796923153607,39.59077936503651
576,-0.706162637074478,0.0042951345498483855,66.98218285591493,20.399576322757174,43.63470031820044
577,-0.827194294690115,0.0038055145967609504,70.12660871619444,15.753511185300873,37.73234314765752
578,-6.073758733460265,2.003823231779245e-5,77.39491576569053,18.714312416249744,82.18941113190607
579,-4.229713695192938,0.0001266828986271296,64.09761895940368,10.432258256142509,95.89599784901739
580,-1.3509828721329706,0.0022539013476415145,80.01973447262029,18.69712473181381,66.81583780065367
581,-1.6006510980341058,0.0017559226075196204,81.254456448509,16.577196255506678,38.55433045435832
582,-7.0168904411884245,7.803016244055461e-6,76.9825006393432,9.26053006269054,29.11298353179476
583,-2.9207083162408356,0.00046904207747404484,67.21249549266277,18.63192701855585,97.52698934038624
584,-8.997784305667457,1.0763939211055838e-6,79.41829558883852,20.75122940387606,43.62030171882523
585,-4.590699456198923,8.829657705349842e-5,82.32046972670936,18.233001107925794,39.24841137982478
586,-4.261858918906217,0.0001226754044858091,61.855723269446266,12.111129108637714,35.5484201602119
587,-4.097188158590846,0.0001446349004966908,66.55937439490184,14.751857599326737,50.35270059452212
588,-4.013056353112096,0.00015732983240068606,75.57063398103745,16.820300527543612,56.86398232298217
589,-0.9602457160554094,0.0033314238762060305,67.37539903150076,24.45331373215904,57.93531240414217
590,-2.0247989617607987,0.001148947788881942,63.41615525779475,16.46386080092212,37.8648075906346
591,-1.8931207958318141,0.0013106519999439578,68.3297776787334,16.870590354094844,40.27242256161396
592,-2.889914847938242,0.0004837101918232044,76.54434282474949,15.389699036672024,38.27063639352117
593,-1.9591859620597096,0.001226861836929939,83.758613397229,17.70609214012172,74.01274672844892
594,-0.2876264493070483,0.0065274676772778635,72.63348614332314,20.479568232902203,68.99564260071821
595,-2.3402050021779854,0.0008381489220024555,62.53676477050624,13.81719653536141,61.19892428450429
596,-6.632216128457668,1.1463690236677737e-5,96.60305642735976,16.099828755418308,35.411385035190634
597,-7.079935563928765,7.326260589033471e-6,80.3295312249059,22.92887266904031,67.44828594479523
598,-2.856539464526982,0.0005001266336044829,59.44969834286173,13.523754562783804,35.0749902410586
599,-4.858080188730226,6.758057632976893e-5,62.156682731154795,15.459586651329792,34.88586422054496
600,-1.474588514895839,0.0019918363540639083,72.62484241372898,13.630350920505451,35.40797973934383
601,-2.2218131068432396,0.0009434918165312239,48.57337674298436,12.394951666768424,38.267224584204484
602,-1.6202427020896537,0.0017218560657819943,75.88912132614712,24.193524661408155,72.86736977765733
603,-2.2325044703075303,0.0009334583339726591,86.67641007750059,23.37531711629903,60.99316456157564
604,-1.499263020329105,0.0019432901667163242,58.98000763120728,19.244793777699734,70.98731991830795
605,-2.228174669171499,0.0009375087854243041,49.575162120892834,14.990028136391471,34.443005259120596
606,-3.4761810587849644,0.00026913678352521076,69.02717779273249,17.894650934596573,38.15445562595346
607,-3.8303148193966847,0.00018887510541151176,59.770063015599526,16.274389772505646,36.55595619207591
608,-2.6224560208033987,0.0006320350031144942,68.67648714160363,18.066293708340833,39.16253295278857
609,-6.363233082264118,1.5001762824453167e-5,78.88455695989028,13.591890442152744,34.17047199558654
610,-0.8144491795606987,0.0038543267157179566,62.93780766706074,16.361852373323956,45.621057638001304
611,-1.8966051426112622,0.0013060931807347509,77.71768164150706,20.480913372532076,90.8706068198196
612,-4.003106568023504,0.0001589030440010168,89.77735582720258,21.97479600018133,75.4547181233692
613,-3.5453610108836564,0.00025114734209655373,80.71414338825916,16.76646465624849,36.93582758511627
614,-1.431595458886177,0.0020793390113882596,49.0884482025044,18.06140483933987,117.98216198187045
615,-4.308517289439495,0.00011708304960236569,73.73551971858107,17.459202730405593,39.1435484193008
616,-3.030465897984178,0.0004202857764884949,68.95886182698999,11.033220832116566,45.36692306218444
617,-2.348745756956686,0.0008310209799229131,83.93177211286567,20.500247932572037,108.97458718357589
618,-3.746084122286501,0.00020547341862329785,72.43804882865273,17.920482522308507,131.10891206571165
619,-2.163787231960701,0.000999858297189368,42.47656983352405,23.312753587321307,127.64500847838491
620,-1.293543260882659,0.0023871549472753374,56.59192798419314,13.294166810494549,33.7138286879309
621,-8.482781789203235,1.8014988428647964e-6,98.15001941054537,20.068749517191716,38.94033835205195
622,-1.7057621997041281,0.0015807245524196516,63.228930035236345,27.1976430660496,105.59571373298647
623,-1.1571089024453332,0.0027361083939954614,57.7603570810268,15.117873894155863,65.92295175344613
624,-1.6215705342295537,0.001719571247221031,51.270500487819426,16.940342835188094,95.83223972021203
625,-3.3060459628861483,0.0003190522349182725,70.96668461108598,16.36655302372714,57.379633976722175
626,-2.352106008644077,0.0008282332266722627,55.26962600187016,17.176764124738245,40.05912515554904
627,-2.591568975576923,0.0006518613086563511,57.112024882941775,13.099493887675234,35.973708581000835
628,-3.714283370412458,0.00021211263434786027,92.046108227733,18.800093846627043,40.3508964044149
629,-0.4273473269260757,0.005676291940565167,66.87888497084957,20.848331801796423,93.29812152280388
630,-1.4387793366158457,0.002064454821284828,67.2424000942207,18.747768605810307,42.07826868057374
631,-4.707948511625896,7.852776735149127e-5,70.8525244011965,13.19901394589945,34.1364673009863
632,-4.66874282379676,8.166765095340452e-5,86.46420834233207,17.611797360379015,50.353619071626106
633,-1.5112491143027862,0.0019201367449016007,56.290841227112075,20.367996624723087,45.675212592686606
634,-7.411842221594632,5.256989773354787e-6,95.17213610194744,20.4208376341168,42.490171788458234
635,-2.9857993745221627,0.00043948404927160277,69.90923751219472,14.321800004483835,36.82521190870318
636,-10.432544625632795,2.563673691240519e-7,101.4013260535659,21.44052210741819,57.904059606621075
637,-1.8555097716545446,0.0013608857131706888,72.75560545881915,16.91685047902199,40.22199622730672
638,-4.517763755603749,9.497721706661918e-5,72.9148920246955,21.398776408799886,45.15150526450582
639,-2.470776506865937,0.0007355542459961495,78.76847046565788,21.628722422910528,45.049750868985136
640,-2.0162038672597036,0.0011588656651888728,56.47475152001912,15.054834840056717,34.64520735504473
641,-2.8711187634105606,0.0004928880330111511,61.71513841142674,17.00551387328212,123.0629435806591
642,-1.5025714158963295,0.001936871617547247,36.51173049321381,22.75690279513045,118.13444828487312
643,-1.3375178008275128,0.002284455535520007,60.056417116541546,20.655725709983955,46.46331123986643
644,-3.3580128361437867,0.0003028955304146595,75.26168436670848,14.588366272158922,34.08627862306807
645,-2.0496498831346806,0.0011207472339040808,75.92553204179497,17.682683618534522,38.33844120907213
646,-3.8937566445440197,0.00017726471025733664,71.54181546124293,22.094626107626063,107.60100751071465
647,-0.578932559467324,0.004877891025956892,68.57177017288886,17.939380555418786,87.66860095633383
648,-3.5250989508368407,0.00025628800899911804,77.22077848533955,16.923958786110536,57.56015021943814
649,-4.048754915813476,0.0001518124507392119,74.77738607161209,13.574068510355213,36.416536954919906
650,-1.2034132688914174,0.0026123031109411736,54.045119383733386,13.250644807864564,53.6956333956878
651,-0.13690677008909652,0.007589295358990735,84.04005913764347,21.84596493557901,45.433945787408135
652,-6.618697020416002,1.1619721428383346e-5,79.8562147322809,14.30321365518623,35.624007276845916
653,-2.0755439186585347,0.001092099074149898,58.67500140707074,14.52244154146929,37.57961412142306
654,-0.5723259602852468,0.004910223984665138,59.907354497801656,20.07605543529855,67.26736740216487
655,-2.05470258617581,0.0011150987131132181,70.32151853364857,18.580426284038396,39.69223594079358
656,-1.2081502601346368,0.0025999579166033127,71.1750431078378,22.16678280343039,42.78495370900917
657,-6.558068111093482,1.2346006951123757e-5,82.13119796682288,20.231006572508786,44.64759236587153
658,-1.29012666250259,0.0023953248456846416,53.01811747704842,20.390411562646378,72.67610797163081
659,-1.155289016815966,0.0027410923320651598,62.53862657199951,18.496758968920805,39.089641222183346
660,-1.832747948662127,0.0013922171808212018,57.11317770052848,21.907321460659695,113.96759549473029
661,-0.9814139607667851,0.0032616446379746117,65.34661205849454,14.100683233859762,75.90964601814527
662,-3.142855253738882,0.0003756078114413473,77.44804669580967,14.76673437286207,102.1189951569026
663,-4.131015952563286,0.00013982404986725134,57.35115940101247,14.976198165530398,39.13559132505695
664,-0.8002188069069356,0.003909567336321923,64.82868305860461,12.447265318384678,36.13716296460626
665,-1.732594913346494,0.0015388734238498548,57.84685983793868,15.401035648781974,36.453977455580215
666,-11.513741160492005,8.695710199920673e-8,84.69090550004655,17.829019317069836,39.09684182538537
667,-3.5538227953370347,0.0002490311534148317,81.60053567488987,15.631843376981006,53.70806885143223
668,-1.9323070300884204,0.0012602857601518246,87.55204476177275,20.470402024711944,45.45445183340627
669,-4.825708306108122,6.980408217797082e-5,78.80152798808693,17.870953309418102,53.24253113233
670,-0.6922982491264398,0.004355098684017376,59.35330939169248,21.941691830153104,86.81300309787822
671,-4.0514798725754115,0.00015139933149669173,65.71121898615637,20.772257797615907,98.759687316682
672,-2.921547685424933,0.0004686485431915479,72.61204623940644,14.915446344982527,35.245743186873604
673,-7.110296270318302,7.107172801189539e-6,81.86745493671808,19.17192247966932,77.69518586312277
674,-6.008254493643671,2.1394765823998487e-5,90.93471446874425,28.053605410848093,65.47583755047576
675,-8.425799747937358,1.907132967418146e-6,86.47335798019051,19.154077138249562,38.82896393710629
676,-6.044752771830949,2.0627972153698892e-5,85.0787659352192,16.4162174456085,35.20462141089868
677,-2.67319260554992,0.0006007676130015801,89.37763562213485,17.903781525937916,37.71175273019467
678,-1.730067707484581,0.001542767392144611,67.29154039105303,19.315654886713,54.88796217798988
679,-1.564479004784872,0.001820600723206828,68.46856413240104,17.130899590116947,81.07804184481887
680,-7.828842562135944,3.464465056779428e-6,97.91784375726112,16.709062577757432,37.48759899172346
681,-6.534882349695346,1.263560279934785e-5,80.36282212679521,17.780658701661643,53.31655323129971
682,-1.7772111211426929,0.0014717238458225286,75.4551611712353,18.613881640980857,40.503295273376516
683,-1.0862705576927985,0.002936959790395638,58.50099893067417,18.12714916712513,98.23477108295421
684,-3.90538302615274,0.0001752156974732391,86.78557770270153,23.829709005757692,110.28407512811988
685,-2.930663336805541,0.00046439591862095105,72.52205242132052,18.596204075751977,39.23112475234515
686,-2.971025727299142,0.0004460250296747156,53.731334848359296,11.05979846675634,28.99906107700155
687,-1.2746153104853528,0.002432769228298354,64.31223720510432,18.386206500268724,40.937175338577745
688,-2.7243744224881055,0.0005707928593370231,48.3802641199178,14.167241844549427,54.19277572722728
689,-2.9382868353458362,0.00046086905760421137,79.42284546752632,24.83190506272569,45.96117193714136
690,-3.346273583082459,0.00030647225063365713,61.02203661145869,24.532302648259567,91.54324987703205
691,-2.4484905634354885,0.0007521307922237308,48.32129586792932,15.376101436424166,43.0248450890696
692,-8.383694057716097,1.9891486644169825e-6,88.42770649803727,16.090055779023572,37.4539332323433
693,-1.2020640931913853,0.002615829945444295,68.23276431150366,18.830919490887908,45.15411965103452
694,-1.7959263727848827,0.001444436306754923,53.311744626928025,18.977369687577152,75.06987180196232
695,-1.4597715501555906,0.0020215690533047625,55.55845909793925,18.33406966754349,52.02804261225526
696,-2.7892685465353493,0.0005349280498317208,73.39714999342941,14.490130224891622,36.58504918773096
697,-0.2240020566135426,0.006956270357175539,69.51746312306864,19.780550067424986,85.24246328672805
698,-2.849296083163612,0.0005037623932421522,39.30891464111931,15.054370695156816,55.55386769046564
699,-6.319592942020533,1.5670937089363803e-5,95.19490608226555,16.897857197597492,39.16227277946972
700,-1.3981027059481468,0.002150161193738705,55.870615433423794,14.585571444299084,35.517973457328985
701,-1.9789841933132308,0.0012028110100772208,76.08104683292443,30.17450782964654,120.00357328495222
702,-1.6524515173870657,0.001667280743026187,62.046440912785954,16.600297104404802,96.06329864967049
703,-9.099704485458544,9.720931095735195e-7,96.96971695054727,17.92549556154868,98.02030050639911
704,-0.9644454422012232,0.003317462146492061,61.40888260148813,23.15916771149955,91.22072050132354
705,-7.825597748265404,3.4757248591517596e-6,86.40332996141794,18.901442746677713,48.24332668655585
706,-4.730252923744622,7.679564050977122e-5,96.17547205979851,16.13085369904466,39.35039321805848
707,-2.5262462905892007,0.0006958641868813729,85.32053826630802,17.10053923269984,56.522695516536764
708,-8.160508617136097,2.4865399876741215e-6,94.43867181990203,18.337357056320638,39.88810668240093
709,-5.983358889401858,2.1934086954259006e-5,85.49037239594226,16.736751591642822,93.53823026724115
710,-4.230398190142942,0.0001265962144935778,87.29683916860468,16.739703983381816,34.23822029196279
711,-1.9294126067058837,0.0012639388449613655,82.4568338962463,20.92217057026392,68.54119287004958
712,-0.636868060953424,0.004603318507874587,71.14518397230687,28.028400665691453,92.22788356436783
713,-2.2912063521769657,0.000880239866514071,83.73094071742258,20.578022696915482,41.493765639445
714,-3.652029751161992,0.0002257370998018447,94.0078688787588,17.924862134290056,85.20753102200072
715,-4.573601782323029,8.981922289049354e-5,68.65958335258888,14.15581071860853,33.73135160214529
716,-0.40363919330774145,0.005812474162844278,67.13143756668589,22.409436571142397,45.339530570936866
717,-5.227224195685301,4.672019920918519e-5,85.25756925803829,20.73013499326858,68.28734654424856
718,-1.9546155032234473,0.0012324819920138154,65.59828094814013,20.913139774233635,89.56396150417213
719,-2.1921265350130543,0.0009719207450079436,59.09306653018758,17.71246892070066,45.11430926217446
720,-6.810997917725815,9.586950783063911e-6,90.03888986060468,23.733343067697938,83.33290075100038
721,-1.0966912351921083,0.0029065135901221095,70.53263598009386,25.934460654317743,68.32061838441906
722,-3.6860852842367335,0.00021817893172462386,90.29136843258584,17.681577259751286,38.85886741660687
723,-5.0963624037810735,5.325216144649886e-5,90.96277302575689,21.07085172680082,41.64529933397494
724,-2.4484589602815263,0.00075215456230456,79.90769792439674,19.955469990285874,40.097743512151155
725,-9.475164714204533,6.678017598953686e-7,103.57623942521967,17.488175468492443,36.17324787019483
726,-0.1879510379638623,0.0072116262535855645,76.45777732330137,24.899609452784933,103.0924898826542
727,-1.824055900676364,0.0014043711442592623,57.560633853533055,18.838917569038006,106.42124284345334
728,-3.1621202115732427,0.00036844099862044273,63.475080546965245,16.572819109408854,37.768493102180756
729,-1.8604834779529222,0.0013541338720837656,66.10988043454222,22.53278072047233,103.36320879367074
730,-2.8158982703570343,0.0005208710611538521,51.00310994382683,11.885894391455173,75.44195503810717
731,-2.2541545602492103,0.0009134660750890093,73.9467880811857,10.362871823323232,30.440521631125154
732,-1.6606189491393497,0.001653718799857813,56.97402276802706,14.623554640462405,140.3319531678107
733,-1.5738768852693807,0.0018035710818056117,54.98594287499829,16.069843823678088,123.79304841818085
734,-2.766850373346503,0.0005470555902351993,74.56455174379072,12.084778351268268,127.52201247255624
735,-6.1590668504497925,1.8399692410261927e-5,95.10156006942239,14.96606585048142,37.904357214561344
736,-5.0630752030194826,5.5054609634257516e-5,77.98131289147082,18.48925805844444,71.77950377514588
737,-2.753982019215097,0.0005541407849248975,83.24454170478468,20.270566331208812,41.55586108969844
738,-12.469638540854152,3.343213409848769e-8,110.6933667022559,20.66005216036369,42.92196281361275
739,-4.520331830252235,9.473362140308692e-5,88.00556743477708,18.050962906855144,40.47865851787301
740,-1.4636869574203941,0.0020136692626881885,63.82442229881591,16.924271578308385,69.99563944630822
741,-3.272193629841014,0.00033003779171445337,68.08534293673962,21.30137438109907,43.92526236473273
742,-3.5715042636123213,0.0002446666163956692,52.9077086464336,11.83977331123546,102.26820300303761
743,-4.386012077983392,0.00010835238287301668,97.19577157896202,21.756714648836113,126.69727105371751
744,-2.2817790471118524,0.0008885773947280667,57.99747442653661,15.860153675395884,100.51867094208623
745,-0.539548416977953,0.0050738358128582664,63.34488543045168,19.535839513201054,46.22557874590663
746,-2.1548250281690513,0.001008859506097018,80.9408119477522,18.949483438288617,52.06836185121344
747,-7.304055359843713,5.8552894853706e-6,103.04178402387008,11.7762569810744,30.580668401291984
748,-5.972258916652408,2.217891097801825e-5,66.18045841628373,13.78162004061905,35.09276809857454
749,-2.0704992625441876,0.001097622257990264,48.149547336066576,21.091156955408266,68.47517308874217
750,-0.9756084480967548,0.0032806352289656408,66.79926198425845,19.472420539002794,93.36569780348576
751,-0.857593641624256,0.003691570131664819,66.86251466251578,19.927120008986325,86.53362123305212
752,-3.945195742473476,0.00016837692300289883,75.15442700591254,20.181990878396107,67.37946989165127
753,-4.292925206840205,0.0001189229246499494,62.9901414269445,18.36635826042646,41.672945223821685
754,-0.3870696543485941,0.005909586511520588,83.64124865221325,20.584507197022933,43.311618616435
755,-0.8181908640891977,0.003839931988136804,61.41252805257293,14.552998970491155,49.156117609469504
756,-2.454119262745222,0.0007479091664296882,50.21777972710655,15.52300623560919,68.8873750950891
757,-6.721028530941055,1.0489473884539022e-5,81.55760204103822,12.709235059873066,33.343869524312055
758,-4.072067759520322,0.00014831420625244818,75.19432749962135,16.278418873536488,51.325942904973616
759,-3.616937722124737,0.0002337993048969655,68.81396616056985,22.161443365443123,58.22695040118223
760,-2.9593067164702758,0.00045128274929161504,69.96839966681648,29.10161134151979,80.77490526280846
761,-0.9163638313614917,0.0034808679992180624,70.4435177904904,20.055380083078266,79.33983297594465
762,-1.4720674913648994,0.0019968641553220505,84.49666587746441,18.91388953977618,41.87705194864243
763,-2.6881236255427465,0.000591864173881565,80.56394567108828,22.29869794226874,60.59777196846278
764,-1.335012187482835,0.00229018667480628,43.61688146483472,18.736787416407275,71.89267977164863
765,-2.545048139854514,0.0006829028833941723,66.97354186731631,10.018078941666328,30.376444378129538
766,-1.4020866388628375,0.0021416121365296333,72.52910001144886,20.356725898463985,44.769293034087184
767,-1.9040057517739464,0.0012964629742243932,72.59240579567536,18.44694901120675,39.41586775564805
768,-2.303231029624631,0.0008697186499346267,59.425217443233244,17.213313039679026,39.43076298672972
769,-1.4784543498773084,0.001984151107926811,67.72350462603653,14.263926961329389,48.32286420480017
770,-2.2331754296921362,0.0009328322314115247,72.08225827528238,22.79118175478859,65.78690368687168
771,-5.216982468328483,4.7201153448584505e-5,83.09866421741445,16.948386641942427,41.26592443704284
772,-2.2194885888208398,0.0009456875312632801,62.511416139431475,16.523291173856144,38.35692143128061
773,-5.290188154763672,4.386920719508755e-5,97.04484430917431,15.318862907540979,34.04865473494057
774,-1.3496976514024666,0.0022567999706642203,61.960161089604064,14.795477528194512,38.551335336284815
775,-1.3948899022334065,0.0021570803486007737,40.30989625571296,12.489520907680124,90.50435112679921
776,-4.305463199249602,0.00011744117839600716,82.7662516009849,14.829854657430642,37.062309980967726
777,-1.5930058260520281,0.0017693985614608682,68.64966534563327,20.57802374380486,57.50314467524376
778,-2.5366040470439764,0.0006886937938056997,59.3091855115843,17.839213705977954,46.233957327286085
779,-1.9871228379519197,0.0011930614864680352,50.83651809982503,26.729657409746235,95.01295435793975
780,-3.1376516103503294,0.00037756743471451513,59.01760601046993,16.784083470371044,38.11529667641226
781,-2.291790299133431,0.0008797260031721299,68.87943412391725,16.285011260805565,54.398953884770165
782,-6.766704333386963,1.0021136022251936e-5,89.30802959792597,17.12373581113999,36.92888838623008
783,-13.095352419892736,1.788216159799818e-8,105.1405061915671,17.472483030243396,39.164093902012475
784,-1.2662442252499462,0.0024532196234451874,57.28623478195833,17.334495082667207,53.15711443877608
785,-0.6780456639621709,0.0044176145469746846,48.96317650345276,19.044563538148527,57.095371453587916
786,-2.50711054520122,0.0007093082879934722,75.05813339068024,21.327371569429403,52.81697691555825
787,-4.030964507114149,0.0001545374236035125,63.895986198345724,9.92639579655477,28.830679476857835
788,-3.4871249858423483,0.00026620742875753416,71.53801157403038,16.819622935807196,36.468055549570465
789,-2.901009087445146,0.00047837345336847995,74.47890473487988,15.399161440176076,38.70880484222687
790,-5.7611723880196255,2.7391381224789467e-5,80.60492168652794,24.119437396066267,85.74809428730454
791,-2.9993368681359365,0.0004335746263967469,84.03329124254766,19.77629626528326,41.94506577351868
792,-2.2334626390586463,0.0009325643517278994,49.282127242568365,16.89456670050725,101.2792860515224
793,-1.0701138444705993,0.0029847968113812517,59.50574749059794,15.331246961564018,38.96294969950606
794,-2.531703236163529,0.0006920772358765947,54.24740639038134,11.717767625568962,73.36762462882736
795,-5.305338746670379,4.320957228694638e-5,92.39682341997982,17.157580554749543,35.545459377451266
796,-2.5764561211397816,0.0006617876121888963,70.66379112735666,16.583221739915878,36.758358717392085
797,-2.2254100646410473,0.0009401042124714343,52.539947739462114,15.896636596262535,60.55543356971127
798,-0.7016863804923554,0.004314403768958118,63.93611615733472,19.12249788937287,110.11314604290683
799,-1.984645327852662,0.0011960209729147844,56.89615118296309,16.216904489465122,101.99939542515271
800,-2.8082567171600297,0.0005248665715866206,68.14272167376483,19.310395891587067,77.14888460236165
801,-3.3121129129839617,0.00031712242089248425,86.58336874883837,15.68056701281056,36.22802186177367
802,-4.568297701587164,9.029689699145838e-5,76.71520021037296,20.972300029438923,45.7141920140117
803,-5.2373306680779965,4.6250400806779665e-5,92.54496003785184,19.92293041789908,39.33180992774825
804,-1.260609477136929,0.002467081916676782,67.40346481161437,18.92102949785068,37.9689786559167
805,-2.8184738173185924,0.0005195312593767565,59.32586404747331,20.41536066015027,54.56179496442759
806,-1.6352627636616581,0.0016961869401620345,72.73698954979523,23.459845356116656,50.462998710034675
807,-3.8967786033614025,0.0001767298321999472,77.43702326469027,17.50729017024211,38.4917754331108
808,-3.042926347068002,0.00041508131924518826,70.78592855845497,14.946807222063008,37.249311868522845
809,-2.1709639580770697,0.0009927082755973066,58.25955264064049,11.884641380702394,33.21536781726225
810,-0.23346696892201102,0.0068907404747510104,74.16824926893142,24.305400238169312,48.479284917998086
811,-2.6202700613169796,0.0006334181171902103,69.02509421373628,16.574668462301652,38.65092493163567
812,-5.280703337366983,4.428727814377885e-5,78.16231868015576,15.624313253264708,45.48449714596463
813,-3.695848728477403,0.0002160591190657966,74.79982273195438,16.191814020692114,36.3970507359018
814,-2.47411217049085,0.0007331047720354285,56.426170143348045,10.94390171483925,31.354427033843546
815,-2.8623356343351003,0.0004972361995260649,85.74215571277104,21.218315238488472,43.59862190663822
816,-2.588383961456298,0.0006539408059853663,76.54975188550178,14.752116636848521,34.12997173353115
817,-3.1936652629257685,0.0003569999119588152,57.34753950757114,20.321942539825244,76.9129219863176
818,-2.4051496459268815,0.0007854455623917225,67.75391802676282,17.477356247964916,38.456807634839734
819,-0.9807897827588167,0.0032636811203250755,58.3702810853736,17.004758837764104,130.21334663284512
820,-2.856489764206459,0.0005001514906761723,44.26147837917794,10.71024999145121,60.65916175623964
821,-3.7234511727257145,0.00021017691435498977,62.25888463415871,11.217379034398695,75.39530417849465
822,-0.7937171612496561,0.003935068768622548,66.93092055911634,22.126217412672744,110.44102911164605
823,-1.6895785045257528,0.0016065146433298972,49.46228318786804,11.348583738633936,33.90343295320932
824,-1.4282564143881986,0.0020862936212880908,88.97685025696886,18.47501959993989,80.66866016247367
825,-2.938765949960533,0.0004606483013912386,80.35208738974846,15.306730814167132,36.648840749579534
826,-2.0130647026935993,0.0011625092511377624,65.66605952375815,26.04292464478769,80.75299600417274
827,-3.9962253856486463,0.00016000025555363464,59.49781083820431,15.989146740953363,35.04996370772328
828,-4.618967441721337,8.583555858571357e-5,31.607342910366132,18.33088408877876,65.0663566826069
829,-4.508757645739816,9.583645570916837e-5,69.79531893544953,19.056953463412828,41.18055066148183
830,-2.0175956444048975,0.001157253904307863,48.13200987496526,14.081602193774675,54.42835753167712
831,-5.862754999718409,2.4745553056167118e-5,72.68695106933228,17.85571738416051,93.25748798636803
832,-1.3197659525290848,0.002325370931118606,59.386854771161495,17.91197415304931,45.74400791833874
833,-4.357452371008732,0.0001114915080577432,59.64419575469698,11.018746368367237,33.75002877099685
834,-2.1647913511600954,0.0009988548241640647,50.79093836500284,10.363526610307778,30.79832409673284
835,-1.1661151359108728,0.002711576996574481,72.53304105655664,23.672722882548275,95.48803505029362
836,-0.5225282684055863,0.005160932347666385,75.6630907534348,20.171700623804792,39.278760444545135
837,-7.344643807251142,5.622390845782368e-6,104.73431846754976,20.480213775786297,40.53605490491218
838,-1.8076463312255808,0.0014276063888809501,73.17983931586436,16.79412402657844,38.48505824969163
839,-4.011802635383122,0.00015752720329870778,67.8333730094514,18.082347192011493,49.42240327216784
840,-0.5753677731623286,0.00489531069533591,72.87307779942292,21.97700571964419,63.83393353187381
841,-1.4099073024850437,0.002124928631475177,45.01314009447362,23.710288130330905,72.90515815357715
