year,mean,median,p5,p95,var_total_gmsl,var_internal,var_emi,var_clim,var_brk,var_ais,var_gis,var_te,var_gsic
1850,-24.015771188916002,-16.914358749999998,-68.30169344500001,-9.0468171,545.900024796188,165.74018983600436,23.387769536220326,284.2217012435785,37.728971127254084,103.89621920623682,146.5799530167052,0.031960967718041924,16.50550475706342
1851,-25.134839391416005,-17.604288999999998,-69.12439492499999,-10.86372701,538.5996222637506,165.61127751098346,23.3768783204311,284.0063524660666,30.775713501606706,96.40727242999957,145.9387378816731,0.023984395185042463,16.670182250679215
1852,-25.359565234916,-17.832936699999998,-69.33962446,-11.073398275000002,538.2838607448206,165.52002507712,23.37167146126829,283.8527808867013,30.759877661247234,96.3042985194355,145.3973474380226,0.031272882568497286,16.823452922250613
1853,-25.331548326859995,-17.797972199999997,-69.28258299999999,-11.0610473,537.9639185355697,165.42478911233763,23.368345274657948,283.71216803256283,30.715740640984613,96.20634013523255,144.84889169422672,0.0319657260499654,16.981485718541155
1854,-25.252243269284005,-17.712878,-69.17285804,-10.993445870000002,537.7427596834445,165.3737531749453,23.36869129256542,283.6198819158499,30.665694389692188,96.11500435526348,144.40116973585268,0.031214744301963845,17.12538057098445
1855,-24.8933187062892,-17.343670799999998,-68.83729727999999,-10.661886355,537.5012180695408,165.31904877960483,23.368152034543712,283.5251866446857,30.588540799484093,96.02501612862098,143.96442069730688,0.02304580761890329,17.26360278995329
1856,-24.540358446721203,-16.9651851,-68.53001352499999,-10.339073205,537.2871576980201,165.26519371658057,23.368131049812902,283.4515347957963,30.514074685032725,95.93758583032492,143.56298490000964,0.016265329330138308,17.391608276416974
1857,-24.567852635749198,-16.993368699999998,-68.58552139999999,-10.3640459,537.1210454814997,165.2170611765305,23.368677323978513,283.3925637238245,30.475623897949326,95.85203769687436,143.18111245677554,0.018001272634384318,17.519993112135843
1858,-25.886615110288,-18.362458750000002,-69.85677892,-11.631213305000001,537.0720178185074,165.1888645350907,23.371641207303327,283.3464432364838,30.56169158701956,95.77045792022558,142.8475289717752,0.06028628208015081,17.635705753698417
1859,-25.166856781868805,-17.5947811,-69.2080124,-10.958052,536.9160955794766,165.16739573398627,23.37380915707126,283.3107940549836,30.45054158561896,95.69189321329482,142.52863517130714,0.03625773526577162,17.75469495910895
1860,-24.314905424288156,-16.716816700000003,-68.36561477000001,-10.159891300000002,536.8151793855696,165.1622877766345,23.378775610601302,283.30544893787936,30.336462619863433,95.6163950916327,142.2677528879552,0.015820371767666663,17.86243503903926
1861,-24.44935669060256,-16.8487254,-68.508505755,-10.296698600000013,536.7829546106134,165.17051362085402,23.38547435179643,283.3029390317631,30.309393162117434,95.54005919571351,142.0083739732508,0.020006038166496674,17.968562706700784
1862,-24.584128619321604,-16.981683,-68.65251557500001,-10.421301060000005,536.8034419828195,165.19159006324145,23.392596387754526,283.33167931879353,30.283896525464414,95.46918849885509,141.8034616743425,0.024507244263199838,18.069006029892257
1863,-24.29110230880112,-16.674935835,-68.38534700000001,-10.145248485,536.7551913151688,165.1991102245776,23.397339306678987,283.3317094914761,30.22235713145895,95.3973351064644,141.58227225551886,0.01870968065995867,18.160890297086308
1864,-24.152439765980482,-16.52472295,-68.242171,-10.0332365,536.6963463791169,165.19898711288596,23.40034409287541,283.3205845839418,30.171054990373623,95.32809126791686,141.3927530469729,0.016818572157479873,18.2337123329289
1865,-23.9241047729472,-16.29218055,-68.0280587,-9.8270664,536.6559588042114,165.20497505277896,23.403991541478856,283.32255319877333,30.11606905502851,95.25963952087268,141.20485315658513,0.013284067433203485,18.310571694772456
1866,-24.9501021375208,-17.3223676,-69.035644085,-10.815144895000003,536.7167196786341,165.22359774903782,23.409883112427845,283.3531138456129,30.156862714611652,95.19664677148904,141.07198999699506,0.041172869278316246,18.375997179672453
1867,-24.322097078511124,-16.6838774,-68.45196200000001,-10.2179612,536.7289744391941,165.24816580948954,23.41703600099138,283.3977728860241,30.07206696181587,95.13724647558622,140.96132673512096,0.02417110397522155,18.438204728508605
1868,-24.5460215340232,-16.898622600000003,-68.67959300000001,-10.4436024,536.803059290146,165.282618133791,23.42412726822705,283.4567368815134,30.053570285496264,95.07946362477347,140.86625636581087,0.031821052910604684,18.501357070889334
1869,-24.278799487452243,-16.618373000000002,-68.416582,-10.193978400000002,536.8329852851897,165.31325431267797,23.430697897455477,283.49528286304206,29.99804314770576,95.02559645333251,140.792844951444,0.02587226119617718,18.54649597491467
1870,-24.287707598666,-16.6188678,-68.441754,-10.205440217000001,536.8849158301612,165.3393594745138,23.436890162910384,283.5479540925685,29.9636772160497,94.97423914213405,140.7361062673337,0.027602151359970538,18.586973030402874
1871,-24.2811557207408,-16.602774000000004,-68.4459607,-10.212807849999999,536.9191011263773,165.36789348399807,23.442440041797596,283.57985114847014,29.929394660929848,94.9287702569581,140.7075419351929,0.028918235811437352,18.613677650530438
1872,-22.752145871481886,-15.030246,-66.948893,-8.763659723000004,536.9081397699671,165.39414070661948,23.446844777014626,283.6113269118216,29.80699846771532,94.88601140378748,140.69177838956523,0.0025303691507687575,18.634092204138874
1873,-23.32271122972968,-15.607878190000001,-67.520863,-9.310816725,536.9447186697661,165.4115903452075,23.449810305056374,283.6467833816888,29.80303746559538,94.84523081539311,140.68026184214236,0.010449340818233448,18.653330584420303
1874,-23.971914636261918,-16.264420100000002,-68.161038,-9.938180670000001,536.9550368061522,165.43896267762574,23.451168572328783,283.6400893787946,29.81044331580134,94.80812231540472,140.67666510992652,0.025365724793593655,18.661127484551653
1875,-23.541407075230246,-15.82016943,-67.75608096050001,-9.528775730000001,536.9419414257873,165.4494046042658,23.450852972137007,283.656165157916,29.753679407749846,94.7702535768682,140.67169743253297,0.01651163587235694,18.669750199922543
1876,-23.660908758103762,-15.938742835,-67.8726628725,-9.657198155,536.9083469298439,165.45151252061947,23.44878404041899,283.65153164602077,29.729383465962446,94.73547440633807,140.6681018709402,0.02048766710500149,18.66888766258212
1877,-24.4941109936296,-16.7900096,-68.69888800000001,-10.467144460000005,536.8874578334246,165.4413281458906,23.444896681199168,283.6500432448005,29.751563525859893,94.70095729165087,140.67084093946553,0.046428357410305536,18.658817396036685
1878,-24.121183629818074,-16.3868414,-68.35312028,-10.116137695,536.7829593318177,165.42095174480346,23.439051268796327,283.6131602568768,29.696755642953367,94.67156023090362,140.6755939699881,0.03586728549035975,18.64289510509398
1879,-23.860055862762398,-16.11868955,-68.044916748,-9.877241000000001,536.6632060273747,165.38486802340188,23.431395579533465,283.57620328979976,29.649933600937892,94.64270053156983,140.67817235291332,0.029960142433957827,18.62285201538496
1880,-23.695566141288403,-15.943084500000001,-67.85411094499999,-9.737660435000008,536.5295829385435,165.34504715265658,23.42144637138551,283.52504105232725,29.610595643152607,94.61534144800474,140.67751692394714,0.027123089816929624,18.598693408212483
1881,-23.327049460209114,-15.562481499999999,-67.50089142499999,-9.397391019000002,536.3219065757397,165.27555727379087,23.40863969268193,283.4419325230986,29.561717099697166,94.59291133575847,140.67145762882228,0.019529657764219298,18.56191836821663
1882,-22.65853297856434,-14.87881754,-66.8630203385,-8.777466440000001,536.0819075171809,165.1952024518287,23.393084309018747,283.344364196188,29.5025868471261,94.57261681676253,140.66137140840246,0.008221501514582752,18.519144897033954
1883,-22.513099864708202,-14.72791788,-66.70377935674999,-8.658973999999999,535.7988965491129,165.10783158355196,23.37455352171192,283.2095960009961,29.468907036276743,94.55464200071688,140.64031529231423,0.007122216857026583,18.46715995547814
1884,-23.07240563193324,-15.294930999999998,-67.20084815299998,-9.208682730000001,535.4777429763427,164.997332925762,23.354427626101273,283.0512365385647,29.463880560125755,94.53881705184848,140.62061746499978,0.018213084810618497,18.40253221274243
1885,-23.633398705663577,-15.86442053,-67.70225974499999,-9.756889600000001,535.14208334528,164.89926396146927,23.338487078683716,282.869183115264,29.458878113669044,94.52453780735236,140.6322025640763,0.03408540170061741,18.321953564719475
1886,-23.76365134164345,-15.994242285,-67.825782795,-9.905978305000001,534.8341872671929,164.80946587119476,23.326114555785136,282.71360100000453,29.428897505543794,94.50970809196997,140.68573674747944,0.03960784800745415,18.228942207138456
1887,-23.30057650265812,-15.515139000000001,-67.37207169,-9.48474735,534.5370699798492,164.7278551515832,23.31135315730621,282.57286366432436,29.371018890637757,94.49195979812164,140.71257661839235,0.027394007484239147,18.154170970282177
1888,-23.471665471672313,-15.686028048,-67.53753775,-9.67317085,534.1995207668494,164.62357508932223,23.291028090641817,282.4081690515813,29.34689100105829,94.47716728699459,140.71489713555027,0.03390531198414819,18.07817116342302
1889,-22.350991494579556,-14.547252165,-66.44982369499999,-8.610892569999999,533.7474778292582,164.4855963063581,23.26427507333362,282.1838166877891,29.27296772941678,94.46712560670215,140.68920008925033,0.00953522399716236,17.991378765867683
1890,-23.06495423666423,-15.274744734999999,-67.1389568765,-9.320455350000005,533.2484540438929,164.32897263032856,23.23213317038246,281.9271339131858,29.270534537517264,94.45969511988811,140.63997448972563,0.026034552543538866,17.898076527720033
1891,-23.831306717323397,-16.060583889999997,-67.84038048000001,-10.06266107,532.6201908177361,164.11058100822277,23.194878818450665,281.5986173214323,29.280553676898318,94.45734018755648,140.5498825094308,0.05215742253735427,17.79326805027147
1892,-23.113685018850937,-15.325228200000002,-67.12672007500001,-9.406099300000005,531.9560293026498,163.8925772536126,23.15664673793954,281.25977935933344,29.22037856374115,94.45550794013366,140.4631971928952,0.030511757082588842,17.684744898186942
1893,-22.189004170109918,-14.395250999999998,-66.17473873,-8.534622314,531.2556959937377,163.65162711177265,23.115210718571856,280.9070828829217,29.161887244262648,94.45526004245345,140.3599752010546,0.011050419088140138,17.575202513950725
1894,-23.77212660158253,-16.0043612,-67.67720923,-10.05602368,530.4998112329043,163.38460386857847,23.06807744834616,280.50793677679275,29.198772291211416,94.4570901118541,140.2269080678524,0.05749843546313603,17.460572697636564
1895,-22.892148228358533,-15.110630149999999,-66.802591806,-9.244520621500001,529.6625147243598,163.11193168032065,23.016459312374828,280.0662928384087,29.13789277622586,94.46001538107241,140.069596408528,0.029894877151435992,17.344114001104966
1896,-23.672723878682767,-15.90978153,-67.492831717,-10.0140090915,528.7363297809557,162.79825559193065,22.95848247697669,279.55903507397824,29.148476087652718,94.46532178561505,139.8765005673511,0.058901574101497656,17.214380498044427
1897,-22.356529193556756,-14.579195799999999,-66.190965735,-8.79375055,527.7846767369642,162.47894961178594,22.89806818648405,279.0528766315196,29.075324070280285,94.47063214493751,139.67818799452434,0.019912666589025668,17.08675768205877
1898,-23.149500868210772,-15.389027599999999,-66.911274473,-9.579908340000001,526.6770389412919,162.10354800812286,22.831345648302644,278.4474307116865,29.08197120617045,94.4802909364467,139.41651427141935,0.04513170733859047,16.948280157269558
1899,-22.374652635743722,-14.609753699999999,-66.0973847665,-8.865771936500003,525.445694025895,161.6931962464163,22.76046565817203,277.7741820656619,29.036975300182853,94.49215175825798,139.1112693160921,0.024093547156599553,16.807394944417297
1900,-22.738695284621528,-14.986979000000002,-66.384586158,-9.2431686135,524.0965204728285,161.22777104196274,22.684128587518895,277.03387100158966,29.030731577151723,94.50618823722895,138.7630220438831,0.03672633312329218,16.65390298276917
1901,-22.43342204924534,-14.684529999999999,-66.014048587,-8.980061325000003,522.7003813855015,160.75099221956222,22.60473031660052,276.2689183522177,29.003899286874574,94.521076985344,138.39568560681067,0.029943505152659,16.49887062947816
1902,-21.234162332046974,-13.488374199999999,-64.697381215,-7.860518000000001,521.1401908665858,160.2216277275161,22.52005384643638,275.4312310267629,28.95352147061249,94.49704504075895,138.00051435920707,0.0067573307092842925,16.334281889648576
1903,-22.08238821035646,-14.35281905,-65.47887625,-8.701380400000003,519.6487025722746,159.73370382794172,22.43452476996122,274.6000245324386,28.952600696125263,94.51402033466353,137.611219598577,0.02506864857412295,16.16533989910656
1904,-21.787857328301563,-14.069884900000002,-65.12350288,-8.447459535,518.2144583134603,159.2414573139354,22.351752049422284,273.8272472223514,28.923357996696915,94.51582282925075,137.26602973559764,0.01960276047420329,15.989484188963862
1905,-22.24041048415492,-14.5191228,-65.54039976,-8.921245,516.8021499110821,158.76013771131113,22.27554323228758,273.08707006274454,28.910327574078202,94.50559856658533,136.95558272651442,0.033362094057475145,15.815581024641954
1906,-21.516406665261023,-13.8123095,-64.73554669,-8.2505701165,515.2616689421807,158.23824668801893,22.19234828202278,272.26358887839535,28.869317363321215,94.48436849428307,136.5939090070438,0.01675171110912784,15.641292267057365
1907,-21.21409463937087,-13.511151499999999,-64.355884055,-8.006115580000003,513.6121936852004,157.68497222178578,22.102753956832565,271.3879773638004,28.840448985718023,94.46548610667143,136.18512980371236,0.012413257803196074,15.463308880237532
1908,-21.82470647908669,-14.1388967,-64.892028095,-8.629909300000003,511.9458690498668,157.13345189209673,22.005440992325127,270.50407510281207,28.828513879685296,94.44617201883713,135.75847906830876,0.02811280594704157,15.288260517895825
1909,-21.72415630123307,-14.053158999999999,-64.724417925,-8.570409265000002,510.1169123043844,156.49622177909353,21.903073793074814,269.53484549053826,28.797175811332192,94.41734608222451,135.2663492456424,0.027449128850682063,15.111458457178248
1910,-21.556837662028695,-13.900911559999999,-64.483373065,-8.4495883,508.0336190921913,155.8199896896474,21.79155744449513,268.4059062441009,28.763569622768998,94.35451970318213,134.7038927660507,0.025255557893713563,14.921172684641075
1911,-20.79941281846954,-13.166563,-63.67054206,-7.75522592,506.08393949254463,155.18114846444615,21.678565565511214,267.3219458557225,28.722418174482915,94.315079467024,134.16565471154044,0.010882622191522986,14.738320096943607
1912,-21.239180305467055,-13.6118895,-64.0254208,-8.2130115,503.90376224731756,154.48364464207924,21.5585213967968,266.11983684753386,28.688750300987525,94.23095208945084,133.56767034868568,0.021773143291206706,14.554905390958519
1913,-21.184234942761787,-13.57267389,-63.86274813,-8.200072852,501.70336348582885,153.75939291031528,21.43897902944613,264.9318996440601,28.663364219220217,94.17372239228648,132.9579414367223,0.022422241392953547,14.359785910539465
1914,-21.171170554482778,-13.57333156,-63.73442127999999,-8.222929999999998,499.51577784584595,153.04504175371156,21.323219995588744,263.7476336928572,28.63309857806737,94.11232320282546,132.3768434975212,0.024120960873226644,14.15667827376613
1915,-22.23620734711494,-14.6696642,-64.75317474,-9.295049940000002,497.22060556459667,152.31255623259057,21.20648268147394,262.51725122024243,28.61428125610418,93.9970732933122,131.78318111237925,0.06171705072920165,13.961520519309863
1916,-20.281706936419603,-12.715825200000001,-62.712070100000005,-7.44464641,494.6454872010667,151.4833573033983,21.080320996525142,261.1437473150794,28.532495219575967,93.82129334156647,131.10446939279575,0.009166435239338216,13.762955097331174
1917,-20.403327088862,-12.8655592,-62.7457328,-7.611509400000002,491.9914852652404,150.6439997178841,20.94537070092644,259.69531422920727,28.476299378355435,93.65404706904529,130.38136922366763,0.01298222390141496,13.565603919113286
1918,-20.568963815951477,-13.0463497,-62.81277419999999,-7.81978136,489.1272221966688,149.74006584694362,20.801037864892486,258.14325673735516,28.420534559516682,93.47671405259017,129.57885510354987,0.018178497692760986,13.357239398232363
1919,-20.3797386572592,-12.879083600000001,-62.51774185000001,-7.687757450000005,486.3718710305413,148.8708232860058,20.652656597529912,256.6569028536905,28.36333336678768,93.31140749194557,128.8023562386526,0.01611872323345989,13.152760712224271
1920,-21.40107770713292,-13.924935099999999,-63.453833,-8.719270321000002,483.6361451924871,147.98932182600723,20.498995732814006,255.20070390414008,28.33549929786341,93.17416688998502,128.01781883970358,0.047477456456168896,12.950434510453732
1921,-20.250337206062,-12.7933893,-62.12296705,-7.666595730000002,480.5327607498789,146.97962103975252,20.334710124218585,253.57546184411288,28.25489460967019,92.92742343636526,127.14301210377123,0.017388398821673357,12.744270706778167
1922,-20.952985639290343,-13.520020800000001,-62.714287,-8.390414828,477.19144155903473,145.89181382755385,20.165132498118854,251.8692966231466,28.19307686536666,92.6496079842918,126.20742327145342,0.03916189196099425,12.537373481678745
1923,-20.492576653203088,-13.090726,-62.09318685000001,-7.995244,473.8414922279283,144.80855205275097,19.9933706477936,250.1098729742016,28.113487092665743,92.37381205028235,125.25714085093249,0.02834263969497081,12.327844697073191
1924,-20.198860504437597,-12.823953000000001,-61.631687,-7.7806049999999995,470.47513581785887,143.70782784180773,19.82017585981911,248.34285168682192,28.038678493387557,92.09590879450593,124.30733584728024,0.023414215032544216,12.116990359611489
1925,-20.36772749818408,-13.023766000000002,-61.686000265,-7.9955337,467.09543076629325,142.6449531718593,19.643679800211416,246.57282661487906,27.97153768110789,91.81681559452042,123.3497416890315,0.03070760575360315,11.908547613496575
1926,-20.3573656308856,-13.041695,-61.564026975000004,-8.042087368500004,463.4299060230573,141.47578642800465,19.455070818671864,244.691847588755,27.892904485540797,91.48379313265575,122.30299657310654,0.03348101506690185,11.69277780104341
1927,-20.1239377528392,-12.843542710000001,-61.16014944999999,-7.874020000000002,459.2217651606025,140.13114860070417,19.25778911445501,242.54958256614282,27.777080072325504,91.01054367478412,121.13804179862346,0.029870662698118385,11.47182297991226
1928,-19.329728274956803,-12.076438,-60.168304000000006,-7.174799560000002,455.2117381963097,138.84214123492632,19.057586042662574,240.4602583214766,27.65679099700237,90.57955949587851,119.9986589905918,0.013787143415181058,11.256457671028517
1929,-20.2011513520592,-12.9949528,-60.85201525000001,-8.0744777,450.9001541358459,137.47289247939466,18.848546416911717,238.23925381760284,27.532759996243534,90.08893293198496,118.79861930379681,0.039199726289611415,11.039354175547118
1930,-19.6318799482992,-12.454404,-60.12553494000001,-7.593763000000001,446.59303760556844,136.09197909823263,18.640790844726514,236.01555095158187,27.395143324749842,89.5758919460456,117.60485481984574,0.025702389690961135,10.823508555891886
1931,-18.342717555824002,-11.171934999999998,-58.7435418,-6.40255125,442.27226133749076,134.6666072667997,18.434458395255113,233.76311271150428,27.27376270521146,89.06107544313237,116.39573031499684,0.004215486252198676,10.612499498212372
1932,-19.5282940205492,-12.4228287,-59.76643851,-7.6159080900000005,437.61083418393923,133.21534311131904,18.215981529809223,231.34544522017939,27.105906461859764,88.4574495601121,115.13515779535646,0.02939355564348085,10.398690743665735
1933,-19.3934070686132,-12.331375199999998,-59.407960329999995,-7.556352999999998,432.561634247638,131.60410955796652,17.98638032953091,228.75121471767656,26.915261696253094,87.7382166019013,113.76657231140513,0.0287250931224738,10.180284617828306
1934,-19.524522358089996,-12.5112587,-59.29483004999999,-7.7436219285000005,427.6471223941871,130.00859292945404,17.758645118472604,226.22334650408374,26.739341020062557,87.07024890985798,112.42832922841279,0.03607082643558304,9.961997161521813
1935,-18.497651521,-11.4971115,-58.087742150000004,-6.8274947500000005,422.89238658944817,128.47294346403254,17.52959994389474,223.76543972902206,26.567655930558555,86.43924127190583,111.09741431724001,0.01351695897940986,9.747558098020955
1936,-18.136018856628002,-11.165339000000001,-57.483961599999986,-6.545371085000002,417.6216638784676,126.79538692061949,17.283194593940923,221.10186758756868,26.319590382821378,85.60810726493845,109.68884758533311,0.009558006776033325,9.531692661471851
1937,-18.025068427344003,-11.10159135,-57.27418594999999,-6.5112497000000005,412.32083216580554,125.13937882763445,17.03566776353014,218.3814501439806,26.078418454033084,84.77591654083643,108.26876854580753,0.009864093206714537,9.320625789828501
1938,-18.328126320316,-11.458297,-57.46474769999999,-6.880002975,406.9480320124419,123.44956113806184,16.782542019982177,215.64543995533188,25.817988968099012,83.90912101645095,106.84220006888712,0.018115443065633473,9.111535005695716
1939,-18.6964686660132,-11.913451499999999,-57.708912000000005,-7.303649970000001,401.37953600533723,121.71865327325459,16.523958130590938,212.79082629817796,25.555252856382314,83.01412972499132,105.34339407623868,0.030668113367401825,8.903862893099598
1940,-18.096061730016,-11.329027000000002,-56.932049799999994,-6.80400278,395.82385362611996,119.97022028609459,16.260946501287687,209.95168795035406,25.287866383396963,82.10716335773377,103.8446679689506,0.018769378045375783,8.69717122476609
1941,-17.669943799115998,-10.946506750000001,-56.3628173,-6.469422500000002,390.1650365617901,118.18683080867652,15.995030352175501,207.0621217259291,25.019342643380647,81.17071408200496,102.32475260285005,0.012933161617317057,8.48846734296868
1942,-17.764457413724,-11.098177999999999,-56.265751900000005,-6.6455434700000025,384.7963357262314,116.46296120307346,15.738815122546152,204.31768764092448,24.767404594285964,80.32300170473611,100.87312129575344,0.017536651384462656,8.28673965302853
1943,-17.451634293568,-10.8337434,-55.846991349999996,-6.427930430000001,378.96121086788816,114.6627294129269,15.46812685945219,201.27384068867622,24.46508237744352,79.32313707559258,99.32221452216957,0.013950086477437004,8.08265756029273
1944,-17.532873699164,-10.9820695,-55.755446000000006,-6.58882515,372.93467073813486,112.83120230053991,15.196345088545355,198.15312165259917,24.127081315916303,78.2442867515418,97.75181162972034,0.018483712240692913,7.87506047141012
1945,-18.0024109699952,-11.526861999999998,-56.043178999999995,-7.117861550000001,366.80898941824205,110.99123439281196,14.921483870015114,194.99239360592017,23.787823664587254,77.14874054150039,96.14959545037463,0.03434022295280709,7.667853006775444
1946,-17.691082236952,-11.262677799999999,-55.4007836,-6.900610000000002,360.7935792225611,109.12491304370488,14.64836314303389,191.88538076033754,23.46459802267631,76.08329517373569,94.5654033807478,0.029224912263835973,7.466539080925624
1947,-17.003801951804,-10.61596235,-54.457526924999996,-6.325344415000001,354.355911992995,107.13838562721575,14.362954264288215,188.5754531259115,23.076792410000685,74.87319532766364,92.88629929916155,0.0161340362607642,7.264255069793931
1948,-16.298823039480002,-9.947211799999998,-53.585771449999996,-5.735661190000001,347.8288394449085,105.10050532768116,14.070604456725441,185.24244124638983,22.671792909016588,73.63361041526552,91.1734737688798,0.0067796563020870665,7.060561762597973
1949,-15.978994261768,-9.683992100000001,-53.074250799999994,-5.51802,341.3142898987305,103.0362544686297,13.784116120396803,181.90607747120302,22.27416618028095,72.41240904359582,89.45046899527293,0.004768799461344321,6.86316621518006
1950,-16.028000288820003,-9.803930399999999,-52.95263679999999,-5.6597313,334.3354224281809,100.86521422341886,13.484940871083362,178.37234545502923,21.822832416416354,71.02038668095915,87.64561603836525,0.007394565991022583,6.664816084247494
1951,-16.019966324471998,-9.8635925,-52.775942,-5.739272950000003,327.82850286212164,98.84762773331839,13.193437159700057,175.05605539162318,21.40948152599747,69.7750368393986,85.9297792446753,0.009570000457070026,6.473047261417047
1952,-16.167087595884,-10.0827855,-52.657932900000006,-5.970226500000001,321.2053575462699,96.85293543450226,12.899452804734425,171.63030963064915,20.96833170405197,68.47731145080134,84.20225767003066,0.0149934239992097,6.283908969933968
1953,-16.322253346348,-10.307816,-52.55178805,-6.219346999999999,314.4623615056191,94.79884383621274,12.605334016061352,168.14982640989302,20.535619777490528,67.16366566655738,82.42864621159026,0.021813287376612735,6.093417790994567
1954,-15.653516109412001,-9.695871500000003,-51.707351,-5.670020000000001,308.1582295080962,92.8506424719342,12.317371557587844,164.92766054530773,20.14229008040931,65.94103671286285,80.77524151051749,0.011187482318575531,5.907914449031141
1955,-15.793018492376,-9.90627035,-51.56478335,-5.901870000000001,301.6101742526469,90.82200081595529,12.023967451927946,161.56924750868652,19.72017666907437,64.65427356020042,79.06961682282059,0.01698727351263547,5.7225805977434865
1956,-15.806109569264,-9.9892036,-51.305390450000004,-6.017851265000002,294.95423904456294,88.77130102911205,11.730517309080637,158.1151159361067,19.297480613175356,63.33944240971817,77.33542770552222,0.020794909851667844,5.543061212740937
1957,-15.201120782412,-9.4315836,-50.445248,-5.533529399999999,288.2155315965147,86.69769629038052,11.43858250117276,154.59560595526554,18.890459887444354,62.00752374066258,75.57800744967628,0.011637573886575346,5.365450810455556
1958,-16.499050689006403,-10.83978665,-51.292756649999994,-6.878880000000002,281.32586423633234,84.57566050545803,11.144285996689428,151.06832583253922,18.458483355796684,60.61927553098857,73.80607196542604,0.05147255863691535,5.190017926291458
1959,-15.422369922744,-9.8023376,-49.93067750000001,-5.955149025000001,274.9329263482478,82.56956050922767,10.856238145668952,147.82127868142186,18.07250774328767,59.32931763600104,72.13671648199873,0.02297870606656511,5.021594183620484
1960,-14.974155077328,-9.4162705,-49.2215442,-5.623914000000001,268.2604083265586,80.5122627927504,10.564119681927481,144.34813308862405,17.668295796171726,58.0135475543531,70.37791759474142,0.016683454182212287,4.8499857364408046
1961,-15.195874854696,-9.720195999999998,-49.186885399999994,-5.936517865000002,261.54974709206505,78.43131238630217,10.27032002126129,140.90244648516216,17.24758499574969,56.656155678685025,68.6313259196663,0.025905237254279165,4.683590972360212
1962,-13.835738908131997,-8.393384999999999,-47.623458,-4.730129999999999,254.89453146781287,76.39171992229763,9.982038682041646,137.40788342743815,16.833487307172184,55.31181247912187,66.86891916745705,0.004075669176484939,4.518813610439358
1963,-14.344828024612,-8.9910055,-47.85655,-5.317802160000002,248.54295772045552,74.44101126887598,9.702345927164089,134.09202895076012,16.425246334508575,54.05533586957913,65.20617017445785,0.014206976539083302,4.358972183649727
1964,-13.7403434267,-8.431406500000001,-46.87596799999999,-4.8289186,242.4252388653104,72.573655711887,9.439479817126179,130.85785972300664,16.068013510634625,52.866534424974766,63.60696180706175,0.006706551782057666,4.195821973440417
1965,-14.031335919319998,-8.7978788,-46.791374999999995,-5.1894501900000005,236.95254343317728,70.8846319385557,9.205158237350958,127.97045322924768,15.788801500595774,51.89276943499148,62.174716038167794,0.013647174776352654,4.036533660258875
1966,-13.256105689924,-8.07870575,-45.739858,-4.527631525000003,231.8552243923006,69.30935219472907,8.982663948605122,125.24776025332349,15.573076609808085,51.012789473893726,60.83636559603773,0.004101812260766268,3.8802844510880483
1967,-14.322302297088001,-9.213217499999999,-46.675562,-5.62727516,226.69536814175575,67.70089365064914,8.758932358749519,122.53098354571476,15.312876790819319,50.138655031147934,59.470129010419065,0.02623699181600753,3.7311946189522556
1968,-13.625167916592002,-8.5757405,-45.796996,-5.0464850000000006,221.33602121724226,65.9928815903577,8.527458559617147,119.72430227132173,15.062401916339446,49.17478913625063,58.04018470363516,0.013461244539501097,3.5877211890705327
1969,-13.629451400816,-8.647350150000001,-45.69803105,-5.139398425000001,215.96067788789097,64.29992978984379,8.292091044361376,116.91522774098448,14.778852556898984,48.18602576446902,56.606173137014395,0.01651711009360376,3.4474137651482257
1970,-13.374909366128,-8.460768000000002,-45.1087715,-4.985111099999998,210.1402119298567,62.48582136687401,8.047061445654162,113.86912515640702,14.460458604154537,47.05278705640191,55.06610465106902,0.014463812621830009,3.3081234215879696
1971,-12.812989286336,-7.971217,-44.29634694999999,-4.548599000000003,204.14067538365381,60.630104003955395,7.795758612676654,110.73766205042153,14.115852746846578,45.85203546655676,53.47434468187459,0.007708085176483325,3.172234259228945
1972,-13.521895056099998,-8.754086,-44.85055,-5.330397999999999,198.25655093187245,58.79495561694376,7.550126444990163,107.6716815927676,13.778086412756894,44.72463618863241,51.899292796739374,0.02520405296179808,3.0371344134875584
1973,-12.620991351644,-7.924996500000001,-43.7357756,-4.566276599999999,192.2866702392198,56.9259603245489,7.305347882352288,104.55074062069211,13.450244517637538,43.51931121331917,50.32508184514724,0.009630334129764051,2.9045661291156533
1974,-12.343828333948,-7.713789,-43.199654,-4.395443,186.56041972859447,55.15380780732302,7.0629367862804,101.56368152892989,13.133803863156743,42.37212948486574,48.81539581668077,0.007969172377377863,2.776728072639787
1975,-11.808618343244,-7.249770999999999,-42.44444300000001,-3.9834238,180.77537356395044,53.366722077376565,6.819991243685001,98.56868402291077,12.800604305317847,41.18271043090423,47.288282682910356,0.003528624200897375,2.653293897550885
1976,-12.697639307852,-8.21553045,-43.025150599999996,-4.948298000000001,175.05273428689546,51.614497255460776,6.5842028197924005,95.57945335428094,12.457563652798413,40.05114019250564,45.77169736429374,0.02109685445385073,2.5310143800613187
1977,-11.863672000531999,-7.443742349999999,-41.911686,-4.247680000000001,169.51049968185833,49.895674542010894,6.356267539149207,92.6627417009409,12.161412031648133,38.94573254554633,44.286515835205,0.008113143114510757,2.413203008048469
1978,-11.320281811788,-6.966301000000001,-40.984236149999994,-3.8183264000000015,164.0822341216488,48.218546277177666,6.1297114083828275,89.79716215071713,11.86078610208388,37.85707637682276,42.837650928502235,0.003566461398561592,2.2973247311394163
1979,-10.9777301128,-6.6967585,-40.4784941,-3.5937314299999996,158.52237808309965,46.508662143932796,5.898882134960374,86.88001102898201,11.526136817206247,36.70426855256021,41.36519635528108,0.0021281770389136225,2.1848439972282208
1980,-11.260811858376002,-7.05928425,-40.40108299999999,-3.988177000000002,152.78812622557135,44.74891754660131,5.665285606763,83.89688460962222,11.13177331364319,35.479030428556406,39.86878208297033,0.007026094454171938,2.074000195100596
1981,-11.710944261276,-7.5958895,-40.5420274,-4.549599350000001,147.09266586179922,43.01090085049088,5.430123137762724,80.89215483626192,10.750695435684088,34.26894643313342,38.367201104899834,0.018261635442129526,1.9673137882570453
1982,-10.954142276704,-6.912261999999999,-39.485139999999994,-3.9453105500000025,141.20484813215327,41.23339421490316,5.192420392205468,77.80154163716432,10.35499150332403,32.95962165870952,36.833817066034506,0.007879454551987033,1.8621441986515224
1983,-11.261771850836002,-7.3205645000000015,-39.445663700000004,-4.375957250000003,135.4134444322813,39.49094706540793,4.959251346170739,74.7182810605089,9.961752487677582,31.712351389377666,35.31688950922798,0.01682836632775238,1.757804722037465
1984,-10.294094749284,-6.405875,-38.06257299999999,-3.5484989999999996,130.0677769006137,37.873910007881015,4.742045221048797,71.84830795701488,9.64498689815072,30.571222807185276,33.91269120218134,0.0042688351373682595,1.6578062125931319
1985,-10.751771141984001,-6.963414500000001,-38.161044000000004,-4.118506200000001,124.84651986874182,36.289722277531766,4.536481306068008,69.03357205272467,9.332661629495131,29.50950421099224,32.530776308382706,0.01373215927492659,1.5593955281044642
1986,-11.153303321435999,-7.460577000000001,-38.17842400000001,-4.631283,119.66233472104807,34.71437052971003,4.330982993102191,66.26331243925378,9.016087766117243,28.427172590811978,31.163834992123842,0.026884978766098203,1.4640619325268007
1987,-10.204871258459999,-6.5738375,-36.863656,-3.8428764500000008,114.31198495634622,33.114186445463645,4.119212743269813,63.39977859471492,8.686016405604773,27.254793769321925,29.76396306503589,0.010379644561814966,1.372204143966377
1988,-9.661263327368,-6.1123759999999985,-35.781827,-3.4441494800000005,108.95133594755916,31.5030379656385,3.9098546028174535,60.56021369830472,8.33171750978046,26.049165995917527,28.372209170560247,0.005487782377583386,1.284735305807264
1989,-9.255595309012,-5.7858575000000005,-35.054773000000004,-3.190722000000001,103.7237058486017,29.9278165623893,3.7039655938402616,57.758793923353146,7.99337490795302,24.89428338684556,26.99538717034356,0.0033117612885321434,1.201357594741325
1990,-8.893395796108,-5.5063155,-34.277044749999995,-2.971063000000001,98.54570696342783,28.374224851871283,3.502244129864969,54.9708640566387,7.6553431574602975,23.743925298020198,25.63116587369101,0.0020250332305738533,1.1233122577661938
1991,-8.880670504608,-5.592475200000001,-33.64774,-3.1094170000000005,93.15003233220816,26.784253748604907,3.2965708075551534,52.06200189805146,7.262372208392657,22.4916481985747,24.236531353161638,0.003811934470756373,1.0458805833327869
1992,-8.929434206892,-5.742099500000001,-33.01197775,-3.3132030000000023,87.80364272301303,25.192417215699333,3.098113476502663,49.15895663133335,6.885276822995712,21.26586113014912,22.84815974670409,0.006923140184871068,0.9705840624777536
1993,-8.132717834196,-5.024274999999999,-31.841772999999996,-2.662219640000001,83.10541353657304,23.786849811382115,2.921506275975302,46.52968976787604,6.6303484527220595,20.261986408001533,21.61582346436868,0.0011254426582079898,0.8961256929010759
1994,-8.091251180063999,-5.0622815,-31.541254000000002,-2.7357959999999997,78.92323613202541,22.537512766953085,2.765550577654329,44.178927214401256,6.417972929383854,19.429573265991078,20.508372257123423,0.001951660674402468,0.8238514320700108
1995,-8.805769723568,-5.8579215,-31.84103465,-3.552285550000001,74.74089255055057,21.27728617619589,2.609838913542517,41.85999667567757,6.1762341337851,18.583420439621673,19.394878082580078,0.013583017045487417,0.7577910140674003
1996,-7.788343011616001,-4.9246037000000005,-30.53607105,-2.6939519999999995,70.44895185593737,19.960008244721056,2.447821497836118,39.484249612020676,5.944836137636085,17.67811058535394,18.23596649440658,0.0024013360950797943,0.6947673508386117
1997,-7.850668374504,-5.079704999999999,-30.042113249999996,-2.9153149999999997,65.86551410663199,18.59367345041604,2.2762840556267485,37.00250172759069,5.61894274074932,16.621667619576783,17.041949476341408,0.005205785521857865,0.6344319337925151
1998,-7.407325155364,-4.734209,-28.937127200000003,-2.6314647499999997,61.326987608690374,17.244471159386848,2.107971071913276,34.51040534458196,5.299606080487401,15.557314896686897,15.856587867337623,0.002940948458072103,0.5789180842380798
1999,-6.828379028364001,-4.2550740000000005,-27.511322999999997,-2.2275306000000015,56.739939288247285,15.863373264485604,1.9403523148084003,31.993173866097116,4.959149857672787,14.47066552373476,14.653976966823107,0.0007046458057073033,0.5246572141261353
2000,-6.927074662287999,-4.462255,-26.747578800000003,-2.4978799999999985,52.22323167835712,14.547988448137808,1.7773404333501968,29.503037868447333,4.595172295678625,13.376944131305446,13.488138390078925,0.0029874484342535743,0.4742249174429427
2001,-6.505747110232001,-4.147502500000002,-25.493647000000003,-2.266328999999999,47.76210755091359,13.258468597892985,1.6173515377819592,27.032029608018853,4.227569774478027,12.262153113365034,12.34301332697065,0.0016817881925278286,0.42734091142612635
2002,-6.1515822654639996,-3.8974650000000004,-24.230552100000004,-2.10603025,43.360662748558966,11.996791079980355,1.4582327510729345,24.604406496775848,3.860052081301238,11.15191178058197,11.210586928795378,0.0011703427867269566,0.3822112571118081
2003,-5.490003039484,-3.3554519999999997,-22.640380049999994,-1.6462355000000002,38.955381330834925,10.731773855731182,1.3033273850903113,22.158678553861098,3.4843118019643695,10.038238214949583,10.05913136229249,1.2612865666919731e-05,0.33943923060802517
2004,-5.736182715576,-3.7177559999999996,-21.92968275,-2.0990661000000026,34.801341657568415,9.560928420332452,1.1574356399030734,19.848167965017304,3.1122048921031062,8.985289736519716,8.986619517289004,0.002214941467025708,0.30033625440579015
2005,-4.8947372815520005,-2.9942480000000007,-20.124127300000005,-1.4601039999999994,30.84250024606769,8.438232097609147,1.019584840545415,17.626898471137658,2.77165761864379,7.967111619491491,7.964243814989061,3.0640201857037362e-06,0.26327601750754487
2006,-4.857678974976,-3.075613500000001,-19.10420635,-1.6364260000000002,27.091782273053,7.386926262208127,0.8907256158487071,15.524222398901621,2.4317972498608613,7.002900011444236,7.004104263417543,0.0005089702160087775,0.22857681941559885
2007,-4.475909028912,-2.8140110000000007,-17.717885449999994,-1.456503999999999,23.623324633974473,6.419932424870337,0.7720787207348517,13.560616036623447,2.1378001605337458,6.116202340458482,6.112154874672111,0.00021444411071752079,0.19682732592206129
2008,-4.321644475124,-2.787906000000003,-16.546245200000005,-1.5125548000000002,20.2839954474049,5.505420307464406,0.6595198092672594,11.650500223981126,1.8444039516059845,5.266765243934915,5.252940588487576,0.0006606446428622158,0.1658753905762388
2009,-4.2231835437,-2.8018915,-15.506192050000001,-1.6173710499999994,17.303238117507135,4.674424990427107,0.5596966625622826,9.954515200890933,1.5930953155272873,4.515037985608466,4.480874808820542,0.0016684616601870604,0.13908663303835342
2010,-3.828640091048,-2.522700999999998,-14.107559250000001,-1.4316929999999992,14.53897400553236,3.918624608327373,0.46680276655381675,8.37010453036493,1.349030399424066,3.804721018367048,3.769797062626576,0.001042748618385632,0.11470999054769865
2011,-3.305652814808,-2.121038000000002,-12.608540000000005,-1.1264241999999998,11.988514379156571,3.217761285628827,0.38124344667986937,6.920851062502689,1.1222816703471634,3.1404081151296257,3.115213998030517,0.00019503844213643881,0.0928744947221534
2012,-2.7916591956039993,-1.729651249999998,-11.095150000000004,-0.8348387500000007,9.62230905698858,2.5716783090254527,0.30251518829849045,5.568181562705568,0.9133248562028925,2.5267538056654106,2.502003568107179,7.589752803481953e-06,0.0730328707877823
2013,-2.7068272824760005,-1.768669,-9.994379200000001,-0.9785935000000016,7.46651040832764,1.9890320111361686,0.2324338272709874,4.332301289322688,0.7135411563286944,1.9683123259723923,1.9437671877300247,0.00025843201747159704,0.055716394983984584
2014,-2.4338619232600003,-1.6214479999999991,-8.714783650000001,-0.9421689999999998,5.565069751043892,1.4775867042369162,0.1709440522644736,3.2365707006479685,0.5365473466430309,1.469801088427201,1.4522295316126832,0.000399071340232004,0.0407156642263262
2015,-2.329293773,-1.6458345000000012,-7.610396349999991,-1.070252,3.9299227008014173,1.044205669348653,0.11853919433533876,2.286248521990188,0.3819115762937166,1.0404474596361306,1.0282584041714395,0.0014550120014450868,0.028290096672746696
2016,-1.5490432069999998,-1.0009629999999987,-5.779282999999998,-0.5314819000000001,2.567927901402355,0.6769469986692869,0.07599470523250414,1.4982204290481915,0.2536420389872658,0.6786399848321549,0.6747487592203135,2.669295617200702e-06,0.01821103667996418
2017,-0.508455475436,-0.10311199999999854,-3.705131999999999,0.275837599999999,1.4768441432894845,0.384993477450718,0.04244724694672774,0.8597490793135754,0.15403122222644008,0.3878726716680967,0.3877646002834234,0.0029839100510878156,0.010297707316403117
2018,-0.413140798532,-0.14028500000000044,-2.5552180000000035,0.1152380000000015,0.6649544021558712,0.1704379439585849,0.018909712722038473,0.3884572275095147,0.07029244944671845,0.1755635199371088,0.17500269212167652,0.0011318961415202273,0.004624682549302645
2019,-0.759039541828,-0.6204580000000011,-1.8500788000000015,-0.48440199999999933,0.16776935231919873,0.04234486358047694,0.004682734705963506,0.09843900943648537,0.01843059129182572,0.045447412987239186,0.043985799154905525,0.0009287484006523549,0.0011795299810434068
2020,0.0,0.0,0.0,0.0,0.0,0.0,0.0,0.0,0.0,0.0,0.0,0.0,0.0
2021,1.050647652156,0.9105430000000005,0.7484249999999992,2.1641698,0.1774736940220299,0.0444202403389743,0.004739176846662416,0.10386546498363387,0.021082892837196866,0.047508914414971806,0.04687939111385334,0.0029289396275385036,0.0012207884954805993
2022,1.481929657064,1.1878250000000001,0.9126809999999992,3.6907509999999992,0.7044413479689653,0.17731342870341874,0.018842251293737476,0.4184985055292846,0.07521242838864846,0.18752547453181775,0.18899171795619618,0.0029811853802151097,0.004789332213865595
2023,1.7566972455760002,1.310096999999999,0.9073883499999981,5.057089999999988,1.597620155300165,0.3987220066745968,0.04301426236177723,0.9589298002543482,0.1636071786521168,0.42305871863186534,0.4294935774213867,0.0019562920963225577,0.010662783450981353
2024,2.186411352216,1.5807910000000014,1.0466552200000003,6.60120400000001,2.866972868640263,0.7095434368125616,0.07689233393728288,1.7311489731566798,0.2898721631926291,0.7580423303390149,0.770506687465616,0.0021959764438431676,0.01880555970584816
2025,2.9779841740040003,2.2117235000000015,1.5415245000000009,8.475038999999988,4.493668595929685,1.099258174504516,0.12057535412754256,2.729167191119407,0.4519090965822555,1.1883769826012496,1.2105867863330868,0.0057056094810198806,0.028844182117483515
2026,3.1033289637400006,2.1792545000000008,1.3680340000000015,9.71114999999999,6.520800857902919,1.5861014629793753,0.17356519333966064,3.978565731186866,0.6565954478796152,1.7218775821785908,1.761608005632597,0.0025191655516056135,0.04099227339157393
2027,3.447912991992,2.363688,1.4079983500000002,11.142172599999991,8.928820827101418,2.160851097476708,0.2356332144511819,5.467930415566324,0.8974218515064573,2.3530797738391414,2.4195397157643166,0.0017630013287139752,0.055096284362385686
2028,4.343404285028,3.0980095,1.9847030500000005,13.136613999999994,11.706760145412977,2.807343296184694,0.3070392852256156,7.203672323043881,1.1808339358196394,3.097135044569422,3.1763547821705775,0.006376216625796596,0.07089056535861656
2029,4.923679012508,3.5182460000000013,2.2565462499999973,14.820695,14.937051265784465,3.5814680405391233,0.3864931935831773,9.208915836608918,1.5102746119232862,3.943271336157945,4.072850169231493,0.0077598236537310015,0.08870320060895392
2030,5.710428082864,4.1450974999999985,2.7262056849999996,16.721714000000006,18.534288251258257,4.388783059622863,0.47509438413110316,11.479504284982493,1.8937439685538886,4.905942022705987,5.064728023215344,0.012254731343464451,0.1082569307309941
2031,5.69444480524,3.9530149999999997,2.3963426500000016,17.844558000000006,22.652229105693948,5.318999873883197,0.5712131451571918,14.086885351241518,2.3238404578318064,5.973301151222767,6.221766368795932,0.005235696979034781,0.13031096926413738
2032,6.439160720944001,4.538679999999999,2.814902300000002,19.71723,27.12889949378544,6.340620963516682,0.6756084045154865,16.9135645752049,2.798089846917638,7.158484049383835,7.475698023369034,0.008592000546919923,0.15380095542762678
2033,6.731410408864001,4.662038499999998,2.7811067,21.126051499999996,32.02042684581793,7.450269177104469,0.7883612286865084,19.99380751859707,3.3340707911061673,8.46308459347559,8.839196690816298,0.005930327153294365,0.17846259092756747
2034,7.58538515024,5.355634000000002,3.3047014249999993,23.10126525,37.30304278040569,8.638193965916432,0.9063195150060632,23.349769968903423,3.9009935606925694,9.870352963917867,10.322655229309225,0.012003018374523954,0.2046040990859763
2035,8.242911534116,5.841341999999999,3.6235904,24.884050000000002,43.12230253917622,9.94024500271937,1.0297597863452408,27.06294973227276,4.5256463686278545,11.411405111608655,11.967761395549502,0.014889903287646186,0.23237324040132254
2036,8.723049512944,6.154039000000001,3.7455319999999994,26.489445000000003,49.41889501363121,11.319812992979376,1.161082338459243,31.101921451902935,5.214347613354471,13.080831596462568,13.750395093978605,0.014067808025434244,0.2619460922037638
2037,9.414607390483999,6.668729999999998,4.083195950000002,28.338160000000002,56.14464860001871,12.780830571304183,1.2973879751895858,35.44189350012,5.957253188537051,14.885127305762628,15.650093330602614,0.017770437826260522,0.2930290201857646
2038,9.733295213072,6.802505499999997,4.042871000000002,29.807816000000003,63.44144146930856,14.373239529274754,1.4401378176558508,40.138463881605105,6.778435390367091,16.81301024839288,17.737460867718525,0.013765769869876028,0.32622455880417334
2039,10.073161071800001,6.951581,4.003025999999998,31.247837999999998,71.25550652230623,15.986038880015926,1.5868348920774151,45.26777669982966,7.660749705266575,18.881904087273934,19.969215102404235,0.009612183480020698,0.360699918507689
2040,11.111961614164,7.801466999999999,4.662877999999999,33.44467825,79.4780865673282,17.713291690285576,1.7379530518051562,50.68283207856516,8.569577682733497,21.079717283027005,22.33757848408155,0.01847105451601533,0.39687882615154696
2041,11.735542311363998,8.237537999999997,4.889832000000002,35.17125399999999,88.26283512932079,19.502331003112158,1.8904784138690611,56.49354440062095,9.577910011355005,23.42605044991011,24.870578842030444,0.019225966405580996,0.4345941386466819
2042,12.256359615924,8.568674000000001,5.021847250000002,36.79204,97.56314554777146,21.359798617768504,2.0523198933689435,62.673364558761335,10.666236028792625,25.913137954795452,27.576770616687277,0.018463153806603426,0.47331293135845837
2043,13.086425970624001,9.203359,5.4352159,38.689403999999996,107.39099511134788,23.28621229117749,2.218706208505439,69.24917435784398,11.812196635301493,28.554818818101428,30.436527110170907,0.023480592246939696,0.5146989640174094
2044,13.724082197324,9.65431,5.6643035500000005,40.417288,117.69615150079497,25.27052271298258,2.3899736617312723,76.16015609299113,13.045464638248703,31.334349366360065,33.44093599362859,0.02396840533927069,0.5570816763411854
2045,14.649977467784002,10.3905245,6.1661649999999995,42.4635309,128.59776316540035,27.326802039846033,2.5654665129324945,83.53568149939484,14.304682196752822,34.25463519724668,36.65813133319993,0.03306152927261252,0.6007302261277024
2046,15.054157066404,10.599588500000001,6.130811549999997,44.01589,140.15974584561388,29.448517699715612,2.748417487241295,91.35369498795441,15.71942368179752,37.343242332769165,40.07904081825918,0.026067357309548633,0.6461190497450681
2047,15.752198014804,11.093650499999997,6.393952925,45.87617999999999,152.29545191905476,31.699881991463226,2.9336393377437644,99.59549508853611,17.182054635875783,40.577197897430636,43.70541065968981,0.027525391471284823,0.6926722033087582
2048,16.663538331524,11.792608499999998,6.850726,47.94592749999999,164.95654381321467,33.908931174368206,3.129885927446282,108.34369436213332,18.696240362341403,43.95769521286445,47.521288871636486,0.03481993322696981,0.7408643970754971
2049,17.618536818484,12.528913,7.338262999999998,50.01195379999996,178.42740140048554,36.33157365296215,3.3399017170783285,117.62186653704623,20.26948092243392,47.50417234304981,51.64167863060127,0.044182817761570806,0.7906666634457065
2050,18.306666188424,13.026751500000001,7.548318,51.827704,192.3969614516955,38.777647410620496,3.5653926428411653,127.26299664736123,21.948155349224503,51.20780660743247,55.89148576726091,0.044572302691187615,0.8419540563728923
2051,18.603306281224,13.107395,7.379254650000003,53.288669999999996,206.88721560766422,41.259514947512926,3.7957965841675594,137.28878832209645,23.74309041843516,55.05406208249762,60.316056639198585,0.031886983987064944,0.8927572208508765
2052,19.491628107364,13.797187,7.780630700000001,55.24664070000001,221.98790436528205,43.8742429885917,4.041865602719713,147.77152749124767,25.547018155174786,59.07310679509653,64.9672847657553,0.03774430721463721,0.9453259739885573
2053,20.220175461523997,14.3166465,8.013766,57.083427150000006,237.79148825798265,46.54723173138447,4.298649440081401,158.7606207618108,27.4845353091381,63.2702895540094,69.85947770292378,0.038351059615597594,0.9995398888893664
2054,21.212832196243998,15.084882499999997,8.497058,59.18396789999999,254.07628880375228,49.25699742791755,4.574687817742196,170.11510804468475,29.502382038755687,67.64959525821934,74.91469559226532,0.04657694585142859,1.0531764158306707
2055,21.769420449144,15.433640000000004,8.56515845,60.85454999999999,271.01099166641643,52.028132893028236,4.863509814452491,181.91489504848752,31.669034087978158,72.19450637990182,80.19015638662897,0.04109572792284691,1.1069662296988525
2056,22.999731051543996,16.416802999999998,9.282161,63.2252,288.51652835223837,54.94321373682589,5.17095856117775,194.1320994860895,33.82986250316845,76.92696857442267,85.66086692462586,0.05958784080035095,1.163277792923316
2057,23.587321051724004,16.7775705,9.352986349999998,64.86710000000001,306.5733078131736,57.71890119965028,5.49864639108108,206.85813514350215,36.13208237487347,81.80767126790897,91.23722952496449,0.053272075981729165,1.2218249972130426
2058,24.628013293564,17.596399,9.8366999,66.99973779999998,325.37449849980646,60.765909125185274,5.844412074897943,220.0816417772043,38.429031588901914,86.8196985229737,97.1749017698582,0.06390255255408994,1.28129334780235
2059,25.337168914604,18.058909500000006,10.005264899999998,68.92959969999998,345.03007859142633,63.82216933246204,6.218520114127797,233.9653154090375,40.888670407229675,92.01268404227652,103.43779480213642,0.060452683589471035,1.3417485973963785
2060,25.956021914403998,18.430342000000003,10.06622815,70.67146949999996,365.368866737733,66.77446095270857,6.608037823946952,248.49581786569607,43.46247780528676,97.3974931035114,109.91926676421177,0.05415416431302844,1.40422388135764
2061,26.878603597404002,19.098208,10.410396949999999,72.749934,386.1548759841078,69.86331400615835,7.019725943289702,263.3329987659161,46.07633137384881,102.92820138261625,116.57526527600172,0.058730485160284895,1.4670863782411794
2062,28.004693920243998,19.991258000000002,10.95671265,74.98328029999993,407.53926273262766,72.99760617451743,7.4728964257951285,278.6657521099851,48.74786482198514,108.65662638844088,123.43720449424187,0.07379986391318895,1.5309297772063397
2063,28.533661587944,20.2779905,10.895337999999999,76.73174999999999,429.6838300016327,76.33597172289493,7.946057106958949,294.4043905049866,51.5925079328681,114.53327056904705,130.55487213979268,0.06156984160002465,1.5964319552126003
2064,29.657198446784,21.207590000000003,11.410564,78.90547000000001,452.4566617671718,79.68714004704914,8.447185685067927,310.7394119652423,54.439659214313544,120.58994216386033,137.98022612553365,0.07393831379802158,1.6625395441246515
2065,30.427832917443997,21.730406000000002,11.584739900000002,80.77412,476.12126404183664,83.29542474103546,8.978403817002944,327.5464503624551,57.482796626349185,126.86415376520051,145.7102306496952,0.07258076343606261,1.730777595805127
2066,31.413627823484,22.5011205,11.99165245,82.82605699999999,500.5118727179537,86.78732672048218,9.535971541948374,345.09190896352055,60.57736674606872,133.32011318497214,153.74369994566482,0.0783372513342582,1.799493161178677
2067,32.210013226364,23.0407775,12.212190375000002,84.84766449999996,525.7569096322474,90.49057505066457,10.135036495951184,363.15302529379494,63.80894936409521,139.9506537062092,162.12398758803369,0.07529771795712625,1.8687428238563326
2068,33.617596049964,24.191942,13.031421,87.42160999999999,551.5341568362373,94.41644709183178,10.781887980734998,381.55474619911337,67.01017899967172,146.74550516087305,170.7943280966927,0.10004845191577029,1.9372134806742438
2069,34.711045560084,25.0671235,13.50818848,89.4859983,578.1970494880328,98.22685113618913,11.472737635814093,400.70938802880994,70.40655852822474,153.7476646608452,179.7893850632945,0.10958596820850043,2.0079101627363
2070,35.861985769484,25.970836,14.022713,91.6385417,605.4934572074078,102.09004670531554,12.2043822332504,420.37480492836767,73.85744269224102,160.89581574531093,189.04423548061192,0.12278892259435858,2.0807300160099818
2071,35.984855634884,25.8700935,13.528749099999999,92.90079,633.6451565818817,106.09681959243616,12.980615319705816,440.4273081963634,77.64506987751864,168.18873195726297,198.58012328153848,0.08226796412480358,2.153531668970304
2072,37.284132173164004,26.951387,14.176847749999999,95.27241000000001,662.3028603492107,110.02681354971588,13.793323097971138,461.1839213679772,81.2794849545001,175.72757334835663,208.3380273745585,0.09998024257493199,2.2281309928472686
2073,38.803161448324005,28.294107500000003,15.012796999999999,97.86014,691.5886807553184,114.1379399808077,14.665858040263778,482.3902057309031,84.90410156248025,183.38775014400625,218.41674115090103,0.1333688166898741,2.3036073605064074
2074,39.021341954044004,28.300956000000003,14.616527999999999,99.03651,721.4568774916446,118.11315361285176,15.58039997477591,503.7953016498912,88.99393862886942,191.20265546297915,228.6137251299271,0.09209195136224793,2.3763906041348033
2075,40.64984195436399,29.681381000000002,15.588214149999997,101.92832999999999,752.1746556792393,122.2028925462179,16.564425849064918,526.1184154532807,92.83432479849307,199.27883251430453,239.27698331089528,0.12847273887692698,2.4530790194249836
2076,41.647491613324,30.510433999999997,15.88933265,104.0413,783.9835438569826,126.41149825555472,17.59662513058629,549.154022904282,96.90653687381479,207.47362138913377,250.42291471070487,0.1303721278176422,2.5320917957541726
2077,42.705854870764,31.366342000000003,16.285221999999997,106.15205,816.3894902004031,130.6084727219263,18.7142589754202,572.6344855679197,101.06419479185632,215.83064237577833,261.8469862004205,0.1348621628227598,2.6100550984728446
2078,44.206942497004,32.650768,17.122570000000003,108.74486429999995,849.7535463050876,135.1750193451851,19.87919729711337,596.7053712148303,105.25284855303073,224.44100775539792,273.6746285851598,0.16659628075953595,2.689811679349821
2079,44.923394417124,33.1405885,17.1954119,110.60039675,883.9027184960518,139.78668311116044,21.108471458488125,621.1424876145898,109.77218089327057,233.21669162527792,285.7468842958372,0.1500388332150093,2.7709244018355177
2080,45.447439228724,33.428158499999995,17.027310999999997,112.38989,918.9429636447385,144.51632272737632,22.40811971296848,646.2239166871021,114.44540871498761,242.12733750079377,298.25009861210356,0.12222625800331872,2.8536289850792884
2081,47.043710601563994,34.895195,17.932406800000003,115.210743,954.5902219144566,149.4743674992297,23.778807137247252,671.8824421326404,118.84753542104401,251.17742101500698,311.21189625262554,0.15626793378588355,2.937471086359209
2082,48.05547451540399,35.75609,18.224371549999997,117.33168,991.3407552648899,154.49418041156102,25.21424235735721,698.2457978392913,123.55798345781282,260.3837738688193,324.68209181867473,0.1550748666881043,3.022168226683894
2083,49.198645112684005,36.669703,18.68204305,119.48823669999996,1028.5235280740105,159.69874980516568,26.733266341095376,724.7509194391615,128.33852369573103,269.75332267890707,338.36626514613755,0.16230692148632161,3.1061806634421787
2084,50.066660921124,37.374737,18.826553550000003,121.3792069999999,1066.582101268048,164.59077920436224,28.3035968355547,752.1737288674948,133.30416629750627,279.2539836793127,352.4285160770709,0.14897415227860583,3.1922486304146984
2085,51.110884442924004,38.249714,19.13673448,123.58225419999997,1105.7529997648573,169.85774833691787,29.955483414400714,780.2575767863339,138.33405178515736,289.0032784788113,366.97516971882834,0.14944902457631207,3.2805242235879186
2086,52.013342768044005,39.068189000000004,19.311374,125.77534589999998,1145.2654203839957,174.85076825660727,31.716452608641415,808.7145945728687,143.5216603838611,298.86416572743815,381.69121900132865,0.138976237408576,3.3688672638366532
2087,54.22371841536401,41.209691500000005,20.7513208,129.21179069999997,1185.421526017189,180.24253330191766,33.551741316975814,837.7596187014772,148.3347910016256,308.9076413897366,396.90809487637074,0.21582279601150803,3.459638760332481
2088,54.129911313924,41.085605,19.927652000000002,130.198255,1227.3034242660394,185.71347636524632,35.48668432364957,867.3946454586852,154.1678934861091,319.1774512387239,412.5312935986331,0.13577727813847812,3.551151516356453
2089,55.45566314492399,42.395909,20.520266000000003,132.52399574999998,1269.4206659216009,191.2254601952352,37.486773614862045,897.6353436225626,159.54403010060832,329.630231533229,428.43098785053456,0.15125117795541634,3.644797534386553
2090,56.801039011084,43.600443500000004,21.194075249999997,134.95687989999996,1312.6890810993982,196.82745102691138,39.58462027642789,928.7080506964217,165.05047712520357,340.31650568858254,444.8743965596485,0.16812565658173895,3.738017716594329
2091,57.64344541208399,44.3898175,21.290077775,136.99751400000002,1355.9257866997934,202.31488293062606,41.770896941576936,959.5123553550344,170.87464753256648,351.1262857161933,461.1563786271098,0.15162961318916165,3.830900504049447
2092,59.333032904844,45.95765599999999,22.232690549999997,139.9869,1400.2435160855555,207.9174445615416,44.07577996684088,991.4574803096561,176.40999929823673,362.05019459775554,478.2626160292934,0.19109870588902486,3.927702660899784
2093,60.625454052403995,47.13680099999999,22.729179099999996,142.326894,1445.1243687793935,213.71301183136254,46.495141666512396,1023.465720308863,182.2386331324494,373.0968149223746,495.59476276519604,0.20237101105420272,4.0226637541640295
2094,61.582950305724005,48.07560300000001,22.958588600000002,144.22347000000002,1491.3158657445094,219.71283349427293,49.00069262779738,1056.2634729942076,188.34054163208813,384.40286732214463,513.4551435082643,0.18998617972602014,4.119045433130943
2095,62.318943249324,48.78949,22.967907375000003,145.8680894499999,1537.8173659902864,225.62594761808361,51.62694249219612,1089.169559118558,194.64371242236624,395.7107745225422,531.6292369098403,0.16333059377920828,4.213985083098023
2096,63.720257035563996,50.0980175,23.657397149999998,148.51135649999995,1585.3366476507044,231.77162812096148,54.35004303165521,1123.0221221102502,200.73207753358238,407.21687215823493,550.3949991542897,0.18115497559773977,4.312981597393627
2097,65.234414985044,51.57213,24.368575999999997,151.01473049999998,1634.3714749746016,238.11695047973222,57.181633826058025,1158.0860527210857,206.88481607157672,418.96447912030845,569.8505900378734,0.20667060655985614,4.416082273987891
2098,66.376930359204,52.650598,24.675359150000002,153.212587,1683.4399882635373,244.3762363930812,60.13840157088406,1192.952547227373,213.2824415453276,430.74755260114455,589.3003327209408,0.2051833082714519,4.517970596102962
2099,68.115749904764,54.37759200000001,25.623844000000002,155.9843,1733.3936464152146,250.68739735956697,63.19184563192092,1228.7872580792948,219.45119994409578,442.67356599471765,609.3516926788876,0.2505194425416284,4.621150175780311
2100,69.079123484324,55.328071,25.821136,158.10570549999997,1784.278265084542,256.90213373096054,66.42673776564189,1264.9826275269374,226.132346015984,454.6769911627303,629.8663965503223,0.23198376926529365,4.723635135248549
