year,ais_p05,ais_p50,ais_p95,ais_pred_p05,ais_pred_p95,ais_obs,glaciers_p05,glaciers_p50,glaciers_p95,glaciers_pred_p05,glaciers_pred_p95,glaciers_obs,gis_p05,gis_p50,gis_p95,gis_pred_p05,gis_pred_p95,gis_obs,te_p05,te_p50,te_p95,te_pred_p05,te_pred_p95,te_obs,total_p05,total_p50,total_p95,total_pred_p05,total_pred_p95,total_obs,glaciers_obs_delta_corrected
1900,-0.6825837762431511,-0.4810374076061693,-0.3367354270700035,-1.1796027715191033,0.1558971517654789,-0.6340783032503996,-6.215374531625854,-5.553371920358083,-4.807044586136732,-7.196717328674502,-3.7326584330754837,-7.27700420293,-4.270927437177085,-4.085603927402303,-3.90712940064439,-5.183129753355857,-2.990099280911461,-4.130332357233222,-4.366858949543265,-4.083253846222624,-3.7224009394377533,-5.228996834905946,-2.939835983065629,-3.6098928928375242,-14.01666785980044,-12.823121273903368,-11.918933168470913,NaN,NaN,-13.937918849348069,-5.805739149542874
1901,-0.6802729480181285,-0.4812752104259188,-0.3394029703171433,-1.1809745012488715,0.15802557341132978,-0.6286254796114836,-6.177286561556502,-5.52621413491465,-4.788030876988739,-7.223587811918165,-3.730102592020377,-7.19201579961,-4.208490591971547,-4.0320100378183765,-3.8599452255573645,-5.070313483506146,-2.9868743141097314,-4.14182832891291,-4.334001621644398,-4.052530433337104,-3.6943926731641312,-5.1236445588037665,-2.9418019498773664,-3.6964476108551025,-13.598071620521983,-12.419135798443866,-11.522157180322399,NaN,NaN,-13.717743189686836,-5.7452718304459935
1902,-0.6777751939314196,-0.4814442091872252,-0.3432689496134704,-1.1605064900856215,0.18951081781480417,-0.6231535824862393,-6.102042047388206,-5.467614411217614,-4.739316249637499,-7.1622663331091925,-3.724285984096402,-7.10599819097,-4.144393593721773,-3.9753248053256334,-3.8098603475404405,-5.071381168137914,-2.9669192933512347,-4.110059530084785,-4.301049025726974,-4.021717939602468,-3.666303198459948,-5.117589117806487,-2.945298576474647,-3.7697138309478753,-13.303465099623429,-12.13917658742846,-11.256537844888225,NaN,NaN,-13.307361420412224,-5.683775306029112
1903,-0.6759683736056796,-0.4819102638081057,-0.34717407041722587,-1.1323289186827894,0.14850226671970063,-0.6177760037508879,-6.0329117888958965,-5.408558584519912,-4.686715302867222,-7.130201028431724,-3.7153301652295214,-7.04884410771,-4.104253270342888,-3.942010393078439,-3.7821043317678606,-4.987026875019326,-2.849533585255744,-4.069244558160955,-4.306809280570262,-4.027104095421981,-3.671213358895127,-5.141459367564515,-2.94880931451241,-3.89201683998108,-13.196366114473786,-12.04138437538073,-11.174964860579784,NaN,NaN,-13.366047505500095,-5.651142306992231
1904,-0.6735479789546552,-0.4829497910970421,-0.35072471051685933,-1.1269727051568221,0.14356115205212613,-0.612356558713046,-5.9772497721257185,-5.362281094008193,-4.6471157594412915,-7.078778277209277,-3.687894268434914,-6.9647086707,-4.076796570898999,-3.919875050387091,-3.765631546097266,-4.874740200337055,-2.971149661320194,-3.986545354669745,-4.423053317969682,-4.135798678484086,-3.7703021820101705,-5.230696815477548,-2.9776239508313003,-4.005975580215455,-13.265315030115927,-12.121854206555671,-11.261655454762382,NaN,NaN,-13.401862591297018,-5.59152795420535
1905,-0.6737842444076703,-0.48637693258232995,-0.35623346270575523,-1.1366626628758998,0.13131431043322656,-0.6069045933810149,-5.9177411009337275,-5.315508168381315,-4.6064557464809015,-7.009926149730726,-3.608172590901399,-6.86514507207,-4.0618803520093385,-3.9079341648759027,-3.756845937203872,-4.780604333503899,-3.059568966082081,-3.965610296075995,-4.448644680489655,-4.1597280131951795,-3.792116789027831,-5.197840758191935,-3.111115520606397,-4.084479761123657,-13.15891038425466,-12.031105176418494,-11.178788362418963,NaN,NaN,-13.311246733632538,-5.516485439798468
1906,-0.672919293235877,-0.4895614273639185,-0.36109843644434697,-1.1053173310404716,0.13020545075172796,-0.6014521512118254,-5.849965764757473,-5.2581500124874,-4.555187594913111,-6.860028421079064,-3.575351905455785,-6.78516536626,-4.019453526112986,-3.8726414356834518,-3.7274015808711924,-4.724573110824782,-3.0200446925302145,-3.9195184534246272,-4.41902662651248,-4.132033499995348,-3.7668697468808703,-5.299595462465385,-2.9573241561508916,-4.1820330142974855,-13.222114405896026,-12.113183085888775,-11.27112308441037,NaN,NaN,-13.567440039263273,-5.461026818211588
1907,-0.6709366041692244,-0.49146779340608526,-0.36552728416261376,-1.1024946883054318,0.10784939377017391,-0.5960208806124601,-5.781130445498715,-5.199866168401913,-4.505586243142644,-6.8345099036085095,-3.562265666371381,-6.7199607459,-4.009687026156399,-3.863509817215225,-3.722365207133116,-4.741584023148445,-3.0074202116990723,-3.8829637354070488,-4.372444240819223,-4.0884764014616035,-3.7271619573073207,-5.098533296140924,-2.9977971969199806,-4.245766305923461,-13.138215062464766,-12.041428581981496,-11.215503876865053,NaN,NaN,-13.430518857797505,-5.420343282074706
1908,-0.6701159997713342,-0.49278990504398923,-0.36923394884350247,-1.1682139992894238,0.10653464462830665,-0.5906124981966887,-5.728955235778585,-5.153307716104419,-4.465458005968882,-6.785441589390497,-3.449521952951995,-6.64097972783,-3.9996004770508984,-3.8575335690206654,-3.7187799173173928,-4.673513988159339,-3.0365350173093857,-3.8119527643377134,-4.361433300652302,-4.078180565414093,-3.717776004040906,-5.179868811089695,-2.84249440226875,-4.304152536392211,-12.996630062971509,-11.908102537996992,-11.093170920745317,NaN,NaN,-13.478100215899776,-5.365883348227824
1909,-0.6688254323372237,-0.4945327989434609,-0.37327601187085074,-1.1131611143020022,0.1063096007865135,-0.5851665410128508,-5.66537892651931,-5.1017916948896636,-4.419350685745351,-6.7183187554993,-3.4533104455928907,-6.56629558477,-3.94270007612102,-3.8092221473322674,-3.675655615460565,-4.530467936606571,-3.0983835569959695,-3.7546384638006036,-4.327901250557007,-4.0468262500800325,-3.689192590603873,-5.127008173960218,-2.929038390473685,-4.4123697757720945,-12.769834017899774,-11.692398198269366,-10.881388839678431,NaN,NaN,-13.127202387002756,-5.315720289390943
1910,-0.6668267342592232,-0.49562720304633734,-0.3766667777261838,-1.115629763612229,0.1099369694866728,-0.5797470959750088,-5.611404860408057,-5.055429032687586,-4.382713913114562,-6.584368579901375,-3.3628763055413216,-6.4967437354,-3.8858738247776055,-3.7573917899503853,-3.6277129430970025,-4.3159761964635095,-3.1859351332425114,-3.709659749811346,-4.287709651170878,-4.009244889043304,-3.6549324395339418,-5.069123884616356,-2.8979714770200053,-4.497396707534791,-12.590700539933666,-11.521032772909585,-10.715731449169416,NaN,NaN,-12.932223767549981,-5.270689524244062
1911,-0.6636238039035552,-0.4960424761426082,-0.37987964787735096,-1.1127567176170483,0.10765778624635958,-0.5743019017306241,-5.554381708117963,-5.009747007824977,-4.343718877780559,-6.533715971716829,-3.4908124333943205,-6.40783153447,-3.8726825802744855,-3.7444105064042086,-3.6186328344320455,-4.281392875455696,-3.1939515213192546,-3.7024556940252134,-4.252747184470996,-3.976553055330505,-3.6251297093811146,-5.0239470523439,-2.8215088359748854,-4.502541589736938,-12.446576123662993,-11.391727552125793,-10.598163928383073,NaN,NaN,-12.7859735900405,-5.20629840753718
1912,-0.6611712562147533,-0.4971091213763979,-0.38232356330709255,-1.1133801674599022,0.08266179558450118,-0.5688701542941008,-5.49415712996334,-4.95881339055755,-4.300553704347666,-6.527455101237689,-3.3730348355125637,-6.33277965459,-3.838474461569765,-3.715063925153517,-3.593531566124952,-4.268001636605575,-3.167238666182077,-3.6499250238591983,-4.219257005944966,-3.945237892221929,-3.5965819881362435,-4.966915571668782,-2.8633786690484992,-4.496937417984009,-12.344546635901485,-11.297737915849027,-10.516041118449639,NaN,NaN,-12.504873544685173,-5.1557676118803
1913,-0.6582933720193934,-0.4972845606071514,-0.38498857867890673,-1.1001703076989906,0.0767398535948445,-0.563472453030673,-5.434598407851097,-4.899866396958234,-4.249952462690558,-6.342778546241718,-3.3890073090443775,-6.26434474858,-3.771560320689031,-3.6522082853150266,-3.536730400758472,-4.208630023240487,-3.1199757550959526,-3.6160070245916187,-4.281341186495412,-4.0032900235024,-3.649503828451094,-5.068717248396427,-2.9131913531957188,-4.43869423866272,-12.376711792201169,-11.339027830865712,-10.564630291828125,NaN,NaN,-12.481187939747363,-5.111853790093418
1914,-0.6575196904955674,-0.4999582412271114,-0.38954976995949286,-1.0775453588561383,0.07977362055594676,-0.5580358418551359,-5.3777792825404696,-4.850412384597763,-4.214714598103918,-6.286606035482179,-3.313554394941568,-6.15112605962,-3.744445580100407,-3.6282194525318516,-3.5158263749274496,-4.176457691519678,-3.0860338938700367,-3.6001985376531427,-4.322900964229752,-4.042150706717196,-3.6849302430590836,-5.163815935491221,-2.9160868976693877,-4.3344473361969,-12.19703857541013,-11.167613775388846,-10.389966190410899,NaN,NaN,-12.215842947480144,-5.023156185356537
1915,-0.6571661803927827,-0.5029626876804532,-0.39440919396873897,-1.089552067031285,0.05409641953667835,-0.5526043805209073,-5.312500563841559,-4.796999345315074,-4.167630436103657,-6.284300391133948,-3.330148276980988,-5.99616084966,-3.7439008079817433,-3.6294840961301778,-3.518519809630156,-4.174109155221415,-3.0885518662621414,-3.567949086969549,-4.306160664676841,-4.026497603805893,-3.670660465284662,-5.114434598240193,-2.953256140037024,-4.308618783950806,-12.026954556277197,-11.009184480373088,-10.242168244486468,NaN,NaN,-11.887195821280871,-4.892712059619656
1916,-0.6565728813654119,-0.5054240799680636,-0.39799074052414674,-1.0762609100372555,0.0748310247406182,-0.5471856984225187,-5.221898971268855,-4.712498879564081,-4.099951875429308,-6.191927602633624,-3.2214699423462343,-5.89606166753,-3.673825364572281,-3.5640625528403875,-3.457025427017722,-4.112909935663647,-3.0483248777723992,-3.5504369562322453,-4.255683538126761,-3.9792987078687045,-3.6276327180042545,-5.033755676476336,-2.9071481979474365,-4.27322907447815,-12.051319869441006,-11.047222199996277,-10.291611183021478,NaN,NaN,-11.995727195056805,-4.817133961712774
1917,-0.6533011164526605,-0.505975788117664,-0.40064621479990215,-1.056878293916718,0.04352840561974503,-0.5418106946078214,-5.159653727433317,-4.6614389645349785,-4.058880208234117,-6.139172264508582,-3.132349300362883,-5.7766593543,-3.591573168980236,-3.488352980214714,-3.386436711158756,-4.031888819903772,-2.9652592053223774,-3.4816617792302904,-4.203738024909817,-3.9307267894513984,-3.5833532875411853,-4.984590511340104,-2.812634431756142,-4.251692819595336,-12.144376101075682,-11.152444494785891,-10.406595213480799,NaN,NaN,-12.29178087162002,-4.722252732705893
1918,-0.6507445905467049,-0.5059749740016772,-0.4025194343890848,-1.052066844649446,0.04777209270284872,-0.5363208684054288,-5.112836696926413,-4.619147977589745,-4.023188998612358,-6.005166146869373,-3.225971748509608,-5.67177921208,-3.548264411489502,-3.4477174503547623,-3.349729584267394,-3.9667266391228746,-2.9356369231872854,-3.470746785944159,-4.153553483817397,-3.8838014770462497,-3.540574946159856,-4.967284249666399,-2.7990414560631436,-4.2542582035064695,-11.77154495952127,-10.795520759321512,-10.05733702510075,NaN,NaN,-11.69048315752298,-4.641893674709012
1919,-0.647300938494501,-0.5058846407149946,-0.4043591746428296,-1.0653927127633631,0.04461541266722751,-0.5308707150545988,-5.066209243992584,-4.576111375073313,-3.9871785729332645,-5.9251906717610865,-3.0915436639623466,-5.58503070745,-3.5456065014090563,-3.446382409088554,-3.350969107591674,-3.9271399734176877,-2.938872998069066,-3.454160482233221,-4.104179244444157,-3.8376338414173983,-3.498487322732908,-4.870890285876615,-2.7396885397708677,-4.2755896091461185,-11.486256943488469,-10.52714611839604,-9.791274736364413,NaN,NaN,-11.250664952584467,-4.579666254302131
1920,-0.6440014501131962,-0.5057993135750046,-0.4060978150797556,-1.0344553631162468,0.03307563309107578,-0.5255169781771574,-5.010703505374939,-4.524627780196566,-3.9464098493254283,-5.90058814161555,-3.064557056826721,-5.53279949102,-3.521647390697029,-3.424524646319795,-3.3307664181393,-3.9192612053977087,-2.917820277282768,-3.4362096613103685,-4.054326479426344,-3.7910187579315653,-3.4559917941435803,-4.831354002056499,-2.7163712847825465,-4.26266884803772,-11.406339307147581,-10.464909925353638,-9.733975402509177,NaN,NaN,-11.224365852032271,-4.551956122095249
1921,-0.6413369647002536,-0.5052056486568025,-0.4070013901820875,-1.0444699545585876,0.03611900816747935,-0.5200888547030362,-4.954864283747429,-4.47560658810712,-3.904492455514805,-5.7725471664423855,-3.0573629568483742,-5.47143054875,-3.5152112587574917,-3.417953814839251,-3.3255358962981405,-3.9042820576022867,-2.933811486159797,-3.420304281061346,-4.013633946397272,-3.7529689963241113,-3.4213046368697317,-4.675163513279179,-2.8199637670402913,-4.285170221328736,-11.341817796229956,-10.412713357070686,-9.682826031850281,NaN,NaN,-11.325210959935976,-4.515108264048369
1922,-0.6389494059939699,-0.5045244150796612,-0.4082926324076131,-1.0262175382239096,0.012462682214913178,-0.5146193417635831,-4.887920616351351,-4.4202494152327,-3.8557868480682576,-5.760626452012493,-3.040237442984695,-5.39706416997,-3.5059771095161274,-3.4098693830042692,-3.3183363468281053,-3.886613567364196,-2.9095149844789376,-3.4399301355535346,-3.967758920863905,-3.7100733185339525,-3.382199815735082,-4.623499622113238,-2.7708780629527916,-4.291196298599244,-11.261085914897738,-10.342519813444508,-9.62843184832252,NaN,NaN,-11.200481604358236,-4.465262969491487
1923,-0.6362008054829049,-0.5034617182690282,-0.40919758169524145,-1.0235852719700365,0.02853518352090787,-0.5092426213351164,-4.827872262777704,-4.368150064266733,-3.8055539163863936,-5.72182422525126,-2.9231821586042255,-5.27797008428,-3.477955559710049,-3.3844967326286253,-3.294285339404029,-3.8630616347089246,-2.9402658634202554,-3.4075719659978687,-3.948434326607687,-3.6920037576126754,-3.3657271316743516,-4.602033031296484,-2.6848453694806516,-4.334321069717407,-11.355480845844072,-10.444720235574508,-9.736681396916627,NaN,NaN,-11.352617614839804,-4.370689968024606
1924,-0.6333917108478757,-0.5027367951252586,-0.4101777974536494,-1.0229252282080847,-0.0067793093095510565,-0.5037558468905363,-4.756221841763227,-4.305721431715771,-3.7522001098823123,-5.584422524272745,-2.925950810023007,-5.18389659795,-3.413326999417323,-3.322701000366175,-3.236855033800876,-3.7827470292650576,-2.852809849058918,-3.348880941217596,-3.923020109954843,-3.6682400640527275,-3.344063527459813,-4.61178726296054,-2.6849980596858876,-4.327344751358032,-11.093062461601447,-10.19200455621243,-9.49430771597911,NaN,NaN,-11.075476495691147,-4.301137565917724
1925,-0.630460490101182,-0.5020214252972701,-0.41069218904870214,-1.0028874935897023,-0.024012782753966747,-0.4983725461092862,-4.681824034550539,-4.242187850068485,-3.697837037579262,-5.465638448486431,-2.973355481385037,-5.09053493413,-3.358582654892099,-3.2690825628753464,-3.186454323826306,-3.7656608804723013,-2.791413151444305,-3.3296964471990402,-3.8808588362324694,-3.628816948930923,-3.308124385223842,-4.59945354964801,-2.6843413885166645,-4.261248254776,-10.917453553736326,-10.024595263673959,-9.340147569391817,NaN,NaN,-11.202160503297451,-4.2322969863208435
1926,-0.6268799231840436,-0.5007591484319103,-0.4111364692302904,-1.0154470607751858,-0.03719297231131771,-0.49286192980679605,-4.6173425681203435,-4.184500496665233,-3.6479398163126744,-5.51834982152107,-2.8928836612867004,-4.98425517949,-3.3184593416550348,-3.2301483575846692,-3.1476101217909527,-3.697863897507172,-2.7465078267043816,-3.227677327936346,-3.8364785808569186,-3.5873189636393414,-3.2702937371055385,-4.5061765310934465,-2.6694047511499295,-4.176789331436157,-10.848894681044712,-9.965654923771885,-9.294746283882072,NaN,NaN,-11.233488262164094,-4.150538315903962
1927,-0.6235708477302622,-0.49962237767355766,-0.41165361383727717,-1.0062205833610167,-0.0082588078570504,-0.4874995144930753,-4.525815932893682,-4.102531377024135,-3.5687181910413,-5.30766141790771,-2.815331027164653,-4.87102313909,-3.2204052702300956,-3.1367167072894055,-3.058184757002283,-3.5810498150447887,-2.706035228401663,-3.1523057764226743,-3.78849217193431,-3.5424490259876684,-3.229389129075447,-4.391159356354412,-2.5545519429996317,-4.124979639053345,-10.71309987780123,-9.843666248657367,-9.185508692397695,NaN,NaN,-11.300538775892718,-4.061827359727081
1928,-0.6195010390508331,-0.497467902379087,-0.41103644445281745,-0.9751313518711215,-0.022643851413335386,-0.48211411562832923,-4.461830735343082,-4.0447357716581465,-3.5201687361584035,-5.300975321474656,-2.7835374936303086,-4.76876254949,-3.123009027331997,-3.0422989098853743,-2.967839977466954,-3.491548830674162,-2.58408210276817,-3.0399404352361508,-3.7414752635202966,-3.4984856247564253,-3.1893109433424067,-4.455766161171697,-2.458208847598119,-4.053016519546508,-10.34087788835147,-9.482305776617485,-8.84048410087767,NaN,NaN,-10.99322183443144,-3.9840878543501996
1929,-0.6148033582481119,-0.4951187421426912,-0.4105019411561877,-0.9724931010611504,-0.02463363705571754,-0.47669376459988694,-4.379443650750423,-3.971618072131078,-3.4585268579700097,-5.203156139245076,-2.7398516890285034,-4.67126232061,-2.971642368585907,-2.9008312068734154,-2.8326778949347458,-3.364572905723242,-2.456471697861522,-2.9371179407293146,-3.702322860209751,-3.4618759693373136,-3.1559366245131577,-4.3739481944432725,-2.5052297356443898,-4.0196997165679935,-9.994666339044452,-9.147801276794848,-8.52198114763141,NaN,NaN,-10.474411885506226,-3.911108709693319
1930,-0.6093218948321272,-0.49241098948793016,-0.40996492029666814,-0.9812114688023919,-0.037804813752296405,-0.4712276372042569,-4.3136712436168825,-3.9150204534417608,-3.4105529476026515,-5.1086851301522405,-2.704719284841681,-4.5751269904,-2.8259925398646795,-2.7590143767842905,-2.6968847190752996,-3.197745007404583,-2.3261760088415553,-2.8757768457586117,-3.6978231620841395,-3.457668503538546,-3.1521009887109717,-4.335625297941508,-2.568708358293691,-3.9823153018951416,-9.671654450149198,-8.826617571391544,-8.205096564351377,NaN,NaN,-10.184452568299797,-3.8394944637064374
1931,-0.6046352198952816,-0.4906370197218285,-0.4097685936096638,-0.9417959847212218,-0.02245832180158881,-0.4658552559939298,-4.246191998040588,-3.855253366489997,-3.3597101228652124,-5.0473893990381935,-2.6260429028120895,-4.44350086125,-2.754879574718213,-2.689696055213455,-2.62847898503846,-3.112677308068764,-2.2634731533541372,-2.6913759058172047,-3.649425644018653,-3.412414156175392,-3.11084594273971,-4.280838916968839,-2.4930245441668553,-3.9497736454010006,-9.487561563435982,-8.652614412457115,-8.039817305245485,NaN,NaN,-9.757755545159595,-3.7323894187795563
1932,-0.5999658134589664,-0.4889002436902571,-0.4091280409869058,-0.9533970573193123,-0.05392737838610577,-0.4603271397677335,-4.171512549396013,-3.786173662535359,-3.3000834731367634,-4.932039859793557,-2.586580739712634,-4.35036960515,-2.6885644433698714,-2.6248542773359524,-2.5652278966109225,-3.031921937387652,-2.219755058432755,-2.5936906641179864,-3.596757163731927,-3.363166223693404,-3.065950240184771,-4.223015915042183,-2.3997146843446306,-3.9116777896881105,-9.301273422806496,-8.481529872841648,-7.881349217721662,NaN,NaN,-9.504605049194335,-3.663779246902675
1933,-0.5955800271165109,-0.4866028089311959,-0.4083649781631603,-0.9468840118592234,-0.07295973634473056,-0.4549425515261564,-4.102926628276269,-3.725038408448344,-3.24479639596057,-4.971277647548362,-2.47384769916752,-4.25953250798,-2.560460937443295,-2.4986134596271716,-2.439511125736136,-2.909035092295135,-2.0921745211267373,-2.484005719965155,-3.574253737175408,-3.342124279334357,-3.0467678536862755,-4.216106094739217,-2.4308906896419464,-3.867179727554321,-9.080546515247637,-8.270073095224523,-7.676267217689651,NaN,NaN,-9.253040811952237,-3.5974632339557937
1934,-0.5906583789153855,-0.4841016264823891,-0.40758147821660584,-0.9237670436403476,-0.05270172646130691,-0.449480524930087,-4.04780799792996,-3.6791306329915323,-3.206473251611164,-4.821574760328859,-2.4853315282197626,-4.18574787053,-2.460836618734518,-2.3997834640780873,-2.34093790882199,-2.810823192280214,-2.0063952789058472,-2.3884008234197447,-3.5272921507854194,-3.2982126072452704,-3.0067368255913864,-4.287482142151509,-2.2942600602591647,-3.853262567520142,-8.946244253836214,-8.141817967641527,-7.556213028127235,NaN,NaN,-9.500952017569661,-3.5481996807289127
1935,-0.5853107979366972,-0.4819858184167419,-0.40690674920118547,-0.9314575731679642,-0.053553917725707036,-0.4440792950716886,-3.9807013493792356,-3.6200327957667597,-3.157005111276088,-4.727654263447228,-2.4079288573990003,-4.09781146916,-2.3983913202210596,-2.338898238699817,-2.280962256004369,-2.7419373240347293,-1.9331312111019168,-2.276845914667303,-3.480166312036755,-3.254147350146212,-2.96656578538681,-4.127294367545598,-2.3434234328335264,-3.7873159885406498,-8.864763813511061,-8.071324367002545,-7.498986950400151,NaN,NaN,-8.699684359075338,-3.484784363582031
1936,-0.5802241627348997,-0.4796252206000283,-0.4062893360810778,-0.8902800306036079,-0.05542922005574741,-0.43867577639493077,-3.9160439234012214,-3.5598627715826243,-3.1074184024885025,-4.712455324703279,-2.444079336171893,-3.99091983708,-2.3193993863435556,-2.260543591683963,-2.2042336405203287,-2.6412590746659146,-1.8265127574668873,-2.151611310785467,-3.4323975475529553,-3.2094809220427396,-2.925846701980447,-4.127025734010865,-2.2618063519161,-3.683291864395142,-8.481797334863742,-7.698227806244469,-7.135281460235177,NaN,NaN,-8.345625635928295,-3.40241381572515
1937,-0.574709331677174,-0.47672879231958665,-0.40529970414783306,-0.8997719600928492,-0.06500603943088387,-0.43329123583706947,-3.8465672770310366,-3.4986692570705635,-3.055033313773503,-4.649239362398004,-2.294555744419095,-3.89691425237,-2.227626551170364,-2.1685532426708765,-2.1115954344383234,-2.577719475890107,-1.7687178795210796,-2.0860078638250177,-3.3816422494244276,-3.162021920345155,-2.8825818354898924,-3.963294598572954,-2.2944839884308963,-3.566823816299438,-8.258851814300597,-7.486379814946256,-6.929477945524804,NaN,NaN,-7.953761479092558,-3.332929315238269
1938,-0.5695507144000519,-0.47323215054635737,-0.4030579996906191,-0.8976157989269713,-0.070669039614236,-0.4277643593874845,-3.7635379361722974,-3.4239998516085786,-2.99187145340271,-4.580761354832701,-2.3034933176766845,-3.79899288091,-2.17699439936271,-2.1195296874082556,-2.0638838349874327,-2.499702330839487,-1.7155694080380293,-2.044928914850409,-3.330913327436118,-3.1145875817926907,-2.839339452567105,-3.999454424966218,-2.099312087246487,-3.444520044326782,-8.134814250679733,-7.375927686430345,-6.831128071312564,NaN,NaN,-7.899684639860988,-3.2595290280013876
1939,-0.5639668523333045,-0.47023719942434283,-0.4009905266067541,-0.8689231373126671,-0.060118014306931686,-0.4223870190707119,-3.6761419919930747,-3.346014123888155,-2.923263172558608,-4.438647040309131,-2.291894092557145,-3.72093234929,-2.1560434405095137,-2.100001215681395,-2.046705536437665,-2.4892621075333174,-1.7228385873133765,-1.9972474878484552,-3.278098752519737,-3.0652030427783314,-2.794319215926463,-3.987930392160605,-2.122352427472465,-3.301994562149048,-7.998957951274424,-7.250417589947382,-6.7160246460206645,NaN,NaN,-7.911933543707674,-3.205989580604506
1940,-0.5591855333322732,-0.4668479247944229,-0.39883069478536665,-0.8781478148419773,-0.07741445170740177,-0.4169570836153898,-3.600396065662161,-3.279278541319851,-2.866775922313609,-4.405349292439698,-2.171053683824151,-3.6258666602,-2.0533257245016614,-1.9961128224425984,-1.9410501185707905,-2.375578603901279,-1.60151213943306,-1.9552793329412288,-3.2311808877082435,-3.0213322527753426,-2.754325457009889,-3.8736105571326656,-2.1231736701764947,-3.169507455825806,-7.713584790282338,-6.977088506941735,-6.44735157111229,NaN,NaN,-7.4846792166250555,-3.1354449757376246
1941,-0.5526519338286515,-0.46280329267879644,-0.3957281218555423,-0.8650906491118192,-0.06959679842178532,-0.41157092181119054,-3.4947798301270487,-3.182050865905918,-2.7826199613101874,-4.196092998480104,-2.1209836732473373,-3.52210994634,-1.9810384134740338,-1.9250558861158944,-1.8704011801466092,-2.307675624148078,-1.5551093837187742,-1.893123418634588,-3.190051174676653,-2.9828737037654554,-2.719265638454584,-3.850455231219613,-2.048894095116657,-3.092987680435181,-7.486680996209726,-6.763651675055606,-6.248805069611565,NaN,NaN,-7.475771658546931,-3.0562093461007436
1942,-0.5468837561531734,-0.45889688033658144,-0.3929180737430753,-0.881400513572186,-0.09470360868667652,-0.40614322749051196,-3.3982857612912722,-3.094787388670756,-2.704359004843043,-4.151294529851917,-2.027079801013089,-3.42794910344,-1.8448508787399478,-1.7815348845138321,-1.7187835604580162,-2.1757384106802893,-1.408742399144283,-1.8451209848577332,-3.151172925102865,-2.946520397203269,-2.6861250139440758,-3.8581551572051875,-2.0198040859540356,-2.967337656021119,-7.3031094767110645,-6.588857983141991,-6.077920640758113,NaN,NaN,-7.568758274996826,-2.9865695874238622
1943,-0.5415192360028362,-0.4546974994441728,-0.38926855951057204,-0.8490609426821173,-0.07626646155548089,-0.40063289729031654,-3.3127003178015326,-3.0160145443105777,-2.633460911797185,-4.0626976149635965,-1.8989533412369006,-3.31921268376,-1.753490167854808,-1.6880565405555532,-1.6228658625310692,-2.051389724186997,-1.3171612298188462,-1.775259572809393,-3.115152950603684,-2.912839735401723,-2.655420842258316,-3.802400575962848,-1.973424868158844,-2.8022913455963137,-7.150199773452522,-6.45374231426663,-5.949931630033297,NaN,NaN,-7.195089099762248,-2.9023542519669814
1944,-0.5363548443866263,-0.4509388996400112,-0.3865234004537629,-0.8295922249198056,-0.06560829775129953,-0.3952644738284025,-3.2349226730371385,-2.9436609230401385,-2.570028025688831,-3.965219572201981,-1.89180862029135,-3.20311962041,-1.7202448001748933,-1.6575703092882363,-1.5951763551911078,-2.007696437085205,-1.2971527012540658,-1.7251830881292172,-3.0800673503012392,-2.8800327649826367,-2.6255131504744496,-3.7455273108520357,-1.9915809297357985,-2.6818834781646728,-6.851928410891562,-6.17206513563614,-5.680007545594155,NaN,NaN,-6.940120632661161,-2.8107822728400995
1945,-0.5315201692779179,-0.44744689193218146,-0.3848275653738805,-0.8493689853316915,-0.09174922724739577,-0.3898103627291593,-3.1500167804790467,-2.8651027954557717,-2.501325898655628,-3.854616086164026,-1.8704975034089149,-3.10310283574,-1.6856696106239275,-1.6251699581394958,-1.5646391063696572,-2.000611525721332,-1.2763903272503097,-1.720994169061834,-3.04055503745129,-2.843086574303732,-2.591832037305591,-3.6967543701637724,-1.9205087202481959,-2.6717501163482664,-6.8098800730086,-6.142311637552387,-5.660840748429937,NaN,NaN,-7.064113984469863,-2.7352865723932185
1946,-0.5255618863994374,-0.4437799514329206,-0.38255704998836443,-0.8117364796161586,-0.09553546392065136,-0.3843481930819425,-3.0791536646399145,-2.7998438946251647,-2.444659449536963,-3.767036144694076,-1.7880127697082482,-3.00976177129,-1.6223523534083806,-1.5630446812452765,-1.503034093298465,-1.9247680639143607,-1.199591322321866,-1.70151384527033,-2.9852792771627783,-2.7914006912905993,-2.5447138353202456,-3.705119112913854,-1.8432827823515698,-2.6829302310943604,-6.601188448117486,-5.943522687021333,-5.473212900866377,NaN,NaN,-6.7264434873824115,-2.666466592166337
1947,-0.5200284153483136,-0.4398367392896508,-0.37941694299696654,-0.8016611426227384,-0.08619297167561207,-0.3789894970980558,-3.0117102570205616,-2.7387504142736185,-2.3929771817062155,-3.683111042441238,-1.7212599390346748,-2.90582881841,-1.5332740503121856,-1.471728087460647,-1.4100314394737177,-1.8011810572239595,-1.1251149796988298,-1.649337751215155,-2.924617030945855,-2.734678146997827,-2.4930040812577983,-3.6126823120914153,-1.8347784738433026,-2.7342485904693605,-6.448261119529054,-5.803658814594479,-5.345153965457888,NaN,NaN,-6.723254636996462,-2.587054723509456
1948,-0.513490592069692,-0.43522287910542207,-0.37608840304341457,-0.8161121936999245,-0.0938875525033897,-0.37351922121914943,-2.9142410297696006,-2.649123441969951,-2.3103359920666504,-3.6257349599211164,-1.6496222389746094,-2.81444850835,-1.4292157502468097,-1.3633235106467811,-1.296491936294654,-1.7180057806140905,-1.0143587564751335,-1.5536521738225768,-2.86197577008246,-2.67610511491502,-2.4396073741555795,-3.5747556941339202,-1.714415034852963,-2.8385199069976803,-6.2081131152997875,-5.569784932653432,-5.120606371658766,NaN,NaN,-6.29570893822944,-2.520195497672575
1949,-0.5061432011232941,-0.4299134532555301,-0.37176718879613124,-0.7691378701686024,-0.07399318273828472,-0.36812314120205974,-2.8558918904239627,-2.595837959304265,-2.2662334480927826,-3.6159969771300338,-1.5828742311163089,-2.75249629888,-1.3859056232930242,-1.3228737094487903,-1.2591088640334909,-1.6655023517694958,-0.9951661152028557,-1.4421209161931818,-2.800106513664991,-2.618253949546835,-2.3868687396194694,-3.4896266486864294,-1.7410266351019865,-2.8981478214263916,-6.017422814947764,-5.389581587241528,-4.953242898359717,NaN,NaN,-5.795047387289413,-2.482764372425694
1950,-0.5000128859954234,-0.424987379982133,-0.3687134505385861,-0.7660130139898663,-0.10591526381730743,-0.36264223185452554,-2.7962227114663802,-2.5415832754159267,-2.221370076320517,-3.560625899127584,-1.5261438461332362,-2.64135585698,-1.3822222677045257,-1.320242485132191,-1.2575199478372394,-1.6431928400458276,-0.9844667024876976,-1.3604312723333192,-2.7379221990886444,-2.560108187432137,-2.3338615429886977,-3.4572809905451605,-1.6465562141737138,-2.815257120132446,-6.018981139630341,-5.400720460636871,-4.9731427098730565,NaN,NaN,-5.985805844939225,-2.3961450147488126
1951,-0.49402433146029967,-0.4204827476539098,-0.3650175033093691,-0.7613332691812934,-0.09649109350528487,-0.3572604569521817,-2.737148925364863,-2.4914125155606013,-2.1772476284852624,-3.4750542913007725,-1.4510282235678922,-2.56356235417,-1.327482538119934,-1.2670593766830818,-1.20644316816631,-1.5933557272875145,-0.9436712560871258,-1.291308576410467,-2.686190034371363,-2.511735761623111,-2.289763975201925,-3.389559276796659,-1.5777413482794556,-2.7181330204010004,-5.641821356373428,-5.029806939774478,-4.6123042265676935,NaN,NaN,-5.4950770375657925,-2.342872596161931
1952,-0.48754131326340366,-0.4158347281807912,-0.3612570122779442,-0.7432511103639053,-0.10734903124300291,-0.3518108281222257,-2.671916334934405,-2.4318874874578977,-2.126125222426512,-3.436380543235767,-1.4287982987558936,-2.47088924321,-1.2944928361823873,-1.235470958817447,-1.1779560864236662,-1.5721372325669678,-0.9219200839699373,-1.244715864008123,-2.637659268163545,-2.466356819901412,-2.2483953457566095,-3.34639669551334,-1.5565039937110234,-2.6388128757476808,-5.459477113734582,-4.860666671870744,-4.451394079486674,NaN,NaN,-5.224996184831158,-2.2747205694250496
1953,-0.4810407314037594,-0.4111437575578767,-0.3577888386354196,-0.7513483300433301,-0.11345153751670707,-0.34638618555935946,-2.5979373281153073,-2.3638083539877934,-2.065618000005049,-3.306670254207145,-1.3783453629264124,-2.37081600103,-1.2320653819245717,-1.1744621807609064,-1.117673358811907,-1.4830435544978342,-0.870108100633193,-1.1987132852727718,-2.5905374555172345,-2.422295327429998,-2.208227737484999,-3.3605677468002217,-1.4548945972943297,-2.6377714633941642,-5.366577017531537,-4.780925424400104,-4.381134861189896,NaN,NaN,-5.3352413439159,-2.199168411468169
1954,-0.474178870059997,-0.4058729235624089,-0.35379865259256427,-0.7279218715987761,-0.09150654544342089,-0.34098810282620523,-2.5149407092257707,-2.287685812904526,-2.0001198888561147,-3.2936885730150305,-1.312105145617676,-2.28918491277,-1.1905857543698934,-1.1355711731656748,-1.0816125432998451,-1.4329717247172935,-0.8075372012539098,-1.16956976110285,-2.543737665627297,-2.3785349439876873,-2.168334628075084,-3.297692360494034,-1.4531457233304688,-2.6217352390289306,-5.174131869711921,-4.603418811024134,-4.211077869716008,NaN,NaN,-5.127941677618937,-2.1420584074312874
1955,-0.46721851155329047,-0.40109829352863496,-0.3497504723660387,-0.7112365336558981,-0.09404751060889244,-0.33553046313199136,-2.4475417260729526,-2.228703799404901,-1.9488190490054147,-3.167834352807092,-1.3021552273825874,-2.24269004735,-1.1450125669184414,-1.0898725059543932,-1.0385918638138472,-1.3813544341283148,-0.7895500004330304,-1.146664029901678,-2.4956355716482332,-2.33355683443095,-2.1273314077088026,-3.179994336977034,-1.4387749113208765,-2.6249311923980714,-5.20644654130937,-4.649211315605701,-4.2638498747585665,NaN,NaN,-5.472432942739919,-2.120084626234406
1956,-0.4606901593434043,-0.3963169112582987,-0.3459506228509462,-0.6841440484898635,-0.09783683928915499,-0.33016361323269944,-2.391088149879215,-2.1794763901283902,-1.907417209722214,-3.1306257318508415,-1.2009760047296414,-2.15210204991,-1.1034489792449678,-1.0503967663693987,-1.0012185500137236,-1.3514093213891072,-0.7446171339002716,-1.1088739221746269,-2.4455087720227744,-2.286685513480477,-2.084602286348853,-3.159666704273196,-1.4172417171446139,-2.6001024723052977,-5.309699283148612,-4.7701724127565575,-4.394322321000343,NaN,NaN,-5.659138423447326,-2.054017713017525
1957,-0.45421756294827415,-0.3911132602497682,-0.3419919723814168,-0.6915386836173024,-0.11137312139940699,-0.3247422131625089,-2.3385282450761524,-2.135540506000544,-1.8718867306590945,-3.053468665037177,-1.17544985286286,-2.05362754735,-1.071657447329593,-1.018802283274707,-0.9715218794572593,-1.3104420667241987,-0.7223346107739741,-1.036597234552557,-2.3889739939471273,-2.2338223794314898,-2.036410871546755,-2.9199935816682197,-1.6092113433992776,-2.548732614517211,-5.134536452498497,-4.6091385975083075,-4.2461558324169975,NaN,NaN,-5.107489815830466,-1.9800642946806437
1958,-0.44751149471946045,-0.38599758257738837,-0.3381846927589036,-0.6729409534489844,-0.08404045080206167,-0.3192844781008634,-2.2753666340940666,-2.077035131581159,-1.8219311705443366,-2.9373636025809247,-1.1065556575791085,-1.97923446569,-1.0252177402621407,-0.9721500267234986,-0.9259290311217843,-1.2828975938157625,-0.6814460914669133,-0.9685359781438658,-2.3263809930839146,-2.175294473109244,-1.9830553022674176,-2.8177948565858175,-1.5585403877586688,-2.0671160221099854,-4.776185952552997,-4.262689348085769,-3.9087709869751843,NaN,NaN,-5.097668094673679,-1.9301922972437624
1959,-0.4405457977197159,-0.38055592360387125,-0.33374576885349566,-0.6592877488902963,-0.1049109752765646,-0.31389617052945223,-2.1950914966602606,-2.0031621371263313,-1.755713064558019,-2.8796071972855697,-1.155744004485585,-1.9245202628,-0.9750878048790002,-0.9220171800355943,-0.8768039177952474,-1.218165264422216,-0.6214474377364375,-0.94980486089533,-2.2594353243885976,-2.1126965824178834,-1.925989428850828,-2.7643067023525396,-1.4844595874954032,-2.270864725112914,-4.634518818034625,-4.1289534036823,-3.785392906626987,NaN,NaN,-4.9727829336889435,-1.899999178576881
1960,-0.43303050124100373,-0.3744052046200218,-0.32836912099957194,-0.6529715528435759,-0.11031004519071574,-0.3084096821871671,-2.1313070211642104,-1.945849108836763,-1.707102764391159,-2.804558174996118,-1.1087608479453823,-1.84986911687,-0.9421539969936964,-0.8907221260925291,-0.84607321376692,-1.17218474305634,-0.6167861186495142,-0.881216985529119,-2.19962144055998,-2.0567673037251835,-1.8750028364447797,-2.625647968612373,-1.4902124900248588,-1.997335672378541,-4.534360051463188,-4.037902320790357,-3.7086523582156596,NaN,NaN,-4.939828278424672,-1.84986911687
1961,-0.425426721232011,-0.36807857811895617,-0.3232162154670883,-0.6445668000154607,-0.09744698696390308,-0.30309595194729894,-2.057512621126692,-1.878025899245035,-1.6470821097735373,-2.696709137999702,-1.0417422941795433,-1.77509895238,-0.8592269689413704,-0.8062259010081063,-0.7619253250039408,-1.0852701132420945,-0.5219394315227435,-0.8129214113408869,-2.1440640757719325,-2.004818104981195,-1.8276445889563089,-2.5761888152588814,-1.4096097876400073,-1.8097164630889897,-4.348260823897998,-3.8616293169416664,-3.5410829110334965,NaN,NaN,-4.833232625878124,-1.77509895238
1962,-0.4174873299277143,-0.36133422341442634,-0.31718315375069017,-0.6247377386182246,-0.11114164013453702,-0.29754404154690833,-2.0038741382198215,-1.8294604051263077,-1.6082412101650916,-2.6485574812854225,-1.019938566306049,-1.6921268073,-0.820897407532684,-0.7681994089426221,-0.7233825540562714,-1.0417024269768353,-0.4800260168893784,-0.7267779176885429,-2.0978697485007842,-1.9616238624643139,-1.7882675884125192,-2.5322583496338513,-1.3738164194412599,-1.6807960987091066,-4.276205377659975,-3.801489784373796,-3.4860468686741815,NaN,NaN,-4.6839244378786695,-1.6921268073
1963,-0.409291457506674,-0.35510409693468153,-0.31236626424943653,-0.6284169199234859,-0.09695482619370005,-0.29218482104214755,-1.9345188204286456,-1.7662596865911215,-1.5531494468548415,-2.522929202512935,-0.9935383585107435,-1.65613056096,-0.7640029403371964,-0.7101915898259943,-0.6644548973112567,-0.9784894135011443,-0.44299902701328037,-0.7027726953679869,-2.083172929011251,-1.9478815260615883,-1.7757397153333332,-2.569918918514274,-1.3329824608310508,-1.8142593860626226,-4.121920287567262,-3.659096152887584,-3.3480943327748687,NaN,NaN,-4.793041086951737,-1.65613056096
1964,-0.4026817294929784,-0.34928262235870267,-0.3073171408536146,-0.5910349419098421,-0.10372660045042792,-0.28678678599270907,-1.861648314717815,-1.700111802853264,-1.493791295403318,-2.445071796457202,-0.9582449780941088,-1.65638366613,-0.7231165499487691,-0.6691368889145854,-0.6227800362339746,-0.9363928726103857,-0.40450032050185364,-0.6994616335088559,-2.2148606782513056,-2.0710168310480466,-1.887993078024357,-2.614185201486487,-1.5100684672878983,-2.048475503921509,-4.136415698629569,-3.6902773377446976,-3.3785761292216288,NaN,NaN,-4.473911095272729,-1.65638366613
1965,-0.39888034613305606,-0.34674258024752014,-0.30555927631540686,-0.5983887884108924,-0.10707593176508852,-0.281308260830966,-1.8192227877609477,-1.660284846784609,-1.458445438148787,-2.3916996233655734,-0.8907574422089694,-1.6436187354,-0.6806785043333471,-0.626172417189411,-0.5796934397904212,-0.8955247538267629,-0.36191225330793425,-0.656011277979071,-2.287584178730063,-2.139017312966913,-1.949984094823661,-2.6131425945424644,-1.6339579176839598,-2.089956521987914,-4.218876098926641,-3.779547584905882,-3.4681621938453073,NaN,NaN,-4.245484458237755,-1.6436187354
1966,-0.3959102742288091,-0.34495117027125,-0.30395873787014555,-0.586510280160515,-0.10630487975106674,-0.27591704455288973,-1.7616026623014183,-1.6090434020597488,-1.4112552275836505,-2.3189732960747804,-0.8929918658948391,-1.60752426061,-0.6280119408265591,-0.5727858111058444,-0.5247970401144479,-0.8282077036943059,-0.3093694474246142,-0.5829888170415709,-2.300442113805864,-2.151040191072064,-1.9609444647734158,-2.680911162736183,-1.6304890647859889,-2.034507989883423,-4.194869709745816,-3.7612350014488083,-3.4559027298063536,NaN,NaN,-4.285064238141662,-1.60752426061
1967,-0.3915382210052137,-0.34260599967749317,-0.30172290642585947,-0.587606196173131,-0.1046699113698,-0.2704956444826994,-1.7088260834562736,-1.5593382365738577,-1.366811134014729,-2.2263898150405637,-0.8406016798274315,-1.57432399663,-0.5996720538113387,-0.5464468690667541,-0.49812008193779356,-0.8094149509453888,-0.2873798078462799,-0.5461797540838069,-2.2340498978901775,-2.088959809239414,-1.904350365959724,-2.672948689803897,-1.4893181193288096,-2.1567160129547114,-4.139072018044521,-3.7162115230115345,-3.4157336825930087,NaN,NaN,-4.569899013233658,-1.57432399663
1968,-0.38644070671783654,-0.3382392210857793,-0.297952488508635,-0.5742310239530021,-0.11109848116027657,-0.2649793061343107,-1.6540227091291881,-1.5065697890638448,-1.3219088544555517,-2.173980978244518,-0.8220351089695124,-1.55316139134,-0.592561556274999,-0.5414150040067409,-0.4942515621125116,-0.7991275434134196,-0.2856600584004915,-0.4902192896062678,-2.2097663873632496,-2.0662533882387457,-1.8836505990465433,-2.6144227717721624,-1.5200497673355466,-2.3616812229156494,-4.217056342984841,-3.8108928133785858,-3.513820263369511,NaN,NaN,-4.540422925162573,-1.55316139134
1969,-0.38076116658668174,-0.33407732170022486,-0.2947250130824152,-0.5733741454665299,-0.10066818826735927,-0.2596308144656095,-1.6008926606536629,-1.455074367372747,-1.2776956872029348,-2.1334958686494643,-0.7933896341476031,-1.5060065833,-0.5732080132875739,-0.5213547267870555,-0.474607230494046,-0.776254102990014,-0.26861496003987334,-0.4493830507451839,-2.1635711963689843,-2.0230583380931364,-1.8442728622472937,-2.526243550563549,-1.49106947522061,-2.2940184116363525,-4.027698778033716,-3.6316975809786154,-3.3435838493056558,NaN,NaN,-4.056282556672161,-1.5060065833
1970,-0.37480505026443095,-0.32913355753361384,-0.29039346921045867,-0.5578878112936689,-0.11452679234285627,-0.25425337878140536,-1.5344407973087308,-1.3937192204277773,-1.2230614017159416,-2.048498334883393,-0.7258452143823625,-1.47674499425,-0.5649637361169433,-0.5147667679850172,-0.468441136636608,-0.7603228609629545,-0.2736136450222405,-0.43406332189386587,-2.1026077791334137,-1.9660541822955118,-1.792306383775907,-2.442899374428813,-1.450148403888527,-2.2299360752105715,-3.9942376468431866,-3.610894242971896,-3.3327541351165633,NaN,NaN,-4.213299142025142,-1.47674499425
1971,-0.36766819735747636,-0.3234681037631042,-0.285359162188843,-0.5493090912724887,-0.1063738063311823,-0.2487426194277677,-1.4820259104068936,-1.3426461318590102,-1.1770886643108363,-1.9597785705084585,-0.6967267312212737,-1.42996688756,-0.553950125810761,-0.5043539312354377,-0.4580855175820709,-0.749742797729591,-0.26140196957841,-0.3854952638799498,-2.0478945973752865,-1.914894341221113,-1.7456677353722574,-2.376943558144779,-1.4397765999969812,-2.01857705116272,-4.002650351040532,-3.630703059341717,-3.359629808019704,NaN,NaN,-4.173902702036516,-1.42996688756
1972,-0.36056524145401875,-0.31745185318091673,-0.2801151727902178,-0.5301671670987063,-0.1194691079183191,-0.24328188029202552,-1.4369597942410233,-1.2998401350514985,-1.139429273625902,-1.9162407534957173,-0.7213386843665526,-1.42581516179,-0.5568365296413089,-0.5129876876544492,-0.47326100051834774,-0.7605500980194415,-0.27594358499409183,-0.41572569066828,-2.0158990589132415,-1.88497674896621,-1.7183940762490584,-2.3649919937147783,-1.3877652172034198,-1.9049362659454347,-3.9064331916636914,-3.544419150580699,-3.279766272525374,NaN,NaN,-3.9113406376789097,-1.42581516179
1973,-0.3535232900281078,-0.31212846049599374,-0.2753058056916003,-0.5488379918787155,-0.09978588684596923,-0.23790487376126385,-1.4006947195858621,-1.2644218806530962,-1.1073677630657826,-1.861833244162904,-0.6443869667479677,-1.39842201146,-0.5581660510766397,-0.5180005895214324,-0.4821984612808146,-0.74017504037912,-0.3077439317703902,-0.4206208055669609,-1.9672937429061226,-1.8395280990725165,-1.6769618990120325,-2.3462432787347742,-1.3298171186452683,-1.8290678501129145,-3.963439933374177,-3.6172842275346517,-3.3592281583233885,NaN,NaN,-4.162824001511423,-1.39842201146
1974,-0.3461147882302354,-0.30621413888714083,-0.27004421948426954,-0.517769043628037,-0.10685186145541425,-0.2324612530795011,-1.347708925762212,-1.2141581316514571,-1.0601523668463846,-1.7833296010043371,-0.6068418730044554,-1.35760646733,-0.5541584634648716,-0.5165219160558032,-0.48229478470379095,-0.7280813781826907,-0.30157605291485146,-0.39651621038263496,-1.8976115259213555,-1.7743713848749745,-1.6175633352014633,-2.310213249320302,-1.2249017131663806,-1.7317896366119383,-4.35208457016283,-4.020637176342085,-3.7690978997214963,NaN,NaN,-4.361543907751239,-1.35760646733
1975,-0.3377942740658306,-0.29963834895993524,-0.2639378535626459,-0.5033207479085546,-0.1030025361031205,-0.2270876320925626,-1.3090569546873216,-1.1741721710446447,-1.0232038286906993,-1.7460629687817286,-0.6087277858192377,-1.32605033788,-0.5268774641069055,-0.48783799113960935,-0.4527703383441942,-0.7064897394798757,-0.2764435946336128,-0.39089840108698093,-1.846986891994236,-1.7270345614087288,-1.574409849580245,-2.225181631452516,-1.2323849538710645,-1.4828915119171144,-4.016047228472901,-3.6951410088461376,-3.4488496875703762,NaN,NaN,-4.301519260432482,-1.32605033788
1976,-0.3293382350138824,-0.29295568358599927,-0.2580803986504407,-0.4845886360897582,-0.1045661651039972,-0.22159060564908123,-1.2717891319619385,-1.1361003224924011,-0.985775089663467,-1.6948123022106196,-0.5689236195510777,-1.31339240941,-0.5211503515807389,-0.48427127602182907,-0.4500228579963556,-0.6977808658104604,-0.2714096299366405,-0.4085678880864929,-1.8301508304284955,-1.7112919157364335,-1.5600584422843213,-2.3426889335207735,-1.0653267107470668,-1.5214472293853758,-3.898548251722566,-3.5868461261380054,-3.344294739265475,NaN,NaN,-3.963633987688109,-1.31339240941
1977,-0.3219060396668039,-0.2867195831218124,-0.25246947966225886,-0.4716797094311884,-0.09658470461698232,-0.21624631014737222,-1.2306896950165838,-1.0954413454404257,-0.9469557743959519,-1.6473469364543303,-0.5629976939255794,-1.25747276219,-0.502145753739964,-0.46552030869962246,-0.43057495732439605,-0.6748853164145159,-0.265497153987541,-0.40815065557306496,-1.7715387122654427,-1.6564863541898276,-1.5100962598017835,-2.2494888818937446,-1.080201303113879,-1.4027002811431886,-3.682548181104295,-3.3788417127490713,-3.1404657429297713,NaN,NaN,-3.764184937145327,-1.25747276219
1978,-0.31379377912516176,-0.2796994003083142,-0.24612607804286843,-0.46523372135072405,-0.09539722787817567,-0.2107981118288908,-1.1590417846271353,-1.030778979056648,-0.8885845233692298,-1.5472013855759963,-0.5183203591348821,-1.19689861211,-0.4434259367597381,-0.4053586184072384,-0.36903655941830943,-0.6040703914526588,-0.19952294105388402,-0.40049865896051595,-1.6910277512199714,-1.5812041673478678,-1.4414670504562324,-2.284269293639031,-0.9042329792295073,-1.3702120304107668,-3.7600187012990416,-3.4700347187867084,-3.2424274861703197,NaN,NaN,-4.152141138121722,-1.19689861211
1979,-0.3037959535128602,-0.27148154924510465,-0.23909418798381676,-0.46379489146793834,-0.0832611670815037,-0.20536288348111248,-1.1097868512956868,-0.9822406097689065,-0.845319506392823,-1.4862897581290615,-0.49514040459850345,-1.13455577764,-0.4197008196537617,-0.38057257601351147,-0.3418653099652939,-0.569936371402538,-0.19649654795209545,-0.389603788202459,-1.5990033388953249,-1.4951562688669036,-1.3630235369728627,-2.298708723163938,-0.6905056512302771,-1.4052307605743404,-3.63513093014449,-3.35663455931847,-3.135572614702636,NaN,NaN,-3.820633753073221,-1.13455577764
1980,-0.29385750395772475,-0.26266357843916666,-0.23104706030534933,-0.4336723354675854,-0.08657380155793831,-0.19993166056546302,-1.0531182147821219,-0.9283795651644415,-0.7967609991069301,-1.3853467507856427,-0.4297289213571347,-1.090385398,-0.4010013558116314,-0.3616915077914906,-0.32116862033202465,-0.538276233306771,-0.17164270545196902,-0.3607046907598319,-1.5068789425147335,-1.4090148797818884,-1.2844947950110652,-1.8945695338426392,-0.9199807952745047,-1.0921608448028564,-3.2516793773078967,-2.9849113154127123,-2.7721633390684595,NaN,NaN,-3.3717894669527557,-1.090385398
1981,-0.28292060935128943,-0.25298184238062194,-0.2219801642946738,-0.4193160527309522,-0.06308829409814996,-0.19452041712674234,-0.9883850755949557,-0.8690253962153367,-0.7456809652580934,-1.36463109997953,-0.38695766590854197,-1.04518371495,-0.3449495292799026,-0.3045858938240711,-0.2623643577204262,-0.4828033742657355,-0.1113231137216311,-0.3079829996282405,-1.4217538617783694,-1.3294182366699956,-1.2119324145531623,-1.8104531029926558,-0.838034810325819,-1.1296556949615475,-3.1111830770718982,-2.8611946385968063,-2.658127775770464,NaN,NaN,-3.5930862101710876,-1.04518371495
1982,-0.27128661915645647,-0.24235004627933565,-0.21265789826406006,-0.42333897164207446,-0.06797315546803512,-0.1890497597781095,-0.8925263384568228,-0.7863355947238242,-0.6749097097243398,-1.2510315064789164,-0.3337328837060206,-1.00738120946,-0.3361509461675056,-0.29691190521699484,-0.2543863323377054,-0.4725762924158208,-0.11747726098431496,-0.2692658250982112,-1.334365884233245,-1.247705660296979,-1.137441094025496,-1.7741265740520344,-0.6786135773010084,-1.2615566730499266,-2.9447988746129004,-2.710474346738111,-2.5210581018443263,NaN,NaN,-3.26564094942428,-1.00738120946
1983,-0.25911219014512193,-0.23150590068278595,-0.20304043574397368,-0.40172017053514886,-0.05453240405774549,-0.1837081822482023,-0.8599300095967581,-0.7535210435500863,-0.6424407934587762,-1.1998093577197928,-0.28920332054639064,-0.98260436925,-0.3383220465777528,-0.3028279924298687,-0.2655545688804608,-0.4805166381595709,-0.13114065682848092,-0.2925846880132503,-1.312579504141805,-1.2273341939108375,-1.1188699327728966,-1.8702025446319452,-0.5801080537922966,-1.4041773319244384,-2.785951920593211,-2.564505859513018,-2.3777018435072055,NaN,NaN,-3.0319987114894285,-0.98260436925
1984,-0.24831205198652556,-0.222064909223432,-0.19467788216232945,-0.3984124420935416,-0.054037409462174744,-0.17819761362942788,-0.8180729242240663,-0.7144949578764228,-0.6063057568082637,-1.1394231143235436,-0.281659557444136,-0.923342284289,-0.3422887600974509,-0.3180503141373938,-0.29767644124302634,-0.4836748120676554,-0.15213712217748798,-0.30610683614557455,-1.348944272115586,-1.2613372566182937,-1.1498680135518042,-1.9840107320739049,-0.5436366478646104,-1.3752907276153565,-2.8708714684297476,-2.6586270802608025,-2.476269687932756,NaN,NaN,-2.868843014957873,-0.923342284289
1985,-0.23887013648587738,-0.21392555109749356,-0.18741007293848563,-0.3844152644905072,-0.049164699805152076,-0.1728599938479337,-0.7794329607927677,-0.6767549165323592,-0.5730445522708185,-1.0863857231752359,-0.278024704558353,-0.869401892749,-0.35109784349412315,-0.3322684082783871,-0.31579074294486476,-0.49895680362220873,-0.1758307490353394,-0.2849181955510921,-1.308566219830353,-1.2235815518424618,-1.11544892617209,-1.8090260773282412,-0.6436092082207787,-1.2075136661529546,-2.865473964832794,-2.666943806263774,-2.492231187586175,NaN,NaN,-2.8990094701234406,-0.869401892749
1986,-0.22884594994434973,-0.2050064638376713,-0.1793389649707929,-0.3719351177914654,-0.03334018332371943,-0.16734274950894445,-0.7278297653450565,-0.6296288749767642,-0.5293386846273184,-1.0592982287661457,-0.2207499745575514,-0.834535559741,-0.2858992402345884,-0.26621887582682824,-0.2501212868257702,-0.42092201916082655,-0.10842079292249189,-0.2674289529973811,-1.2258388834410032,-1.1462269318735947,-1.0449304326161881,-1.6275908596690496,-0.6344356837327737,-1.0398712635040286,-2.6783579498794987,-2.4931344685697496,-2.3274838623296827,NaN,NaN,-2.87330639322433,-0.834535559741
1987,-0.21691959028210556,-0.1939781115458682,-0.16938278346192737,-0.3557628944823254,-0.022682159057569377,-0.16192802515896887,-0.6912236319254602,-0.5936012071085526,-0.4951169253593854,-0.9998486059002659,-0.20718618588061138,-0.80257192525,-0.26010594061933234,-0.2413240350606074,-0.22609608135316822,-0.40540371442868883,-0.08413492516641999,-0.2675323312932796,-1.1416112645112186,-1.067469465024525,-0.9731330671749188,-1.5982607017405566,-0.5276628628288754,-1.0571058750152584,-2.2220272527036977,-2.0445991447213183,-1.8868817961400572,NaN,NaN,-2.2641210585903915,-0.80257192525
1988,-0.2038040974479078,-0.18255731445993978,-0.15934730468052383,-0.3506420348339485,-0.014250643426132883,-0.15648268786343666,-0.6341280229663252,-0.5430950870383624,-0.44946387933689186,-0.8942165360822829,-0.1893326381472928,-0.756219824878,-0.22757578241909907,-0.20863988606749784,-0.1930143444992176,-0.35849756136830035,-0.06028691170802258,-0.24032619649713705,-1.0451053037969804,-0.9772310717484982,-0.8908693890999502,-1.5034640367209575,-0.4597676396377692,-0.9519709110260006,-2.0779038790755435,-1.9129842210348653,-1.766247912795774,NaN,NaN,-2.3658943766703318,-0.756219824878
1989,-0.18980185090321616,-0.1701333608903213,-0.14822501659011497,-0.3286173944016852,-0.01179551759585211,-0.15115498629483315,-0.5726252747941901,-0.4891621569825273,-0.4032682296301405,-0.8222163459468529,-0.14206839854263695,-0.703258570758,-0.20525860584874844,-0.18613301424002016,-0.16967176893005687,-0.33436669326986684,-0.04730242743623207,-0.2040105646306819,-0.9319983778732125,-0.8714698608532051,-0.7944547047283412,-1.442630407848993,-0.3013331921917924,-0.9955696582794187,-2.062264267606527,-1.9116748736960194,-1.776076766499195,NaN,NaN,-2.528762061984929,-0.703258570758
1990,-0.17458814942881132,-0.15653526271397342,-0.1362441620763967,-0.3203997407954137,0.013201122681026505,-0.14561819163235762,-0.5350406430634064,-0.4537454144928166,-0.370784121236121,-0.7695091939148805,-0.13596433340791575,-0.616762503711,-0.21196347057283935,-0.19836494516860448,-0.18723752308091857,-0.335874085885737,-0.05981536970141525,-0.18309095556085775,-0.8021711304492286,-0.7500742276271943,-0.6837872722878683,-1.3197484609765353,-0.18556831402406618,-0.9834099292755125,-1.878334355173006,-1.7385829810228333,-1.6150194175620243,NaN,NaN,-2.179715392854077,-0.616762503711
1991,-0.15821135411267984,-0.14187428303556204,-0.12341288596094935,-0.3092073157791326,0.020501633672810653,-0.14028843966397375,-0.4916135393687472,-0.4143458436834928,-0.3365542667215165,-0.716037900222704,-0.12844812444385784,-0.549639662829,-0.21199857724355894,-0.20069283091716184,-0.19113994471871149,-0.3317629287796025,-0.06397938706089888,-0.16452606374567214,-0.6789955542755347,-0.6348982737016551,-0.5787898620755,-1.1108797798095076,-0.1622012749250986,-0.7139692783355716,-1.6224709409391056,-1.4968152106746044,-1.3869110906517035,NaN,NaN,-1.7564531798143612,-0.549639662829
1992,-0.14067418963796774,-0.1261838958674796,-0.10978084646510408,-0.2765608504951119,0.03608498736618676,-0.15604604807767014,-0.4438646477454129,-0.3723640321267361,-0.3004036154057486,-0.6808944315726497,-0.08428031686484094,-0.532529887286,-0.1871481087031723,-0.17664597299093643,-0.16812808044589844,-0.2985769309383263,-0.05912267914677701,-0.188701326196844,-0.6822082858908808,-0.6379023548677327,-0.5815284609909459,-1.1823486371999048,-0.1103896842988171,-0.7196871280670165,-1.3513779987729686,-1.2421104508029026,-1.137563495222578,NaN,NaN,-1.3626232316025886,-0.532529887286
1993,-0.1252175722145773,-0.11241018150269938,-0.09768909502134249,-0.28337611123122364,0.06315157542788409,-0.1528996380892667,-0.4179540345370844,-0.34689678842203975,-0.27641018686247243,-0.6152965363668715,-0.0720696734743859,-0.457681330768,-0.19679998980361446,-0.1870171098718285,-0.1784617281986045,-0.29584035769991274,-0.07792481087885893,-0.1796168153936214,-0.8540730938748974,-0.7986054245889218,-0.7280295800076033,-1.3837642297016657,-0.19586068986765554,-0.7577068805694576,-1.736119932799551,-1.629972258530483,-1.521271205081326,NaN,NaN,-1.3434786406719077,-0.457681330768
1994,-0.115081533435516,-0.10342368456083931,-0.08966869212052928,-0.26203393411074427,0.05413781139701699,-0.11916503039273352,-0.3651278893912282,-0.30154277947075325,-0.23848967210004338,-0.544422564468704,-0.05998284648948976,-0.388064822284,-0.21527366274303925,-0.19886132276623547,-0.1835861203066021,-0.29765177473685206,-0.09722207297309457,-0.15549810582941237,-0.8530078849085799,-0.7976093954844783,-0.7271215738405318,-1.2837458552243288,-0.3010238629253893,-0.6639641284942628,-1.6916854731429851,-1.5938409106578175,-1.4918409543172348,NaN,NaN,-1.1756852332699044,-0.388064822284
1995,-0.10280293447451831,-0.09246008201094374,-0.07993619374415281,-0.23685473369847004,0.04598152342536576,-0.09468263712796304,-0.31867101122546493,-0.26082305071851586,-0.20395044484613029,-0.48306125566943675,-0.03688234208875294,-0.305494746295,-0.21187353994704594,-0.19615449286191744,-0.18139277113446306,-0.2955911454595781,-0.09563629600758473,-0.1020575826818294,-0.7456579725464149,-0.6972313096316439,-0.6356142869685163,-1.1963691939805745,-0.18898377005876196,-0.7604019641876225,-1.399795267585981,-1.3131476971675966,-1.2216853795807616,NaN,NaN,-1.057131669360948,-0.305494746295
1996,-0.08774509295796791,-0.07887185199651231,-0.06813882599979076,-0.21273108699244134,0.059332552146204746,-0.0823554429140958,-0.25859317110294006,-0.21017281993272885,-0.16268951897841902,-0.3908067646685222,-0.014868749849447948,-0.279520663348,-0.20017084159976833,-0.18697690054574778,-0.17427723554833344,-0.28167372564591714,-0.09227777148946373,-0.13944633657282057,-0.6067883581580942,-0.5673805648225241,-0.5172389537985476,-1.0258552210540648,-0.10640764905086329,-0.4555838108062744,-1.1909728149308132,-1.1186105792504484,-1.0436055536583133,NaN,NaN,-0.9875334270864919,-0.279520663348
1997,-0.07007610662972716,-0.06292422013850293,-0.05418145998255278,-0.1991700827897131,0.07621243823028614,-0.06694213477048011,-0.21220650690531842,-0.16955505788782332,-0.1295359427285155,-0.3338551767707401,0.0010573106366986093,-0.210148772326,-0.14772976624064235,-0.13848379510943776,-0.1297283974886132,-0.2353803224469573,-0.042040677677484053,-0.1368076151067561,-0.45841184098914317,-0.4286403418339607,-0.3907597399558441,-0.9023057150781506,0.04749181526485242,-0.42439217567443843,-1.005197055529756,-0.9487229899676453,-0.8898658851350298,NaN,NaN,-0.8148721992149919,-0.210148772326
1998,-0.05027480049891502,-0.045171739365410274,-0.03872332910175284,-0.17546756802290378,0.09353808611086704,-0.04962514964017012,-0.15346075284332406,-0.12097067704777631,-0.09064732192950845,-0.26996724822278906,0.03426396233892179,-0.118133744327,-0.11556168507042597,-0.1103736599608185,-0.10585750026068842,-0.20846931815437095,-0.015787894985402038,-0.09964726621454423,-0.3260877501396817,-0.30491002236360387,-0.27796394650806205,-0.8274135065878563,0.19724960132324906,-0.4012865543365476,-0.6624152254084892,-0.621512228661311,-0.5783195311963739,NaN,NaN,-0.7709233996014468,-0.118133744327
1999,-0.029646672852988463,-0.026527409503655647,-0.02247655385331939,-0.1641561128781651,0.11718927137809355,-0.020642057332125596,-0.055541581587609426,-0.043806839979171563,-0.032144129021716775,-0.17962600122199424,0.09025881221870843,-0.0583946314725,-0.07216777804532258,-0.07017846884240297,-0.06814378827415837,-0.16619811410951593,0.02980712479317233,-0.07188237363641925,-0.18436932322405264,-0.17239548079720224,-0.15716022658448736,-0.6579967810165956,0.2988021235343779,-0.19428448677062948,-0.44467256351985074,-0.427220014921164,-0.40666586727639986,NaN,NaN,-0.6707032336367553,-0.0583946314725
2000,-0.007778841084725364,-0.00660877333999596,-0.005109742862542899,-0.1434480646117374,0.1393842376151683,0.0017998782071199648,-0.003584758714152736,-0.0006774055480138763,0.002100579947610058,-0.1268548031323812,0.13099045270900575,-0.00850888165561,-0.053409540973507454,-0.04879983930551912,-0.044183438036277334,-0.14832067807574179,0.0463587065466166,-0.04322274381464186,-0.01626484965891235,-0.015208531050661556,-0.013864494445482711,-0.4695686922793225,0.45255818499447725,-0.23769707679748553,-0.3049266147305182,-0.2989644220743022,-0.29316014288289705,NaN,NaN,-0.2893630562230687,-0.00850888165561
2001,0.012489833555592205,0.014342790209866757,0.01608440765110029,-0.12287384643700182,0.15043581070098805,0.017449840632351943,0.03882225797128589,0.047886566589864454,0.05672707711228835,-0.08183262307782904,0.17147830832962105,0.0506707581607,-0.005605575164779131,0.0020946756969912883,0.009636405771295832,-0.09097504767107778,0.0952858717167777,-0.014422828500921137,0.13449901646039866,0.14753747251042615,0.15778478548943584,-0.31960166315378635,0.5860189995732978,0.051730203628540306,0.20029321699995664,0.21842139956114356,0.23510353153752148,NaN,NaN,0.25111413603752597,0.0506707581607
2002,0.032225944452789236,0.03733532320416591,0.04155041764340048,-0.09959070751550228,0.17932875002765863,0.028250106898221106,0.08178496880006651,0.1048038208848574,0.12796923047163977,-0.03916277524315573,0.24812517967184844,0.112783900174,0.053732925177307676,0.06349060722460065,0.07339974339310183,-0.028227907037001548,0.16376022157536113,0.04990450685674486,0.2768714303710795,0.30371159672623294,0.32480608705504366,-0.1866536708776827,0.7707129854383383,0.3840820789337158,0.6668309750838886,0.7054117109945042,0.7416759948947502,NaN,NaN,0.6898753433700215,0.112783900174
2003,0.05317061142445877,0.06165741439822414,0.06863699831317295,-0.075896327252164,0.19755046849011001,0.05935688885775481,0.12538587013908492,0.16320723326882858,0.2024832227144074,-0.007345753634056231,0.3214976620458888,0.203065434369,0.10165415244711623,0.11455292038851406,0.12803630615548411,0.017211452613911018,0.21026770228285627,0.11952950304204757,0.40862778771659725,0.4482405342717486,0.47937337778874917,-0.09629820477874326,1.0025110048830796,0.6563944816589355,1.0089346428613992,1.0682254799056183,1.125240974104312,NaN,NaN,0.9549218843666174,0.203065434369
2004,0.07450291750561577,0.0866386059827993,0.09637285693429805,-0.05549759033868978,0.2227125408322753,0.10739208134737882,0.1681491824041279,0.22148755695268063,0.2776266599843617,0.05443147979764564,0.39711338550921405,0.280523434552,0.24057236542811727,0.24728045039424495,0.2548763173497856,0.15471692747734989,0.3450627703775176,0.18753883188421067,0.5263430070906706,0.5773671732578021,0.6174685931039393,0.09326789592928508,1.0260143653422376,0.6542348861694336,1.0680445563643193,1.1485288811380612,1.2236083749840523,NaN,NaN,1.213541885887722,0.280523434552
2005,0.09671109507725144,0.11256434348797079,0.12522101305186983,-0.0349611693327763,0.24411439595130627,0.0999986258420077,0.20310444020157628,0.2683368048577508,0.33769352006791115,0.09566251241062085,0.43947885603558645,0.333157912168,0.31471377649651033,0.3236505162676795,0.33353378217797125,0.22583605006853663,0.4224898793195232,0.2505139047449285,0.646260406622196,0.7089094737333854,0.7581472512791366,0.2385977995848039,1.1476264288537694,0.727204418182373,1.4885577832738779,1.587973745746796,1.6797132658071061,NaN,NaN,1.4810737354618184,0.333157912168
2006,0.1185750689619068,0.13829814594234388,0.15393210662572596,0.0030329380160796114,0.274014233146606,0.07396980198946862,0.25176217087696984,0.3355118972533302,0.4250621449061655,0.15218126866156775,0.5117457794905367,0.413940397176,0.41698511807909616,0.4296554138032582,0.44144489764593836,0.3337360138771412,0.5295146274261747,0.3268577749078923,0.7575443040199917,0.8309813325860829,0.8886976920290846,0.28795581570024364,1.3372300936796335,0.8508980751037598,1.8107749005912996,1.9340639427293786,2.0458219970955756,NaN,NaN,1.6682619083154182,0.413940397176
2007,0.14064645572034845,0.16459916440145975,0.18327785738100918,0.023222869052412096,0.29994089508124216,0.1307688561352816,0.3088043914309315,0.41362326705606156,0.5232774779526493,0.22116854287254598,0.6077786626198841,0.480652168664,0.4770748282729266,0.4910680081726593,0.5045905174624394,0.39456419034524703,0.5934384402993604,0.4076969320123845,0.8657979537915839,0.9497291888726915,1.0156932594107115,0.47204398075210935,1.4074932385907992,0.755551528930664,1.9979474977233136,2.1439198611533623,2.280357671367513,NaN,NaN,1.7704766164571324,0.480652168664
2008,0.16278306697615785,0.19095474692430342,0.21280220920714046,0.0482835893401048,0.3205076270346776,0.2120167461308566,0.35173984831361277,0.47068266545917625,0.5967004153553294,0.24588299002025985,0.6761700100049475,0.533499971303,0.5472168057948376,0.5629992627009552,0.5786734313276032,0.4686870841900608,0.6599023031521623,0.4865355665033513,0.9782971273064087,1.0731341338060705,1.1476693766189876,0.5695144939358576,1.5645681363246897,0.9397127628326416,2.2844187216288105,2.4496965446433707,2.6063116437619662,NaN,NaN,1.9117139587577285,0.533499971303
2009,0.18534705024974843,0.21757859338296562,0.24254171331773894,0.06379449968293316,0.36052892097608047,0.20756623419848352,0.38239227897635686,0.5110642501625358,0.6472133858872751,0.3034778805419945,0.7197614142594496,0.597413119945,0.586057577699096,0.6033794540385711,0.6216587424408806,0.5109537998317628,0.7029111333988013,0.5546272212808782,1.0991043818438682,1.205652552635018,1.2893919500950035,0.6556895568994878,1.7265976253336672,1.10294189453125,2.611763563675743,2.79511475860584,2.967504951830757,NaN,NaN,2.4151510581692697,0.597413119945
2010,0.20818107607681005,0.24489881465483704,0.27311834525354567,0.08094112868942441,0.3926555004361063,0.2918349829587069,0.4217930316621149,0.5646558776860484,0.7145187388624555,0.3381487724154604,0.7919441053685328,0.688776820424,0.6377017270333173,0.657528260846779,0.678298218434043,0.5600388626661735,0.7530675771801316,0.6660145530646496,1.2234344788547824,1.3420353214663967,1.4352472745651554,0.8499799196303105,1.785774229772951,1.0581675529479981,2.9176587503700024,3.120817646315624,3.3136086282605675,NaN,NaN,2.5053843201221917,0.688776820424
2011,0.23230590846976942,0.27321365886486465,0.30477981186404496,0.10973361883704394,0.42700829784446825,0.32411767813292414,0.4884374063240128,0.6566246322871168,0.8323602416512732,0.42247264476512686,0.9007256544378197,0.751769814166,0.8343374257119313,0.8677867812759432,0.9006520363007737,0.7666252578630561,0.9761057694540548,0.797527819330042,1.3550077330962154,1.4863634057276545,1.5895997616165691,1.0056013587310495,1.9376512077738008,1.172118040919304,3.0864487688711058,3.3207251595063316,3.540895414081454,NaN,NaN,2.6428689314413556,0.751769814166
2012,0.2585598948326191,0.30386271942290527,0.339117187798152,0.1389492203387143,0.46051139274273206,0.3536951062354174,0.5318621417155499,0.7127863356960082,0.9025775485719069,0.45860354298998013,0.9689890867588402,0.778427461061,0.8681357849458557,0.8986061185750125,0.9283412481265308,0.7978607628037175,1.0010857495326295,0.9165590698068791,1.4894571514571595,1.6338464720541,1.7473263621044397,1.1134363252405561,2.0993099675143085,1.3359959244728088,3.7416082967466404,3.9955783397634095,4.2370189658362065,NaN,NaN,3.6165069656815896,0.778427461061
2013,0.2838259936660177,0.3342358986987648,0.37325010148546134,0.1613179172234412,0.5034688356710159,0.42340410622683433,0.5682254120314032,0.7602120388096405,0.9614327472361703,0.4963719408340087,1.0112369374184795,0.865110281381,0.9446925719399598,0.9780001918579231,1.0080276737661515,0.8751166713415685,1.0786187445768995,1.020487349683588,1.628497836784807,1.7863658869109265,1.9104391140492585,1.2514645481719189,2.2734621321097146,1.5293026685714721,3.9999342104883553,4.274849755379114,4.530115327116704,NaN,NaN,3.9556210652550257,0.865110281381
2014,0.31023878293733603,0.36582103821859946,0.4089177362985151,0.19104030400777708,0.5353296428729453,0.49241209897128013,0.6054228855736642,0.8099308579560196,1.0249517257019227,0.5325134448577853,1.086438834311763,0.939145699414,1.001365816408823,1.0347424590192618,1.0633910371565347,0.9370729773901599,1.1315531370300502,1.061065118963068,1.7805865320875918,1.9531981976065813,2.08885887350366,1.4267317767015013,2.419270015725981,1.685045337677002,4.174219671590922,4.468685542457159,4.743020476978497,NaN,NaN,4.286040614239635,0.939145699414
2015,0.33752432034266255,0.3989320350296174,0.44617526870998075,0.20236030018329879,0.5789641553525611,0.5855627861889925,0.6537490478514634,0.8765723760064779,1.1107443998133553,0.5848467905058014,1.1579630528953089,1.01763142672,1.0741038115867623,1.1081638460544787,1.1380246504623233,1.0077500921091476,1.2072153254321858,1.1191089803522283,1.92899434401801,2.115992796773509,2.262960479497873,1.5706128268887924,2.618687441745569,1.892512035369873,4.900153703671168,5.217957835484096,5.5141219770073775,NaN,NaN,5.164526158751205,1.01763142672
2016,0.36654869021245134,0.4339859393114729,0.4846611238763565,0.23224276907575278,0.6236485885340939,0.5666000691327181,0.7051524483886727,0.9465640174861858,1.1991629907589456,0.6514305435404124,1.241850945138545,1.08816784945,1.07335609080901,1.1071674411677144,1.1359591356092218,1.0042193943699165,1.2120000738161092,1.1942859823053533,2.069997285800101,2.27066469099654,2.4283752126904927,1.75255493890059,2.71662555918629,1.8652884483337402,5.2990761874546095,5.638269390820309,5.95877389377918,NaN,NaN,5.690410443944824,1.08816784945
2017,0.39558159418110644,0.4690637239821024,0.5243993742789214,0.25969879391698586,0.666501503790969,0.5806488362225619,0.7921464819849001,1.0697473226668803,1.356083885991262,0.7347646550555352,1.4176726954649257,1.17695745555,1.1821533089146836,1.2219628388858532,1.2563416715929971,1.1148561946799578,1.3266953723246742,1.25936729257757,2.222292727224191,2.4377237899691013,2.6070375121519476,1.8942525176707519,2.92538142954841,2.0228739261627195,5.488867019314549,5.860938488821136,6.216152178749427,NaN,NaN,5.73581602381169,1.17695745555
2018,0.4270364146697454,0.506274447922486,0.5661059108054817,0.2857301765750473,0.7075018181245561,0.696409138766202,0.8465135619732281,1.1433823935570033,1.4499734078316535,0.7967897524189806,1.4954610156069348,1.20556921092,1.231188315072282,1.270339109320429,1.3040321000276962,1.1545355055981104,1.3840029361767698,1.2730523759668522,2.3782371854508653,2.6087856447265714,2.7899805814554095,2.007368879335796,3.102012561653505,2.074393606185913,5.71645615560004,6.119224841759672,6.4965293606137005,NaN,NaN,5.965000044906917,1.20556921092
2019,0.45871760287736757,0.5438590290726565,0.608291376420351,0.38149946724271094,0.6911632219714386,0.6917651205871491,0.8916298090915112,1.203110244207359,1.5232759347576537,0.8512895814248203,1.5828252075325775,1.27272925168,1.2621916163183076,1.3003739836627006,1.3333902525066132,1.200831913470802,1.4003690943627747,1.3214496367767197,2.5330242683023187,2.7785779270953386,2.9715658993781098,2.2464768367126444,3.2446750940438456,2.41505758715868,6.11978056687199,6.54266940748065,6.947293014662376,NaN,NaN,6.746418209247338,1.27272925168
2020,0.49062083465547524,0.5825403962089879,0.6517365139003378,0.41365177851035473,0.7354080790205353,0.7446601482114583,0.9567410370959204,1.291016121132294,1.635577021519827,0.8971601737729343,1.67969163400384,1.3862951469,1.353812627366505,1.3955985231202845,1.4311055391516652,1.2946147256711003,1.494541362702584,1.4331107785815083,2.674165860863096,2.933401913028682,3.137143287911627,2.3759423763573597,3.40863973010255,2.38475758715868,6.242475161638332,6.694882895569373,7.127065927245582,NaN,NaN,6.903546022488269,1.3862951469
2021,0.5230999691048935,0.6217800054206216,0.6959460445368028,0.45337030434506975,0.7704659642414091,0.7701859309002244,1.0048683400596856,1.3537844129102035,1.7157863664042443,0.9491592117225025,1.7644310620881898,1.41047483636,1.4064574305264104,1.4485952484573041,1.486111296295498,1.3471997859999947,1.5481050771051936,1.4787376202021343,2.8302508480412056,3.104617919740977,3.320251215896147,2.549039032592741,3.581968551630415,2.56855758715868,6.637883380941208,7.111023661104339,7.564980066850343,NaN,NaN,6.965139749711554,1.41047483636
2022,0.5564586713216153,0.6623683699784793,0.7421626430748631,0.4815135872149309,0.8160131998454068,0.7131118056700219,1.052108241702973,1.4180691330020432,1.7971061662521377,0.9896889595595878,1.838785525962482,1.5161915257,1.4979059568338622,1.5445373355951806,1.5848973902962131,1.4327821895051442,1.643569497421882,1.5219252353034234,3.0004789533105507,3.291348091177382,3.519950855202469,2.7318175459112526,3.770038712670467,2.71155758715868,6.993143804393278,7.494260853515552,7.968754153663904,NaN,NaN,7.305210406917306,1.5161915257
2023,0.5917354144851599,0.7049900806316426,0.7905412388607176,0.5295055690136151,0.8543846655250844,0.7013054060383461,1.1018355590606752,1.4848418211110643,1.8825276818996344,1.04280529833827,1.9314338998653902,1.63055217082,1.5376085311653924,1.5845711739169275,1.6264474293050017,1.4793273933123667,1.6910677204813087,1.5741034120990034,3.161138942559356,3.46758260479035,3.708425853812006,2.889492569281158,3.9329768346308525,2.90135758715868,7.396686789979976,7.920233590128511,8.415027508839934,NaN,NaN,7.885436304456636,1.63055217082
2024,0.6262166588397611,0.7478632660550619,0.8398806576558967,0.5498875700110417,0.908279126719237,0.7646276896479223,1.164903885745072,1.5703618820310679,1.987141256154585,1.161067865086785,1.9990158924552535,,1.5805074281892069,1.6297301150683405,1.6742872205260202,1.5193966401815895,1.7368645373314588,1.6184183292260754,3.3252944469425816,3.647651491929806,3.9010015449037225,3.06537105676965,4.130143524583124,3.0108575871586805,7.729133553758346,8.283105380760063,8.803347964524017,NaN,NaN,8.225314682835013,
2025,0.6627864190622927,0.7927407281325269,0.8914246047127158,0.5963246323058842,0.9536082004333625,0.7663673305319003,1.2269927750189134,1.65686640613152,2.09791914550669,1.2208015981624596,2.1125139751039574,,1.6090718394241912,1.6619614708703092,1.7085881741534437,1.5555592659031134,1.7676857013601124,1.6502983936827973,3.490960185636418,3.82937701685703,4.095348936659202,3.238133949474907,4.327199596760717,3.2329575871586798,8.051695549219652,8.637311885613656,9.185196204808015,NaN,NaN,,
2026,0.7013645225144376,0.8394616488758504,0.9441086622267691,0.6551189709030837,0.9867118258585856,,1.2946721487884616,1.745650979306654,2.20826521006538,1.286505614773699,2.226273905553114,,1.674891037780126,1.7309031386460996,1.7807627601047165,1.657449079716778,1.8020623363148398,,3.653777721722726,4.007978231845259,4.286355017457275,3.4089668828182242,4.501912049787533,,8.411549279077505,9.025758120049652,9.601787164286083,NaN,NaN,,
