year,arm,med_cm,p05_cm,p95_cm
1990,control,-0.32097222355480826,-0.3958341726408673,-0.25134501945792886
1991,control,-0.30612646470072624,-0.3643116561770572,-0.24162647287537464
1992,control,-0.2801385378140989,-0.33313376871664396,-0.2314824025086022
1993,control,-0.26745727748316717,-0.30281444360633286,-0.22233626618712884
1994,control,-0.2636155510065542,-0.30293965630604525,-0.21629051440266964
1995,control,-0.25852722877607875,-0.3020621345168813,-0.2080272972946376
1996,control,-0.249592552922839,-0.279408986998405,-0.19822215554489608
1997,control,-0.22795472844418985,-0.24982266086478594,-0.18636989733636283
1998,control,-0.2015213604488506,-0.21899151209879864,-0.17380871621203203
1999,control,-0.17407414140208355,-0.18851498815252002,-0.15863549882841105
2000,control,-0.14557503383025883,-0.15967842667520252,-0.13551224365197653
2001,control,-0.11615106839876349,-0.13312922520810017,-0.10784051841746359
2002,control,-0.0852035956614205,-0.10333568993255884,-0.07847627140489497
2003,control,-0.053893033491708986,-0.07153879422445414,-0.0480566068745107
2004,control,-0.022467184040578514,-0.03903701612648448,-0.016955308047207407
2005,control,0.009329647465675162,-0.006151057773746665,0.015182889437157777
2006,control,0.04083525471326943,0.02589614610113552,0.04791261285078737
2007,control,0.07258476548757531,0.05816819996681402,0.0812077023180848
2008,control,0.10439201762903105,0.0905173517823301,0.11463363141057221
2009,control,0.13621797235710642,0.12223489335038537,0.14809133510709743
2010,control,0.16824962851009106,0.15422667701289242,0.18153379887967933
2011,control,0.20086293842193748,0.1861866145864061,0.21517977093199953
2012,control,0.23495463327489763,0.2191104550361439,0.2503434111936537
2013,control,0.26832548058354055,0.2511951401757085,0.2846418387379495
2014,control,0.30228054116463077,0.2834262027891468,0.3200325669276058
2015,control,0.336818818624821,0.3161347532950714,0.3558326056032941
2016,control,0.37184772527114607,0.34950727230703144,0.39251197576513197
2017,control,0.40705522513229986,0.3823673809366255,0.43008638903231283
2018,control,0.4436929521983327,0.41596781732509924,0.4690373689898729
2019,control,0.4800727774060003,0.448259754004331,0.5077411631462725
2020,control,0.5173385758446227,0.4819474220666907,0.5483582993502829
2021,control,0.55532405710557,0.5157014644965061,0.5900904780846051
2022,control,0.5934256212281507,0.5500494784404972,0.6320823512073726
2023,control,0.632600911665251,0.5839411400068543,0.6759100308603516
2024,control,0.6717214604694539,0.6178076600510226,0.7197042667404153
2025,control,0.7118055681197414,0.6526960516328951,0.7656189719639629
2026,control,0.7526001392619147,0.6862796335408596,0.8124916493381165
2027,control,0.7945272947891764,0.7203026576553192,0.8601697382263751
2028,control,0.837157184974186,0.7543024530747642,0.908816374907076
2029,control,0.8797715844466815,0.7884395302061754,0.958850318168621
2030,control,0.9226879712021602,0.8228977684192167,1.0099515477554284
2031,control,0.9675674822885346,0.8577886647899049,1.0620942814419
2032,control,1.0119058141217077,0.8935292084203738,1.115164215415945
2033,control,1.0565410532069408,0.928428178866247,1.1685045540303125
2034,control,1.1019296309916682,0.9636682656458483,1.2244562112946231
2035,control,1.1491817732151932,1.0000675210429057,1.2807283774000133
2036,control,1.1968442002952115,1.0367816217490826,1.3386444905173613
2037,control,1.2449769949741485,1.0734261063060786,1.3969638548141199
2038,control,1.2946405567456565,1.1106073780636037,1.4574494516249392
2039,control,1.3443333002580926,1.146823454859169,1.521444880116898
2040,control,1.3956521600257945,1.1841311141669109,1.5868785980078675
2041,control,1.4476470862544542,1.2212990020571204,1.6523916720961505
2042,control,1.5011960532723885,1.2582979839989032,1.7211174918551881
2043,control,1.55610653758407,1.2975616890448696,1.7881803965804752
2044,control,1.6115739660177288,1.336004103619406,1.8621563508425312
2045,control,1.668452433503895,1.3746839975042542,1.9385491102769123
2046,control,1.725414117233065,1.4133985868766896,2.016385986772434
2047,control,1.784060179586271,1.4544934329890546,2.105306453029981
2048,control,1.847602457511465,1.4938127531971401,2.1961938504312113
2049,control,1.9118833405571367,1.5329493913679735,2.331837003126722
2050,control,1.976414829613382,1.5750899358607966,2.524444916426819
2051,control,2.044043461609881,1.6148981687429298,3.312861816323211
2052,control,2.116794838158846,1.6597011122029512,4.196556347589602
2053,control,2.187423367629215,1.7031018927523127,5.106748806438205
2054,control,2.261327163818569,1.7484408281048898,6.332259786590162
2055,control,2.342276505938039,1.790069284368706,7.485288339570927
2056,control,2.4269606005881688,1.8378560141354416,8.464498997025265
2057,control,2.5221883376556455,1.8906970940230121,9.607240249237371
2058,control,2.6132392489171514,1.9409414540117442,10.481448548488286
2059,control,2.7042666936229196,1.9982783733532719,11.780059437622004
2060,control,2.8151507522221078,2.060860205281476,13.113635062909971
2061,control,2.9276421911157007,2.1307027187340903,14.080966150782755
2062,control,3.0519165992261557,2.184148201485571,15.055719353602592
2063,control,3.178583494752212,2.241066690779999,16.278426565691156
2064,control,3.331902457525646,2.302197993823043,17.57691096336732
2065,control,3.4858616125616813,2.363515368481869,18.663116611446465
2066,control,3.6806295587881745,2.4282949461261367,19.95931896133165
2067,control,3.917006033852875,2.490845777519529,21.044351474009282
2068,control,4.191721154142948,2.581918760616931,22.307771049217017
2069,control,5.056138059854479,2.656410196682848,23.70148579173003
2070,control,5.999359523484415,2.7300030357929543,25.07539784379071
2071,control,7.028532265987205,2.82403881448204,26.24991454388062
2072,control,8.02868958910535,2.929496597761301,27.429482937361236
2073,control,9.045873863762559,3.0344987503547154,28.665135902100133
2074,control,10.019676494245793,3.1481756327785284,30.03757313316869
2075,control,10.945839542241888,3.2672635464346693,31.51596257876113
2076,control,11.910540830881178,3.3889436482758946,32.82383756070148
2077,control,12.856351491016511,3.4876672338671804,34.10796273852382
2078,control,13.821304444029256,3.6182470998503016,35.36125604182873
2079,control,14.849348527647965,3.8212085132712708,36.61280604073943
2080,control,15.857056984914944,3.960041242352794,38.05678599699914
2081,control,16.86810030956386,4.136454247107835,39.338304245401076
2082,control,17.877893761604504,4.369216808540073,40.6434922226445
2083,control,18.88463078975279,4.658127679606129,42.027191869201054
2084,control,19.9602624551433,4.893268100432466,43.32932760698024
2085,control,21.04317633660662,5.300928721641576,44.70121269012265
2086,control,22.151491933442145,5.618682806331359,46.266458207991434
2087,control,23.201838538584667,6.178882423178847,47.72349650962426
2088,control,24.22755993897846,6.69869078818013,49.121076265410984
2089,control,25.231783015153027,7.399970323305883,50.40977976323614
2090,control,26.21553974637871,8.104823731407816,51.853302630025055
2091,control,27.31199894546465,9.076728510274716,53.225299044085475
2092,control,28.303900847737616,9.943916557433234,54.706677812738654
2093,control,29.383154533004344,10.66559961208792,56.11221063210583
2094,control,30.434499739808032,11.540881602265014,57.73897409134442
2095,control,31.56759533978912,12.358977888154499,59.485781987890526
2096,control,32.61050695081202,13.15529677763256,60.77230521863618
2097,control,33.6854832094358,13.972167106175727,62.24187090351563
2098,control,34.73291907643768,14.748118620529707,63.699450602817805
2099,control,35.910803324801805,15.732781710327183,65.3159791088159
2100,control,37.07302382802588,16.45111107047176,67.00880260515375
2101,control,38.102866897891204,17.22840651046729,68.6711301134241
2102,control,39.13088213768169,18.05557577165913,70.18619631987119
2103,control,40.24802137188518,18.97841422893914,71.71350981062997
2104,control,41.170873816727564,19.866010187760075,73.01878847261766
2105,control,42.251843848167056,20.723261705724525,74.31966450624466
2106,control,43.345282617162525,21.366186809366145,75.92807245857348
2107,control,44.40396386944958,22.048108527002277,77.54801344893498
2108,control,45.51951167718643,22.784346023963348,79.20772717004301
2109,control,46.53935632719903,23.686487918647376,80.74122056400341
2110,control,47.68136187939379,24.310963450926373,82.25616784674708
2111,control,48.79647810053934,24.9692654950629,83.6077991537177
2112,control,49.964634853316596,25.66532453439968,85.1315684305155
2113,control,51.0655313320717,26.398229362943002,86.7899114603553
2114,control,52.17412656283021,27.222213483902294,88.38217592637942
2115,control,53.29993940784891,27.99640658169944,89.90701617447985
2116,control,54.43172754770521,28.68270718016153,91.33044570373748
2117,control,55.57347833111575,29.38291475488143,92.81882790584005
2118,control,56.714111932730404,30.038419798821284,94.28001265133777
2119,control,57.827693454378526,30.718442364150043,95.73165773393464
2120,control,58.931288840160605,31.45325648301469,97.31758640444404
2121,control,60.05365085355551,32.21535393836595,99.08978893923731
2122,control,61.18256553208599,32.98098910369318,100.72005755389935
2123,control,62.27428165487856,33.67537400611522,102.55096619516812
2124,control,63.390242940323745,34.38211067845964,104.39899827158419
2125,control,64.55874390691224,35.15142435607119,105.94574185750527
2126,control,65.71759977653718,35.800465574631,107.47916790384846
2127,control,66.85560136343801,36.51799579820674,109.01352391275168
2128,control,67.94937168847596,37.2544279736678,110.49239849637502
2129,control,69.12821417206885,38.058332020160634,111.94818450519624
2130,control,70.27517879955755,38.72800761565193,113.40494144267092
2131,control,71.5868990037176,39.53605487802907,115.05175917657017
2132,control,72.72345175459954,40.3128026055335,116.71627147294679
2133,control,74.02382991778944,41.00610540843,118.35936112359224
2134,control,75.25753552478575,41.67274444544692,120.15159381996499
2135,control,76.34763102674664,42.41610337461063,121.92352365415456
2136,control,77.39297818324815,43.12449222305238,123.69511864376088
2137,control,78.57537631138396,43.83775460806174,125.46561292673154
2138,control,79.62056179870791,44.63646655654223,127.24740893013883
2139,control,80.86563904258315,45.38191266134722,129.04903364572692
2140,control,82.08610123850704,46.22703396290004,130.8150107770646
2141,control,83.32135420848941,46.9354408163726,132.58727434088132
2142,control,84.58975502034723,47.64954530636388,134.35873668501952
2143,control,85.81813857979208,48.51866039943451,136.09786896394255
2144,control,87.06910397574362,49.43258466800329,137.86074896540086
2145,control,88.26589787425509,50.348346868373035,139.61824301134817
2146,control,89.45384514033577,51.136090227876615,141.4007904931662
2147,control,90.78195640184114,51.789108746574186,143.2327101283903
2148,control,92.0022969322942,52.44303140273863,145.03859413163391
2149,control,93.1563496732474,53.09857928364802,146.74135427318458
2150,control,94.34845106432459,53.76145648576979,148.5505844726424
2151,control,95.5093073786528,54.604912504652006,150.39043951426316
2152,control,96.66650706577408,55.335279554522025,152.17857950155616
2153,control,97.92676214547654,56.0628729054738,154.03880920492725
2154,control,99.13599022217491,56.70385561409267,155.81973350632512
2155,control,100.35498396153865,57.449610118659415,157.6769118395563
2156,control,101.5266237787713,58.30373755766285,159.47912619582354
2157,control,102.72197080376087,59.156717020602635,161.25386219101247
2158,control,103.95402630589177,59.878009951764085,162.98068861572733
2159,control,105.196676767626,60.56813857312086,164.92185839113864
2160,control,106.4957511187352,61.260806781274525,166.72987709223506
2161,control,107.74651252284087,61.95707843743295,168.53838911559356
2162,control,108.95276951086248,62.68828106229031,170.5268182515754
2163,control,110.20943370875915,63.39867145423456,172.3021129104339
2164,control,111.35117438460321,64.16785479656694,174.01519285301913
2165,control,112.52560856611203,64.91296703203427,175.895189273746
2166,control,113.73681830672155,65.58912788936777,177.62624996608312
2167,control,114.90246522416675,66.26618931123033,179.43381420161174
2168,control,116.09803834342317,66.94375030167465,181.2223873460009
2169,control,117.34584814579668,67.62148323823119,182.96086546814178
2170,control,118.566181592824,68.3012365452696,184.58166830206653
2171,control,119.75953245655401,69.0461411961276,186.2742724290984
2172,control,120.9435297312721,69.89574891909537,187.96732640431918
2173,control,122.19234773733774,70.7752656599775,189.66022021728085
2174,control,123.44037061193114,71.65759045238129,191.3536569226521
2175,control,124.68310994706644,72.41068955866513,193.07403620055314
2176,control,125.95791724692504,73.13658782406974,194.86615959768284
2177,control,127.20940705987574,73.86405387756872,196.65966281327638
2178,control,128.49922901329393,74.5921058353295,198.45329179338367
2179,control,129.64874042542723,75.3316340713361,200.2432069296143
2180,control,130.95579280120805,76.11816580487674,202.029225058702
2181,control,132.19442310755267,76.90485065027201,203.81496302764666
2182,control,133.4464338647333,77.6921480969574,205.60101009020553
2183,control,134.67451631740374,78.45223208095366,207.38684497318854
2184,control,135.89193755328023,79.15126423608264,209.17254478836392
2185,control,137.13738108511274,79.8675568020385,211.0080835007074
2186,control,138.388525630693,80.6556635234551,212.87620374075328
2187,control,139.71573503231502,81.44663756700082,214.7715166508762
2188,control,140.9987137924782,82.21477650084418,216.6672649406479
2189,control,142.25149136094538,82.94255139396563,218.56392233340543
2190,control,143.4665214578938,83.6706453689796,220.46091812015922
2191,control,144.65289181600204,84.41067903365587,222.35855179976957
2192,control,145.91068226983893,85.22735513207044,224.2562367146411
2193,control,147.2215826810849,85.97123104913145,226.15375227113125
2194,control,148.512067108305,86.79363543400468,228.0513512835647
2195,control,149.76066441135387,87.59995817129355,229.94362652283456
2196,control,151.00801104312046,88.33127098414421,231.83262183302026
2197,control,152.2250338226106,89.1209094209325,233.57918143379658
2198,control,153.4723677162003,89.9528435980759,235.32134390983066
2199,control,154.68772432938925,90.72270432952706,237.0633290059382
2200,control,155.97312384970712,91.48792371748692,238.79959605104162
2201,control,157.17170135658088,92.2777840735501,240.53477368463393
2202,control,158.3960331181088,93.06960210288047,242.26970307176694
2203,control,159.54827874268454,93.86364274755881,244.00415244275862
2204,control,160.80682667552264,94.6582978883983,245.7381810507472
2205,control,162.08544564792234,95.45339739638848,247.47158385644906
2206,control,163.43040045622405,96.2489319653341,249.2730180174479
2207,control,164.74206342508376,97.03893122164828,251.11135163377992
2208,control,166.00479628679503,97.80827004506799,252.94491905768183
2209,control,167.2441663368938,98.57799849207244,254.77717603813727
2210,control,168.44720106913223,99.34851819281938,256.6100513454863
2211,control,169.68968205881464,100.12049551709919,258.2826468908518
2212,control,170.93319317684262,100.89446142442013,259.9366902927891
2213,control,172.11057596267776,101.64227490986455,261.5907640802838
2214,control,173.30212683540816,102.43971950066691,263.4301791082031
2215,control,174.53690668402504,103.21342594040881,265.3527023406852
2216,control,175.82867486518847,103.98747664983699,267.2747012352821
2217,control,177.04628117093938,104.76162261290224,269.1973605936499
2218,control,178.33496463859166,105.55796210496932,271.0737293317019
2219,control,179.66696677581191,106.32948224046396,272.84453896778194
2220,control,180.91390751129816,107.0784509975447,274.61524685734173
2221,control,182.12777760600406,107.84947016924788,276.384240498994
2222,control,183.37754192965875,108.62103312876785,278.1505087294565
2223,control,184.66319974516216,109.39338622317207,279.9172167119741
2224,control,185.915599168492,110.16647850604933,281.68436262662146
2225,control,187.13560374393873,110.94075161041152,283.45010775791314
2226,control,188.39421978724482,111.71607171260662,285.2066122701093
2227,control,189.66508335209872,112.49097626606041,286.96217693461324
2228,control,190.9032850866023,113.26592816018264,288.7173835499192
2229,control,192.16976139701285,114.02018349440387,290.4714467255756
2230,control,193.50770182819286,114.72289468872944,292.3894208491639
2231,control,194.75048979903812,115.45589621027653,294.06247337222544
2232,control,195.97681919057288,116.22191652305696,295.75984427748045
2233,control,197.20103598197755,116.92044400391838,297.51574594889655
2234,control,198.5148466114601,117.7025599393808,299.2712792185801
2235,control,199.78611730892055,118.55418883706359,301.026874092068
2236,control,201.02179960245311,119.33338206252883,302.78241291070555
2237,control,202.31382139481755,120.11251615347958,304.6715382760162
2238,control,203.58378745507434,120.89107188015636,306.4184719059623
2239,control,204.8482344524253,121.66604040823447,308.12098752673955
2240,control,206.11301164630777,122.4422018983498,309.831213085782
2241,control,207.33967934426423,123.32599457485044,311.59483022979964
2242,control,208.61841536001424,124.11263448578799,313.35874064647646
2243,control,209.95244806177453,124.88721953975131,315.11201726718383
2244,control,211.29210459872291,125.66199490784427,316.9651834579703
2245,control,212.56882078763044,126.43719215416525,318.822548846346
2246,control,213.78585799874136,127.21225610812398,320.71638390333874
2247,control,215.06728963561204,127.98717555228117,322.7763631545092
2248,control,216.28182810470872,128.76222399424694,324.4750621256821
2249,control,217.54640586918106,129.5366325413707,326.29243963176515
2250,control,218.8440260703301,130.29502522041875,328.1679677926958
2251,control,220.14093834265861,131.04562788651285,330.0425610131368
2252,control,221.43819338833524,131.82424366706007,331.9171232715973
2253,control,222.73466009909743,132.632406021594,333.7759320213147
2254,control,224.00970704302475,133.40370952829895,335.6305340847514
2255,control,225.25518425861594,134.17489116937736,337.4853879099215
2256,control,226.56268743796508,134.9052899866078,339.3404541638733
2257,control,227.86691885706176,135.63568544343894,341.19518533435433
2258,control,229.13438253077265,136.37139335510017,343.06929051013645
2259,control,230.33298408728376,137.1413395285924,345.03661409639824
2260,control,231.56271635383254,137.91064023577243,347.0021223714861
2261,control,232.7396115816881,138.67982597758703,348.9665099651752
2262,control,233.91577802262952,139.44928720027616,350.7802095873128
2263,control,235.11289609847802,140.21049383873438,352.5213754558303
2264,control,236.39265902141204,140.93205936808081,354.25560087695743
2265,control,237.65490103309597,141.65305037901652,356.0279526144635
2266,control,238.90173429905138,142.45246759013213,357.8776021857527
2267,control,240.1490490007312,143.25682410326772,359.7281444443871
2268,control,241.34977374441092,143.99822192741536,361.5783582924346
2269,control,242.57266196506367,144.71408490249823,363.3944500789958
2270,control,243.78681264004769,145.4316719925124,365.16021346180105
2271,control,244.96017681114392,146.14927182300272,366.9254979777928
2272,control,246.13233931631748,146.86608020769833,368.6890249914509
2273,control,247.34325594269367,147.582890242622,370.5090940500689
2274,control,248.6028991826741,148.29961177396558,372.48547881485825
2275,control,249.86455147299972,149.01619236520213,374.46097678432676
2276,control,251.13809193703435,149.7505385274033,376.3983321060527
2277,control,252.45650474704146,150.49578208829206,378.2122800793431
2278,control,253.76381897135315,151.24098921396623,379.99899251541024
2279,control,255.0093000737637,151.98613657928317,381.7852343264026
2280,control,256.3000449321894,152.73162229780786,383.57115525304573
2281,control,257.5900126405429,153.47654164291293,385.3562767423196
2282,control,258.87930388133583,154.22094758034729,387.1405518577377
2283,control,260.1681169967594,154.9658287783791,388.9241054367052
2284,control,261.4567612046785,155.71521036467408,390.70707499048694
2285,control,262.7455591052617,156.46475587023804,392.50398582732976
2286,control,263.99322852025136,157.2225547739719,394.50166882910145
2287,control,265.1844111085363,158.0420790953406,396.4989374705807
2288,control,266.35909817285665,158.8615559960798,398.4957316097773
2289,control,267.574713846059,159.681366125394,400.4213760099905
2290,control,268.7839773881483,160.50176562437562,402.2750165960525
2291,control,270.0890946173954,161.32210547265305,404.1353204579479
2292,control,271.3414489315303,162.14220897862248,406.2364279497748
2293,control,272.5335624165001,162.96182852276684,408.11041040806543
2294,control,273.73473027961495,163.78118152518525,409.91018378646663
2295,control,274.94878709881107,164.5872846589636,411.6951983383518
2296,control,276.16682230914756,165.3382237750148,413.4775659003815
2297,control,277.4315363096034,166.08900327300037,415.25426418440554
2298,control,278.69680544113294,166.84010847245892,417.0307851547179
2299,control,279.9491032531864,167.59078089235507,418.86370615601453
2300,control,281.1895243759867,168.34130464984796,420.69676856599915
1990,tant12,-0.32097222355480826,-0.3958341726408673,-0.25134501945792886
1991,tant12,-0.30612646470072624,-0.3643116561770572,-0.24162647287537464
1992,tant12,-0.2801385378140989,-0.33313376871664396,-0.2314824025086022
1993,tant12,-0.26745727748316717,-0.30281444360633286,-0.22233626618712884
1994,tant12,-0.2636155510065542,-0.30293965630604525,-0.21629051440266964
1995,tant12,-0.25852722877607875,-0.3020621345168813,-0.2080272972946376
1996,tant12,-0.249592552922839,-0.279408986998405,-0.19822215554489608
1997,tant12,-0.22795472844418985,-0.24982266086478594,-0.18636989733636283
1998,tant12,-0.2015213604488506,-0.21899151209879864,-0.17380871621203203
1999,tant12,-0.17407414140208355,-0.18851498815252002,-0.15863549882841105
2000,tant12,-0.14557503383025883,-0.15967842667520252,-0.13551224365197653
2001,tant12,-0.11615106839876349,-0.13312922520810017,-0.10784051841746359
2002,tant12,-0.0852035956614205,-0.10333568993255884,-0.07847627140489497
2003,tant12,-0.053893033491708986,-0.07153879422445414,-0.0480566068745107
2004,tant12,-0.022467184040578514,-0.03903701612648448,-0.016955308047207407
2005,tant12,0.009329647465675162,-0.006151057773746665,0.015182889437157777
2006,tant12,0.04083525471326943,0.02589614610113552,0.04791261285078737
2007,tant12,0.07258476548757531,0.05816819996681402,0.0812077023180848
2008,tant12,0.10439201762903105,0.0905173517823301,0.11463363141057221
2009,tant12,0.13621797235710642,0.12223489335038537,0.14809133510709743
2010,tant12,0.16824962851009106,0.15422667701289242,0.18153379887967933
2011,tant12,0.20086293842193748,0.1861866145864061,0.21517977093199953
2012,tant12,0.23495463327489763,0.2191104550361439,0.2503434111936537
2013,tant12,0.26832548058354055,0.2511951401757085,0.2846418387379495
2014,tant12,0.30228054116463077,0.2834262027891468,0.3200325669276058
2015,tant12,0.336818818624821,0.3161347532950714,0.3558326056032941
2016,tant12,0.3744323155789009,0.3518579221768219,0.3951933303191439
2017,tant12,0.41152090103348954,0.3852334298427272,0.43448323211369444
2018,tant12,0.44998084180169773,0.41943718222181897,0.4760571588323537
2019,tant12,0.48849827024400266,0.45343863596934025,0.5180607077048642
2020,tant12,0.5275209200825941,0.4876468132732866,0.5613770985657998
2021,tant12,0.5670833314280813,0.5218838467669263,0.6061847119328967
2022,tant12,0.6054654671013353,0.555907979956603,0.6499019698538206
2023,tant12,0.6476438879163637,0.590088137929621,0.6986081038429378
2024,tant12,0.6905383635863332,0.6237947897609709,0.7477782916744777
2025,tant12,0.7364704495540428,0.6587888525871065,0.8027126614588647
2026,tant12,0.7828113847004039,0.6944814419126931,0.8590239801580903
2027,tant12,0.8300951385073073,0.7299311483519078,0.9164552661675177
2028,tant12,0.8776249322792626,0.7660944388030999,0.9739232014771262
2029,tant12,0.9241505688810714,0.8024962453286871,1.0303904420650536
2030,tant12,0.9704631763829299,0.8387647924175246,1.0861550211015654
2031,tant12,1.0169749021956365,0.8742606659685891,1.1432474948269484
2032,tant12,1.064576115583955,0.9111408133709499,1.2031351119461775
2033,tant12,1.114070153113121,0.9474742061359198,1.2651979066642736
2034,tant12,1.1652364880120931,0.9827454220481843,1.329477122718838
2035,tant12,1.2193775076345563,1.0206717360842008,1.3996828924714608
2036,tant12,1.2738132830345454,1.059707997818017,1.466967485898306
2037,tant12,1.3279969031678263,1.098521775933673,1.5350827110632803
2038,tant12,1.3841092175607903,1.1366196409691514,1.6106400055651229
2039,tant12,1.4416366362504012,1.175802850078163,1.687851256778556
2040,tant12,1.4970554803041476,1.213524838067111,1.7601398126887404
2041,tant12,1.5519431037594034,1.250759487620411,1.8311476227492136
2042,tant12,1.6121499414019893,1.2905684973029248,1.9226010912246756
2043,tant12,1.6781297988512307,1.3302491176260816,2.0759044428498576
2044,tant12,1.7408855852696539,1.3699638606649436,2.1745762846677525
2045,tant12,1.8029539178234866,1.4101639537503534,2.2604280271628303
2046,tant12,1.866454120432769,1.4515212362329795,2.783468334018964
2047,tant12,1.9283736161115819,1.4915266605534483,2.853776782758109
2048,tant12,2.0068055415576573,1.5356733700206966,3.8964197725868885
2049,tant12,2.0793442605834747,1.577890071281538,5.261102384973826
2050,tant12,2.2156233551743645,1.6478113610917835,6.408666655193546
2051,tant12,2.2941046065036694,1.692767782498623,7.644966651961452
2052,tant12,2.4342110428728665,1.7682957699711377,8.806534279096825
2053,tant12,2.5449502796899734,1.8249326869834015,10.049054869097281
2054,tant12,2.7251574590047163,1.893093002196808,11.247420001551223
2055,tant12,2.872107246579519,1.949104018829745,12.55324553419187
2056,tant12,3.1077875345530823,2.016741079550175,13.79203952244202
2057,tant12,3.270242101916803,2.0739017670181203,15.166066901677658
2058,tant12,3.3929944414623563,2.128814269307173,16.35742258506842
2059,tant12,3.821369849548792,2.2129431562158146,17.676291857468748
2060,tant12,4.955350420236769,2.304158414601105,18.879863357709347
2061,tant12,6.088535087057641,2.371798576004752,20.31733929214751
2062,tant12,7.166485412132207,2.4886373245071023,21.55511180756199
2063,tant12,8.176921427512326,2.614718275028843,23.013930015081414
2064,tant12,9.137425310394256,2.784649244875464,24.320178096302847
2065,tant12,10.1576380203709,2.9932810073397764,25.839479494900285
2066,tant12,11.089058149770757,3.0853358866207623,27.12374068749677
2067,tant12,12.037447872879621,3.3027822082393463,28.44627659784422
2068,tant12,13.036178649353156,3.640945952127503,30.024820076468583
2069,tant12,14.034358929897612,3.7743060142028684,31.484395796399287
2070,tant12,15.044754407597495,4.323182664671129,32.771521590465355
2071,tant12,16.212050201793705,4.910905410835307,34.33448118080253
2072,tant12,17.26802603263538,5.426779924596511,35.69741333979662
2073,tant12,18.321839157857628,6.142087373282522,37.22274737603937
2074,tant12,19.472745724106783,6.937419384661114,38.69100259896503
2075,tant12,20.548320364061475,7.844940020977601,40.09192279699112
2076,tant12,21.601308022398612,8.802059742856933,41.628623865054806
2077,tant12,22.661468165738576,9.558787612146832,42.99864538369838
2078,tant12,23.73750069373327,10.256492542141318,44.37668781288782
2079,tant12,24.80217838716828,11.120740230720532,45.915965326683576
2080,tant12,25.915673394675682,11.939647637255554,47.4075607560894
2081,tant12,27.099900964681545,12.653262169074972,48.8794374129863
2082,tant12,28.11889196026619,13.450550366391862,50.44687059641114
2083,tant12,29.181401721206498,14.250577763920734,51.97118300415606
2084,tant12,30.282734919742087,15.031907385377897,53.287053473409586
2085,tant12,31.448954225331274,15.753367856437556,54.63042279902002
2086,tant12,32.51608127055016,16.42027784357716,56.13522830069471
2087,tant12,33.62496258948057,17.12403995880653,57.60933467451437
2088,tant12,34.747384537564116,17.909185014686013,59.15626276792235
2089,tant12,35.917588588096436,18.711876472231452,60.70967771634565
2090,tant12,37.08040963073934,19.442742257035015,62.28045408609891
2091,tant12,38.16990483691754,20.117585006831128,63.8318439996319
2092,tant12,39.34001462787924,20.793827842605285,65.405623732151
2093,tant12,40.451818263644014,21.652970999872014,66.98544557388101
2094,tant12,41.647915164615995,22.30533449947057,68.84594073060245
2095,tant12,42.74287559403154,23.01398952828412,70.41284937496005
2096,tant12,43.88415130527041,23.814372246271265,72.25562034830682
2097,tant12,45.0277488814083,24.490678910538655,74.11649324763381
2098,tant12,46.128799632747366,25.234810300083424,75.62643605179971
2099,tant12,47.3309305871486,26.02989068548746,77.27972088385461
2100,tant12,48.58205066159971,26.89731888734063,78.83410826445339
2101,tant12,49.84289897226019,27.637885269442,80.49779006580036
2102,tant12,51.12019574231789,28.270963555158716,82.16881520017968
2103,tant12,52.36721894803306,28.87059042061674,83.78610667873298
2104,tant12,53.66448812202202,29.70630100148707,85.77907121381216
2105,tant12,54.863065115116285,30.612374451048407,87.50360443682517
2106,tant12,56.07561347240472,31.510925316403434,89.17818800901684
2107,tant12,57.32477917432752,32.33675669568089,90.99830787146665
2108,tant12,58.529738453125134,33.15196064342597,92.8256758800465
2109,tant12,59.7296444489114,33.965132145411204,94.64394144662921
2110,tant12,61.13870884888509,34.79282387857126,96.47094055173729
2111,tant12,62.47772892594789,35.63336541940885,98.31109181672412
2112,tant12,63.75835186620299,36.43011757772077,100.1473682073188
2113,tant12,64.9986908887235,37.25313196792199,102.00016284324539
2114,tant12,66.30718876876423,38.10878423669694,103.87887941884306
2115,tant12,67.63435365450366,38.94209199608673,106.01466461248184
2116,tant12,68.97319446405417,39.71865130818935,108.04159507819125
2117,tant12,70.25397109151149,40.50804991303641,110.04294240042034
2118,tant12,71.59768225277567,41.31097924015858,111.93269460678187
2119,tant12,72.88918355338444,42.085136971198715,113.88256144461008
2120,tant12,74.23293965028503,42.871199752338256,115.96409274636275
2121,tant12,75.56615353827198,43.64782724250321,117.80899333633332
2122,tant12,76.87697855869538,44.417795769841696,119.82737908672858
2123,tant12,78.20260459629603,45.238564032201445,122.0051469388863
2124,tant12,79.53715228374139,46.05949423667686,124.02934678303946
2125,tant12,80.93937274235043,46.8839872594471,125.95750058065404
2126,tant12,82.36000505592193,47.70881066884812,127.74417726933248
2127,tant12,83.7104465627964,48.513902211977616,129.67706560084343
2128,tant12,85.09470399410532,49.34033461464552,131.65081296797794
2129,tant12,86.42219204279526,50.18064461825459,133.59481192919455
2130,tant12,87.81558033129048,51.022486240778186,135.70930513268993
2131,tant12,89.20053371920511,51.9061720707135,137.8154900919125
2132,tant12,90.61519732820034,52.722885085310274,139.86173206033573
2133,tant12,91.97048874155824,53.51847031425132,141.94066454801558
2134,tant12,93.32636434732436,54.31829546063911,143.95673948965188
2135,tant12,94.71951837662459,55.19266040526981,145.9384010552824
2136,tant12,96.10433114328933,56.055951079873324,147.82386665702114
2137,tant12,97.49375676960106,56.926038669729316,149.61247002105245
2138,tant12,98.95373189551304,57.89536800918679,151.53949431779415
2139,tant12,100.33656903048137,58.82107188423414,153.45843088527246
2140,tant12,101.84787612388253,59.74811582605846,155.39041150411353
2141,tant12,103.30382884825231,60.637884574358054,157.498444202742
2142,tant12,104.7996169758826,61.548643159105346,159.67678292342904
2143,tant12,106.17729285550155,62.547437121378486,161.8711267997516
2144,tant12,107.64349694981148,63.49669212843887,164.08139951766339
2145,tant12,109.12829576247034,64.44111527842674,166.29949758849392
2146,tant12,110.5279612672636,65.43260822637865,168.491026997401
2147,tant12,111.93604863570116,66.40022434120232,170.64157227071541
2148,tant12,113.36601800564237,67.31321616767235,172.65464722164617
2149,tant12,114.84527966080253,68.27022944816882,174.86939376958597
2150,tant12,116.29029055461437,69.25024890818125,177.0031940516974
2151,tant12,117.8101902238352,70.2023638555822,179.04193599949863
2152,tant12,119.35342459911922,71.11588923098338,181.08553340911962
2153,tant12,120.86250976129045,71.9363577180594,183.14868916362477
2154,tant12,122.31454466847674,73.0466810669126,185.6325525927486
2155,tant12,123.74037696377502,73.99998470300244,188.20030572495392
2156,tant12,125.26024236106586,74.9390264389275,190.38900810544752
2157,tant12,126.85166734499003,75.87904137534208,192.63571415055938
2158,tant12,128.37304190539152,76.8307109982555,194.8550566373838
2159,tant12,129.95247111347652,77.78796036735397,197.11673425239124
2160,tant12,131.52577312370323,78.74600599927552,199.39867256988697
2161,tant12,133.02116097918858,79.7692260283363,202.05539635407177
2162,tant12,134.7495788292793,80.87069895530719,204.52379684207907
2163,tant12,136.3238798666987,81.95249825291543,206.92750022378982
2164,tant12,137.97699825270303,82.94944635164009,209.20717906555595
2165,tant12,139.5490922582331,84.003979135401,211.6001554897404
2166,tant12,141.23404287260706,84.95021347462578,214.32628897948163
2167,tant12,142.94269221104275,85.93709515580878,216.76833834703874
2168,tant12,144.45736850407687,86.95007260090789,219.12700740991716
2169,tant12,146.05734230739245,87.95376784721185,221.52548591846008
2170,tant12,147.7699365539244,88.9585509545731,224.14643980741738
2171,tant12,149.35190468918705,89.96792744173337,226.88943335298185
2172,tant12,150.98745551864744,90.98784054816858,229.61934212068252
2173,tant12,152.6031978578591,92.06393070320892,232.0460330565179
2174,tant12,154.14700492229167,93.03713533226437,234.8547795109606
2175,tant12,155.66600926658475,94.0599868590113,237.6719746457828
2176,tant12,157.14852020032447,95.0928094511384,239.92454253411523
2177,tant12,158.8553388859749,96.14024071930298,242.0529692398301
2178,tant12,160.56094120498832,97.25856319794235,244.62202959400716
2179,tant12,162.13073712824956,98.3857417618304,247.68292293030748
2180,tant12,163.76984193910545,99.51165078390083,250.22703735265182
2181,tant12,165.52386967748492,100.59493267458325,252.76416164392808
2182,tant12,167.37285412535724,101.64668175474488,255.14592374905504
2183,tant12,169.14287999080216,102.70487765565656,257.88443849529887
2184,tant12,170.8340480426449,103.7543705991044,260.43358861032146
2185,tant12,172.37655662689752,104.79242810471182,262.78470752238337
2186,tant12,174.1071705300441,105.69102838812302,265.15805308689085
2187,tant12,175.67784513385038,106.7672118436113,267.6626492781154
2188,tant12,177.35809500982842,107.8435089823148,269.90517228171177
2189,tant12,179.09152336569576,108.9136080206832,272.08867444515903
2190,tant12,180.76174298128313,109.99495387378775,274.4542895922951
2191,tant12,182.53285253903425,111.03238718242514,276.8303879891518
2192,tant12,184.316993466902,112.2409941525971,279.2054008349913
2193,tant12,186.10453616366354,113.36792212241437,281.6297238255412
2194,tant12,187.83702439541668,114.48579323055718,284.25480514376943
2195,tant12,189.63810129513035,115.60009161158281,286.87205573290197
2196,tant12,191.4423814177798,116.72433926994395,289.5111290372666
2197,tant12,193.25893154838573,117.83551907320866,292.11924062661205
2198,tant12,194.99214023728877,118.88350646225764,294.7321872429597
2199,tant12,196.78628927180165,120.00845988180643,297.35701333382667
2200,tant12,198.52524977283312,121.12786718422568,300.3280767835559
2201,tant12,200.31068984840846,122.24813214103668,302.84914098176193
2202,tant12,202.06660359754193,123.34244202787485,305.630410470252
2203,tant12,203.85729976588544,124.40931164489287,308.325899562135
2204,tant12,205.60880047920256,125.64900537786731,310.7042843514617
2205,tant12,207.4735181578435,126.78904252130748,314.11503296848275
2206,tant12,209.3450298856718,127.92820597746149,317.0510872514587
2207,tant12,211.07295509468383,129.07500260250671,319.71808026408746
2208,tant12,212.9112780017573,130.22945799702822,322.4002070099116
2209,tant12,214.73340244257076,131.32953669921042,325.0748868553024
2210,tant12,216.4473731976046,132.39278975149278,327.51926828391197
2211,tant12,218.26997682287717,133.4580563967733,330.079492597982
2212,tant12,220.08826801796363,134.6166803229248,333.34059777837894
2213,tant12,221.8768568778423,135.71635719476433,336.05370626082424
2214,tant12,223.83784820243366,136.75693318239,338.92277291149827
2215,tant12,225.61033008635255,137.9405268957374,342.3522683435818
2216,tant12,227.4943525802032,139.18275006053778,345.5816901000936
2217,tant12,229.30875361435528,140.46614009756013,348.290291022084
2218,tant12,231.1127108709132,141.77804059552815,350.9818296758048
2219,tant12,232.86754312344513,142.97853435655074,353.730432071631
2220,tant12,234.67372961992612,144.26046850460511,357.04663870116224
2221,tant12,236.39768129786947,145.51880505170521,359.61720954415375
2222,tant12,238.16427747918763,146.72259264710618,362.2805630258515
2223,tant12,239.95567844893895,147.92580725209598,365.3216575332819
2224,tant12,241.73903505859056,149.18363135496438,367.8693428996168
2225,tant12,243.60483654910053,150.48691154198372,370.521696342578
2226,tant12,245.46866423365606,151.61510804051954,373.99271036035094
2227,tant12,247.445180888016,152.82240958842044,377.3516734287786
2228,tant12,249.2433050466497,154.03495632403025,380.5814589064601
2229,tant12,251.1066917067222,155.2462992911325,383.30505609143586
2230,tant12,252.90195771338517,156.45147659828717,386.50624983458596
2231,tant12,254.79842162210082,157.56930544207086,390.0893873237292
2232,tant12,256.7994946051746,158.64955447108028,393.4530725987419
2233,tant12,258.5958562047874,159.73472593987833,396.46929222355607
2234,tant12,260.4032372357583,160.83118831188247,399.4677170094654
2235,tant12,262.2959420680504,161.9310313009201,402.62715995975833
2236,tant12,264.33240565820927,163.25900754631456,405.407618836852
2237,tant12,266.38008207580936,164.39889880365018,408.1149258211645
2238,tant12,268.34752168146224,165.52563395764764,410.82480799503253
2239,tant12,270.4390557302183,166.64762257909302,413.7132602943892
2240,tant12,272.34509249052934,167.77264728041354,416.88981923571265
2241,tant12,274.23488885143644,168.93274763437412,420.4293880169568
2242,tant12,276.16895207433487,170.09123048202207,423.4894706128456
2243,tant12,278.390057807217,171.29876042466265,426.54649638142433
2244,tant12,280.3351490967889,172.5461046264708,429.6970961611105
2245,tant12,282.24259561281326,173.80836314700207,432.6091110402712
2246,tant12,284.22193029464427,175.06741131948777,435.617784116122
2247,tant12,286.15044323313754,176.29624332570666,438.7298814160239
2248,tant12,288.16460837081274,177.39115449225534,441.8158630061859
2249,tant12,290.217419863784,178.48895619664012,444.91607076622284
2250,tant12,292.21574026658243,179.58704004734886,448.01739852916427
2251,tant12,294.2580865789608,180.69409924871508,451.16202117071833
2252,tant12,296.276248762721,181.8104565070977,454.5782602124382
2253,tant12,298.2912512640369,182.91745609894343,458.1207649162404
2254,tant12,300.340677518142,184.2324283728679,460.5543347899988
2255,tant12,302.2799712863423,185.55150914805967,463.6480132710428
2256,tant12,304.2288391590463,186.724314796138,466.7802415902557
2257,tant12,306.08164388026137,187.87893289060534,469.9362370620212
2258,tant12,308.12582294957303,189.03768739517136,473.20230794278666
2259,tant12,310.266652904912,190.20433761294538,476.7197665872068
2260,tant12,312.42418380530034,191.37237039294828,479.7389567504242
2261,tant12,314.49980858684205,192.54073356280344,482.6593999674088
2262,tant12,316.601595825228,193.8460760367127,485.80955399124764
2263,tant12,318.7217292758246,195.2279594988516,488.9737922197924
2264,tant12,320.58637558122564,196.4772588987859,492.13827671641894
2265,tant12,322.50921877026786,197.66133206262495,495.28049916219686
2266,tant12,324.5117493519629,198.84848067907706,498.43553272072114
2267,tant12,326.61996765008917,200.03624477699967,501.5913540575046
2268,tant12,328.69134728938945,201.2338313163541,504.77868763666316
2269,tant12,330.6683564847393,202.50868182019383,507.9674968871701
2270,tant12,332.67180182213394,203.81544159676318,511.12938924004516
2271,tant12,334.6671900008736,205.11403335871435,514.245923380348
2272,tant12,336.6787545463426,206.40956786519916,517.2414621627856
2273,tant12,338.4950526093826,207.72873720611125,520.5131761232732
2274,tant12,340.3829580801083,209.14046182030486,523.5458993451315
2275,tant12,342.27034690035543,210.60123673264198,526.5463100194762
2276,tant12,344.2215333836279,211.80809361251232,529.5969302057679
2277,tant12,346.153874116816,213.23694488728813,532.6540183829326
2278,tant12,348.37846885380185,214.41068223921198,536.1653888475315
2279,tant12,350.51168454383617,215.67711627407226,539.8081721808368
2280,tant12,352.7259384313826,216.99619142066555,543.0280685578911
2281,tant12,354.83769146908446,218.3164587950286,546.5807109823897
2282,tant12,357.16142911184727,219.6348175798061,549.8687500493004
2283,tant12,359.29966440050487,221.01518804666333,553.1051208425815
2284,tant12,361.4005961221325,222.4458788632221,556.7051231833694
2285,tant12,363.5246087639682,223.85734619963938,559.9205915435348
2286,tant12,365.7164153346316,225.3058449229175,563.080928376927
2287,tant12,367.88711459221656,226.74063824411343,566.736460656968
2288,tant12,369.7718678073337,228.17085365482828,570.3640064027002
2289,tant12,371.7055945245102,229.59591002782622,573.9717555177027
2290,tant12,373.8035256549497,231.00716995770372,577.6687176656133
2291,tant12,375.9433888067152,232.16499957432666,581.3346438737931
2292,tant12,378.1019544102794,233.64738763095832,585.0439842252915
2293,tant12,380.2310728279974,235.12523849994395,588.6877189762234
2294,tant12,382.29516316888015,236.43104957829104,592.3535708077476
2295,tant12,384.5975702539939,237.81783261930727,596.0316591321997
2296,tant12,386.39483787221286,238.9760032615336,599.643324445081
2297,tant12,388.47452244646087,240.1397769152186,603.2389860977469
2298,tant12,390.76138587278115,241.32739583188717,606.9340827318225
2299,tant12,392.7364066498689,242.77753953243032,610.6438879154679
2300,tant12,394.8550081495573,244.04620027643801,614.3225202434379
1990,tant14,-0.32097222355480826,-0.3958341726408673,-0.25134501945792886
1991,tant14,-0.30612646470072624,-0.3643116561770572,-0.24162647287537464
1992,tant14,-0.2801385378140989,-0.33313376871664396,-0.2314824025086022
1993,tant14,-0.26745727748316717,-0.30281444360633286,-0.22233626618712884
1994,tant14,-0.2636155510065542,-0.30293965630604525,-0.21629051440266964
1995,tant14,-0.25852722877607875,-0.3020621345168813,-0.2080272972946376
1996,tant14,-0.249592552922839,-0.279408986998405,-0.19822215554489608
1997,tant14,-0.22795472844418985,-0.24982266086478594,-0.18636989733636283
1998,tant14,-0.2015213604488506,-0.21899151209879864,-0.17380871621203203
1999,tant14,-0.17407414140208355,-0.18851498815252002,-0.15863549882841105
2000,tant14,-0.14557503383025883,-0.15967842667520252,-0.13551224365197653
2001,tant14,-0.11615106839876349,-0.13312922520810017,-0.10784051841746359
2002,tant14,-0.0852035956614205,-0.10333568993255884,-0.07847627140489497
2003,tant14,-0.053893033491708986,-0.07153879422445414,-0.0480566068745107
2004,tant14,-0.022467184040578514,-0.03903701612648448,-0.016955308047207407
2005,tant14,0.009329647465675162,-0.006151057773746665,0.015182889437157777
2006,tant14,0.04083525471326943,0.02589614610113552,0.04791261285078737
2007,tant14,0.07258476548757531,0.05816819996681402,0.0812077023180848
2008,tant14,0.10439201762903105,0.0905173517823301,0.11463363141057221
2009,tant14,0.13621797235710642,0.12223489335038537,0.14809133510709743
2010,tant14,0.16824962851009106,0.15422667701289242,0.18153379887967933
2011,tant14,0.20086293842193748,0.1861866145864061,0.21517977093199953
2012,tant14,0.23495463327489763,0.2191104550361439,0.2503434111936537
2013,tant14,0.26832548058354055,0.2511951401757085,0.2846418387379495
2014,tant14,0.30228054116463077,0.2834262027891468,0.3200325669276058
2015,tant14,0.336818818624821,0.3161347532950714,0.3558326056032941
2016,tant14,0.3741148713311085,0.35149505619334587,0.3948446290808008
2017,tant14,0.41153559621462815,0.38523842227150545,0.4345024385068935
2018,tant14,0.4500601240799793,0.41947004731234466,0.4761463114847759
2019,tant14,0.4883691173352841,0.45341450043696463,0.5178524428326307
2020,tant14,0.5276098493820367,0.48770361406051194,0.561497748088428
2021,tant14,0.5684280274342959,0.5223663147991837,0.6082278478412995
2022,tant14,0.6105654592986085,0.5576869905179902,0.6573462684281188
2023,tant14,0.6560647608603978,0.5922323784090692,0.7104049474647075
2024,tant14,0.6998831326836228,0.6264486043420546,0.7625144552632236
2025,tant14,0.7443764258803184,0.6613642923934877,0.8165335067653557
2026,tant14,0.7917751078554799,0.6966747958977837,0.8735327576118487
2027,tant14,0.8416458268901871,0.7337443984132324,0.9342736199447569
2028,tant14,0.8911323915965358,0.7712199266087999,0.9956152801231845
2029,tant14,0.9440344778760152,0.8096543205681668,1.063556261331463
2030,tant14,1.0014518853197423,0.8479859545359256,1.1412071175169038
2031,tant14,1.0586678470765258,0.8871435967374504,1.220403059000485
2032,tant14,1.1151502463111287,0.9273485121898446,1.2955402381160357
2033,tant14,1.1740168947697214,0.9674012695578416,1.3749311060697702
2034,tant14,1.2383188817886797,1.006625725994237,1.4929150275471583
2035,tant14,1.2997721794953645,1.0466870834703415,1.5807793046876102
2036,tant14,1.3687533283187165,1.0885520066064205,2.471979491081549
2037,tant14,1.4423266285513363,1.1314785890503918,3.599444013368177
2038,tant14,1.523258435481487,1.175497099602427,4.679432481966234
2039,tant14,1.6018449731722426,1.220271969241059,5.867818910706189
2040,tant14,1.7264646496280267,1.2920014353367053,7.020911847054453
2041,tant14,1.8344584070279046,1.3516112516882526,8.230742068386693
2042,tant14,1.9201256089139802,1.402766689672228,9.374435811951557
2043,tant14,2.07272003165489,1.4606500194441998,10.476968841425307
2044,tant14,2.168694186128418,1.5127805801045373,11.740103339412949
2045,tant14,2.3453024169794476,1.5768202902133517,12.96379191512785
2046,tant14,2.639649106244462,1.6502214482964732,14.298674441778298
2047,tant14,3.3203695186000077,1.7196860948819446,15.611449482559587
2048,tant14,4.28449430356423,1.830879173301302,16.925152274691467
2049,tant14,5.3760690693648225,1.898200736562034,18.238894347660487
2050,tant14,6.4334962126591035,2.027769363007157,19.47556484123748
2051,tant14,7.491441369083516,2.167360994900288,20.875107125657653
2052,tant14,8.394954225855521,2.242346373187377,22.127108022385322
2053,tant14,9.368355840451501,2.4192153821336766,23.53603312912435
2054,tant14,10.355891338183651,2.522628378459106,25.06588613957313
2055,tant14,11.29120836011867,2.6108216296115603,26.399934130957845
2056,tant14,12.326830664133652,2.866635934086165,27.629461106110625
2057,tant14,13.37723323403158,2.9897063100568584,28.926129282720552
2058,tant14,14.47562902229559,3.2403923941747848,30.36150741972044
2059,tant14,15.543954589572774,3.6183045702527696,31.818775887754597
2060,tant14,16.51466323076108,4.319468359297186,33.11291607924494
2061,tant14,17.568846052157895,4.940061967507719,34.54823283269377
2062,tant14,18.733465136885187,5.637016082562425,35.96574447808335
2063,tant14,19.75265637410714,6.402164697333416,37.33402584906566
2064,tant14,20.829185519458534,7.251205062051312,38.894641880294195
2065,tant14,21.844035702897564,8.169892065724538,40.533421146865756
2066,tant14,22.91512204825888,8.930983822204476,42.00290731792417
2067,tant14,23.980706946032377,9.700842000859396,43.635699224340385
2068,tant14,25.05513197111534,10.558148063042978,45.16660232641848
2069,tant14,26.081765523165185,11.536432236420117,46.56155660763399
2070,tant14,27.09873378703938,12.297899159793417,48.16556695614304
2071,tant14,28.18312993236721,13.122455825577047,49.56068082020753
2072,tant14,29.237662605279176,13.898899578548136,51.13754312099661
2073,tant14,30.33040368870506,14.812950414693258,52.7456938341203
2074,tant14,31.43812514793673,15.620650024234568,54.28032040695168
2075,tant14,32.61219127803918,16.247431325513507,55.797074852871766
2076,tant14,33.72556568286683,16.896319355579116,57.239347944030605
2077,tant14,34.872646953246075,17.5695263718671,58.869521154718285
2078,tant14,36.01363788785152,18.409414312041438,60.48218514929624
2079,tant14,37.07796579694116,19.185068212457253,62.097681107205176
2080,tant14,38.23850142570874,20.017965444701126,63.75219237624044
2081,tant14,39.37135296822567,20.774156969955182,65.23204059613983
2082,tant14,40.58653337685223,21.52320327118449,66.8806174022232
2083,tant14,41.691625414782884,22.344536923837165,68.39204877865377
2084,tant14,42.843443382482874,23.090178063137877,69.96534669484689
2085,tant14,43.956154357112155,23.74001918712371,71.66919784387633
2086,tant14,45.13411079145291,24.502766455315758,73.25653134102551
2087,tant14,46.3714204884062,25.35438795277618,74.93147312771389
2088,tant14,47.66609723644606,26.20287140948473,76.69676475646096
2089,tant14,48.79160216250184,27.00102293843425,78.51908597765669
2090,tant14,49.98563758863519,27.830417009549866,80.35885271767759
2091,tant14,51.34594727299904,28.63561981005404,82.20832090171004
2092,tant14,52.58545103593316,29.465339517713666,84.11742609436635
2093,tant14,53.9219709061598,30.332969016790802,86.01900440420667
2094,tant14,55.269878156546774,31.17522173491664,87.96621475793039
2095,tant14,56.480178546491416,31.970733452557678,89.9164301286275
2096,tant14,57.83749712844593,32.886924728360206,91.87713226464912
2097,tant14,59.217196139507564,33.74792764001524,93.84254735499962
2098,tant14,60.49390799894857,34.61145730281868,95.82299524334717
2099,tant14,61.82210860829579,35.5211818018124,97.76624312003189
2100,tant14,63.31033294368237,36.40273160197623,99.78334494820052
2101,tant14,64.64495005343866,37.19826863355296,101.77962974941686
2102,tant14,65.95540102454778,37.9630927462645,103.6947877088626
2103,tant14,67.31175230471543,38.732203491052346,105.69323321784016
2104,tant14,68.64660738521954,39.514040142575034,107.66343602100415
2105,tant14,70.06939908858362,40.32420833358919,109.48742472076832
2106,tant14,71.41379963856869,41.17720470452016,111.67873383984497
2107,tant14,72.72271387002624,42.00130930555981,113.7477286912336
2108,tant14,74.1673685113996,42.84322812059577,115.68841657044997
2109,tant14,75.55728855186592,43.627466192767,117.6331841450274
2110,tant14,76.97342901130696,44.41964034349218,119.8262083877386
2111,tant14,78.48674757131712,45.3249050053176,122.07377424081517
2112,tant14,80.02381689807088,46.28961954223481,124.03103905482274
2113,tant14,81.42707288726476,47.24399427075666,126.04923605353808
2114,tant14,82.87576695981537,48.254499702482455,127.92322181948076
2115,tant14,84.24307696146784,49.12576502773452,130.14483992981678
2116,tant14,85.67571359787684,50.12480132412799,132.29609118634303
2117,tant14,87.19283548631473,51.04851423874183,134.40169743096428
2118,tant14,88.85291614421456,52.06172893817527,136.37374969100065
2119,tant14,90.30202387116796,53.075875273130976,138.45771930244362
2120,tant14,91.76259159388852,54.058681746473425,140.31584425989013
2121,tant14,93.38252022446017,54.899763921570255,142.80036064861693
2122,tant14,94.95641296579828,55.74616350098876,145.400375650814
2123,tant14,96.61851104379645,56.63492118704464,147.73079609322318
2124,tant14,98.14871775030808,57.705919331702525,149.8840641772243
2125,tant14,99.73366128501617,58.82609333431918,151.8254019851038
2126,tant14,101.25886070762414,59.97410489162256,154.2251326031152
2127,tant14,102.80985445885366,61.1313524038658,156.62105535056097
2128,tant14,104.36713571838001,62.06791884597042,159.32669661082664
2129,tant14,105.94913574441108,62.991493333547744,161.68251319982707
2130,tant14,107.51268182000126,64.09670339090759,164.18617640874618
2131,tant14,109.19026665862879,65.19163127163382,166.74125392653013
2132,tant14,110.80377014009495,66.23018109972952,169.31580269123765
2133,tant14,112.34270143918253,67.26781535023238,171.88995279969078
2134,tant14,113.95064555804495,68.30021679273936,174.365587317747
2135,tant14,115.6806936046611,69.34973087517251,177.0016724492629
2136,tant14,117.37381000547305,70.4049915818615,179.8203329275771
2137,tant14,119.06880491618814,71.54539765962949,182.0772962219576
2138,tant14,120.71420351097188,72.58904914910323,184.73634505229043
2139,tant14,122.51495449958256,73.64363747918047,187.20291438081983
2140,tant14,124.35257577288692,74.82281449640942,189.91205326679008
2141,tant14,126.17157407543377,76.02178304383364,192.98376123306514
2142,tant14,127.97147917156411,77.1774806074507,195.6259599483585
2143,tant14,129.62897007335937,78.2738893031789,198.6965958581908
2144,tant14,131.35213269931688,79.3820099482053,201.64910240433596
2145,tant14,133.18029864479527,80.56056590394003,203.93108954548867
2146,tant14,134.98102191286978,81.79866046442525,206.19371542265716
2147,tant14,136.90511983026116,83.046294989082,208.59617844037928
2148,tant14,138.5902808846199,84.11774204823699,211.14542294333305
2149,tant14,140.3765620876885,85.17935231193765,213.68722533889323
2150,tant14,142.15655337109243,86.24701555150638,216.31049621892168
2151,tant14,144.0616772715942,87.3205294478998,219.08173982192784
2152,tant14,145.93439323464776,88.41780759484828,221.8482730646908
2153,tant14,147.77783079602654,89.56817619609185,224.6203798420115
2154,tant14,149.763518587723,90.73221567157209,226.81141715683015
2155,tant14,151.66402185921345,91.90810927216286,229.60063293190834
2156,tant14,153.41661241392484,93.08953358858474,232.39087268768972
2157,tant14,155.2221783879316,94.27132591261524,235.37869936181409
2158,tant14,157.20287835945635,95.50160933737985,238.82399569277402
2159,tant14,159.21057185554616,96.64800612362342,241.84440032780276
2160,tant14,161.11573871407123,97.85656803685372,245.0908126157929
2161,tant14,162.96582828023327,99.08151932739494,247.70443142097304
2162,tant14,164.9330921596329,100.28740760090413,250.5973180358672
2163,tant14,166.92428107720093,101.51254424537836,253.51779294658687
2164,tant14,168.7850802087678,102.7507375517291,257.0108712850957
2165,tant14,170.60990190315977,103.912259742257,260.1636906240478
2166,tant14,172.4632233851297,105.0535032744801,263.1484016592311
2167,tant14,174.50175883390895,106.40184693788034,266.38127716073603
2168,tant14,176.29262188344416,107.70769109680812,269.42241723087045
2169,tant14,178.28437755917383,108.93002191688474,272.81009647324885
2170,tant14,180.3500151240866,110.19612437684766,275.78418459462773
2171,tant14,182.20989223606603,111.45119095843863,278.78531447928515
2172,tant14,184.04758093253798,112.7207023955182,282.2193686112128
2173,tant14,185.98461710695824,114.00826621350402,285.7424033760452
2174,tant14,187.95265698146008,115.29759536618339,288.4775511760301
2175,tant14,189.8476406708278,116.59337797580275,292.12004545077934
2176,tant14,191.85376432566432,117.90015952092647,296.0803081123781
2177,tant14,193.85539558754348,119.20834522669699,299.27361849663896
2178,tant14,195.84585527332342,120.47440608621373,302.1891787413386
2179,tant14,197.95054794475863,121.46424576180534,305.55532121357953
2180,tant14,200.10436314628538,122.69485011560245,309.3044709897801
2181,tant14,202.25949517503102,124.00887428659131,313.00938837887554
2182,tant14,204.18486551713283,125.39787603454911,315.84212943767056
2183,tant14,206.2523688210162,126.6745135303495,318.6515293522248
2184,tant14,208.37882543826592,127.91516015921671,321.5407032383989
2185,tant14,210.36708273555053,129.17981932071538,324.65690018073565
2186,tant14,212.37352282080445,130.44312423970254,328.4422896370159
2187,tant14,214.48289451407132,131.70350186344783,331.61138751094694
2188,tant14,216.63782626952985,133.06669690182864,334.680320848224
2189,tant14,219.05773155530483,134.43575232621788,337.7629282930818
2190,tant14,221.27106540962814,135.80655508485057,341.0511496391427
2191,tant14,223.40808715866157,137.08234361956818,344.82874834420977
2192,tant14,225.5083821377179,138.31979017340782,348.9316569885922
2193,tant14,227.70252254548762,139.55915281044895,353.0276425643839
2194,tant14,229.91640819836155,140.81177939036942,356.4573564300121
2195,tant14,232.04142646824837,142.04454346847854,360.0681243257222
2196,tant14,234.0844555025726,143.27521961385042,363.84685624848345
2197,tant14,236.42902761452237,144.556300033284,367.2835399225609
2198,tant14,238.5749691081091,146.07603063234478,370.5669196148095
2199,tant14,240.57843756325352,147.59862938140137,373.854958793952
2200,tant14,242.97298746090854,149.13914428161496,377.1743700896186
2201,tant14,245.38978280803002,150.7031315248071,380.52294687013676
2202,tant14,247.55465146926994,152.2673264686305,383.91144347220285
2203,tant14,249.68083024192777,153.82257644057927,387.2298185074312
2204,tant14,251.97994835267457,155.22127921154487,390.67729788171715
2205,tant14,254.13142764039742,156.632194117191,394.7428239359435
2206,tant14,256.6442335508771,158.04698427374024,398.7953536864356
2207,tant14,258.7708731675835,159.47872208929033,402.36650881880263
2208,tant14,261.09243975915695,160.86094678772344,405.54904196944364
2209,tant14,263.2439725191973,162.4765032029747,409.4390509383774
2210,tant14,265.47157916425186,164.10048898200063,413.69343994586626
2211,tant14,268.0231286371173,165.63343351391597,417.9889429173961
2212,tant14,270.7373152127444,167.101655518338,422.26816383315935
2213,tant14,273.27765914511747,168.5615160785187,426.35497943123187
2214,tant14,275.35999866455364,170.16561857539642,430.2750351178518
2215,tant14,277.73757975163005,171.7063864716378,434.49999874675746
2216,tant14,279.82386875066925,173.0867745399053,438.739205835994
2217,tant14,282.04060287603056,174.40500730777975,443.23401070704756
2218,tant14,284.408233037249,175.8643128469816,447.2594320976017
2219,tant14,286.80335621908716,177.31066850059779,451.5596953423802
2220,tant14,289.1726457567404,178.5710522635218,455.6050355348123
2221,tant14,291.50122744340956,179.83267146870827,459.3758124939864
2222,tant14,294.14904579305016,181.36301889641928,463.8054527853515
2223,tant14,296.93103755499226,182.95030472206386,468.43998847166876
2224,tant14,299.1817862650754,184.5506531895918,473.10852679678
2225,tant14,301.5961109812814,186.1271725172912,477.59707772453146
2226,tant14,303.92423784086145,187.3474502429489,481.8979291014581
2227,tant14,306.47443750283765,188.56878370495292,486.4133757166928
2228,tant14,308.9447961455576,189.95855779120086,490.9512704693745
2229,tant14,311.44527056508247,191.6259130588418,494.72854145266984
2230,tant14,313.9142718152887,193.0140903075506,498.2423271916418
2231,tant14,316.206680975605,194.41222048778394,501.7267538568744
2232,tant14,318.7038025824657,195.91811086595152,505.9994096233595
2233,tant14,321.1487996301571,197.51453705933042,510.88842882446806
2234,tant14,323.7548781661417,199.1953418474456,515.5551480107034
2235,tant14,326.5085680120189,200.66617668322323,519.3822762904059
2236,tant14,329.0598698291742,202.01605220200076,523.220844034849
2237,tant14,331.6609445873575,203.62801024445943,527.112098910431
2238,tant14,334.0546578668062,205.06017459449328,531.3171259749603
2239,tant14,336.61326808824055,206.28651399728486,536.0614601345837
2240,tant14,339.2002513638309,207.58436296882553,540.8895686372657
2241,tant14,341.5325435992645,208.8869361824419,545.6289242290386
2242,tant14,343.95708606641244,210.44178317631088,549.3037437301174
2243,tant14,346.3493358416998,212.042604133473,552.9294145889237
2244,tant14,348.88890265149314,213.5205880776564,557.4387383747311
2245,tant14,351.4506652805939,214.9091657994157,561.8323622005689
2246,tant14,353.90637283496443,216.51885787866703,566.2992836918949
2247,tant14,356.4235380415952,218.2501096395475,570.7797050734972
2248,tant14,359.02118203410924,219.9436027817717,574.606627080374
2249,tant14,361.28460957394094,221.36566586232715,578.3913065359444
2250,tant14,363.69029698305053,222.78353628995666,582.1635454107987
2251,tant14,366.0554118434819,224.2039581393186,586.3056407337858
2252,tant14,368.35495147379555,225.59550772772783,591.1383475876404
2253,tant14,370.6901851905802,226.89049807265133,596.0804462814762
2254,tant14,373.30134535354784,228.1904759826543,601.0708282130803
2255,tant14,375.95559746683716,229.54919326004327,605.5283189094475
2256,tant14,378.4934868747518,231.14759542145322,609.650365211826
2257,tant14,381.15218810094103,232.65838499399024,613.810468926682
2258,tant14,383.54134471276234,233.93899514755032,618.3261806693414
2259,tant14,385.7278501759698,235.2207024849262,622.9655892132492
2260,tant14,388.2235843504769,236.51543620767092,627.5851088674777
2261,tant14,390.56301774140303,237.94626754870575,632.1277380388466
2262,tant14,393.0609565945555,239.39959270034785,636.7569771814121
2263,tant14,395.6476634738331,240.6186982397498,641.40320615801
2264,tant14,398.25973979728724,241.8345759657235,645.9926655167529
2265,tant14,400.71628040246264,243.05077454395408,650.587393464055
2266,tant14,403.157078783902,244.26531849156225,655.1656292395882
2267,tant14,405.6458882430833,245.48826546533425,659.8250167955921
2268,tant14,408.1281873798126,246.74408450587518,664.4722071703175
2269,tant14,410.70483063751146,248.0226068996966,669.2480639943184
2270,tant14,413.12398719193027,249.3132681251641,674.1652608799658
2271,tant14,415.72057388163626,250.7362523553818,679.0460002375924
2272,tant14,418.0523612874548,252.28805058007836,683.9315650140254
2273,tant14,420.3783053808305,253.87705775302874,688.83548449422
2274,tant14,422.8989805535739,255.48060509512592,693.6440879405176
2275,tant14,425.74989151792687,257.14254026917433,698.2687623997422
2276,tant14,428.4686347688705,258.8478304174918,702.924737628716
2277,tant14,431.22766211979854,260.5487862343086,707.5649272460917
2278,tant14,433.99112339564067,262.03308903849,712.2246063508745
2279,tant14,436.62049506142165,263.4780556066846,716.9248572578296
2280,tant14,439.0651902568245,264.89866858084696,721.5451185890731
2281,tant14,441.8691300352571,266.20844220134893,726.2171616502825
2282,tant14,444.62936232715543,267.7547790308023,730.9002973423317
2283,tant14,447.1152889433355,269.38064393930745,735.5228318820682
2284,tant14,449.4473694728558,270.997644249488,740.1143859344749
2285,tant14,451.9196707618278,272.6466232403782,744.7976529067587
2286,tant14,454.2278037571158,274.29951622768823,749.798458124004
2287,tant14,456.85226841239034,275.94811760608457,754.5306756745404
2288,tant14,459.56504933570193,277.5994438015986,759.3158846094411
2289,tant14,462.1070481354583,279.26369058698424,764.5058001505259
2290,tant14,464.87693651131485,280.7590660496601,769.7095521475786
2291,tant14,467.60821016069065,282.2456327629673,774.9281297913675
2292,tant14,470.3334552361723,283.7406813116202,780.491032928964
2293,tant14,472.9311795490746,285.2348013243605,786.0481712991323
2294,tant14,475.5012404380616,286.7965305806926,791.5678245049296
2295,tant14,478.1270819439676,288.44683784851543,796.9382359364198
2296,tant14,480.862165219762,289.9304112767009,802.3346913366015
2297,tant14,483.6484081764414,291.4023680752556,807.6443084183448
2298,tant14,486.44374907161966,292.8807312121332,812.9934071406313
2299,tant14,489.0968228878295,294.3724371720452,818.2276028294033
2300,tant14,491.70132658336416,295.81456551305166,823.4705173744564
1990,tant17,-0.32097222355480826,-0.3958341726408673,-0.25134501945792886
1991,tant17,-0.30612646470072624,-0.3643116561770572,-0.24162647287537464
1992,tant17,-0.2801385378140989,-0.33313376871664396,-0.2314824025086022
1993,tant17,-0.26745727748316717,-0.30281444360633286,-0.22233626618712884
1994,tant17,-0.2636155510065542,-0.30293965630604525,-0.21629051440266964
1995,tant17,-0.25852722877607875,-0.3020621345168813,-0.2080272972946376
1996,tant17,-0.249592552922839,-0.279408986998405,-0.19822215554489608
1997,tant17,-0.22795472844418985,-0.24982266086478594,-0.18636989733636283
1998,tant17,-0.2015213604488506,-0.21899151209879864,-0.17380871621203203
1999,tant17,-0.17407414140208355,-0.18851498815252002,-0.15863549882841105
2000,tant17,-0.14557503383025883,-0.15967842667520252,-0.13551224365197653
2001,tant17,-0.11615106839876349,-0.13312922520810017,-0.10784051841746359
2002,tant17,-0.0852035956614205,-0.10333568993255884,-0.07847627140489497
2003,tant17,-0.053893033491708986,-0.07153879422445414,-0.0480566068745107
2004,tant17,-0.022467184040578514,-0.03903701612648448,-0.016955308047207407
2005,tant17,0.009329647465675162,-0.006151057773746665,0.015182889437157777
2006,tant17,0.04083525471326943,0.02589614610113552,0.04791261285078737
2007,tant17,0.07258476548757531,0.05816819996681402,0.0812077023180848
2008,tant17,0.10439201762903105,0.0905173517823301,0.11463363141057221
2009,tant17,0.13621797235710642,0.12223489335038537,0.14809133510709743
2010,tant17,0.16824962851009106,0.15422667701289242,0.18153379887967933
2011,tant17,0.20086293842193748,0.1861866145864061,0.21517977093199953
2012,tant17,0.23495463327489763,0.2191104550361439,0.2503434111936537
2013,tant17,0.26832548058354055,0.2511951401757085,0.2846418387379495
2014,tant17,0.30228054116463077,0.2834262027891468,0.3200325669276058
2015,tant17,0.336818818624821,0.3161347532950714,0.3558326056032941
2016,tant17,0.3704455100155455,0.3481331519636066,0.39148446012616334
2017,tant17,0.40274649369048127,0.3785038748084472,0.42556170800149384
2018,tant17,0.4386061472210704,0.4122672851444755,0.46386984994438574
2019,tant17,0.4747132798825851,0.445272334066702,0.501912987601437
2020,tant17,0.5125550752814715,0.47933844572088485,0.5418377081210148
2021,tant17,0.5508771380011388,0.5133613907238525,0.5842333801479709
2022,tant17,0.5897483285732321,0.5475799754814462,0.6272204871130821
2023,tant17,0.6309033113919281,0.5837086679126192,0.6727912415198511
2024,tant17,0.6728382325149667,0.6186460004743187,0.7207815463275031
2025,tant17,0.7161135435022066,0.6542148535656649,0.7716615444200753
2026,tant17,0.7619062460734753,0.6890999596644556,0.8250421594012249
2027,tant17,0.8092524379664253,0.724847344228849,0.8824283891413967
2028,tant17,0.8576896939557512,0.7616022644807395,0.9421938828556249
2029,tant17,0.9090533449368092,0.7984498323562288,1.0046412845975874
2030,tant17,0.9598569285573552,0.8364544523014076,1.0662694900948189
2031,tant17,1.0085856417903125,0.87288459579394,1.1268489192066662
2032,tant17,1.0598406920887613,0.9111386215716727,1.191747859388533
2033,tant17,1.1136384474363874,0.9506114409728913,1.2621144775421251
2034,tant17,1.1701012872902667,0.9879405753926216,1.336501461931996
2035,tant17,1.2247631689527683,1.0260496860797201,1.407312879647611
2036,tant17,1.2891977970660156,1.0690819437514003,1.520321646696029
2037,tant17,1.3532050180729251,1.108925371635176,1.624974865437007
2038,tant17,1.4250661326228742,1.1528362058600197,2.6798409349487287
2039,tant17,1.5085000058709899,1.1968558989995497,3.689966348324073
2040,tant17,1.58269350014008,1.2424677817812904,4.843014667536791
2041,tant17,1.658387935843014,1.2857405157476114,5.989155494319149
2042,tant17,1.8062678577076219,1.3606228889329315,7.075666078454309
2043,tant17,1.9351871440715729,1.423446631488124,8.33219549707882
2044,tant17,2.1401560438921763,1.4892725591906177,9.541299299783931
2045,tant17,2.2463847059657627,1.5392156687522751,10.738921216502956
2046,tant17,2.489126766541502,1.611185208318414,12.056555873037853
2047,tant17,3.3767282770841938,1.6950157581253935,13.309095057550977
2048,tant17,4.351553577531019,1.7639836475416728,14.544653945908404
2049,tant17,5.370326446622261,1.8563702129788922,15.824911938462009
2050,tant17,6.3052452927363944,1.9783743938714953,17.095216167248914
2051,tant17,7.203440172970454,2.048459612416302,18.39120870536571
2052,tant17,8.097246806727576,2.189514007164203,19.902546272402446
2053,tant17,9.029548391581105,2.4806095351392323,21.168656487272344
2054,tant17,10.023467611509844,2.7460612393362407,22.57066917151796
2055,tant17,10.959521459933534,2.8527431259044613,23.99068895788424
2056,tant17,11.994110979230259,2.9740633881218437,25.495057389091897
2057,tant17,12.981684858425517,3.376067943783803,26.89214365179108
2058,tant17,14.082769920100295,3.8664952950392766,28.259881907176304
2059,tant17,15.2012916225593,4.592764151672899,29.777291558144803
2060,tant17,16.312044989906965,5.512787684136093,31.312368719277433
2061,tant17,17.352350990789674,6.53563611801064,32.83751010682899
2062,tant17,18.37446910475878,7.492606999789511,34.27060734729044
2063,tant17,19.50790812581835,8.41312306377828,35.70822796531234
2064,tant17,20.597204709233928,9.280544950413825,37.13816484105636
2065,tant17,21.626437397479762,10.118824670979816,38.669718462858405
2066,tant17,22.68222717758868,10.840694482511422,40.15564099455337
2067,tant17,23.710462772643226,11.545068165368075,41.63390531005335
2068,tant17,24.85301934098038,12.313765205135754,43.234947292806936
2069,tant17,25.97857370944893,13.114247364094602,44.717185730344546
2070,tant17,27.05315856357177,13.770852170351432,46.24873241023632
2071,tant17,28.19476404036275,14.505462457750493,47.77614337883202
2072,tant17,29.305040449270063,15.237004917346958,49.418848456333684
2073,tant17,30.44459884350114,15.973630151160073,51.03137515819833
2074,tant17,31.589423599607258,16.629648866102837,52.55289543656479
2075,tant17,32.75703927596679,17.404660187052723,54.07661429077857
2076,tant17,33.88312803022699,18.22601324697391,55.55628998870259
2077,tant17,35.075022872568326,18.965608564341743,57.18071641900271
2078,tant17,36.28006980733865,19.78654100801725,58.85401014138106
2079,tant17,37.43500050555703,20.525031022746557,60.773440689732126
2080,tant17,38.55343130336101,21.225108696629558,62.35927162193315
2081,tant17,39.774135503245006,21.954394506596433,64.07551152833364
2082,tant17,40.940327714915114,22.683577860518955,65.88715358969044
2083,tant17,42.18498635885345,23.536460707735287,67.57280007583716
2084,tant17,43.44568169738511,24.29683870600495,69.34289432194286
2085,tant17,44.75957642416468,25.140510352527894,71.19347486124522
2086,tant17,46.035058460220384,25.909731732935263,72.99305581447844
2087,tant17,47.276850130172264,26.644340209867575,74.86554701785145
2088,tant17,48.56571105103305,27.43841297891499,76.77170061841593
2089,tant17,49.879729851239624,28.240355479134646,78.5702501199172
2090,tant17,51.160880626054734,29.156230371924963,80.56060247690654
2091,tant17,52.535120676854135,29.977655339559476,82.45849444988754
2092,tant17,53.86867335431667,30.805957483223832,84.5059873345368
2093,tant17,55.171723369615606,31.6246275432548,86.25437848788988
2094,tant17,56.416770621061936,32.46622027472532,88.2303862737998
2095,tant17,57.706727233216,33.25903168261272,90.31738424572215
2096,tant17,59.01511165424908,34.06153813913321,92.35095229200441
2097,tant17,60.32613742149088,34.87196006647299,94.14889443167499
2098,tant17,61.74176646584269,35.620521708321085,96.2503021645509
2099,tant17,63.1647450662185,36.48290485226021,98.22624238561153
2100,tant17,64.58579092199679,37.3377616652555,100.30220472140053
2101,tant17,66.10232142063884,38.1765730168714,102.25716703927225
2102,tant17,67.59099397384296,38.97574509622798,104.46282550068788
2103,tant17,68.90832433175225,39.83594864763016,106.68779945954182
2104,tant17,70.34965278404698,40.750957199545354,108.89318662837526
2105,tant17,71.84190901575607,41.560768204396986,110.87532489822188
2106,tant17,73.31247820816347,42.48675152697024,112.78548954720323
2107,tant17,74.94714509815368,43.50718004454214,114.78098711923437
2108,tant17,76.41358769669492,44.498753753384015,116.99457793306851
2109,tant17,77.89753576529829,45.41947884397257,119.00584620559535
2110,tant17,79.50566142401615,46.321871056614484,121.23732266897983
2111,tant17,80.94391388355768,47.26417445053618,123.48309683604708
2112,tant17,82.38470370134885,48.19394970089333,125.26878817211383
2113,tant17,83.97036226197162,49.18359274456581,127.77971792578475
2114,tant17,85.48332441139371,50.2276808867125,129.74854902216754
2115,tant17,86.93031761335972,51.21560405757887,131.81960316865712
2116,tant17,88.55282741035447,52.21217657124915,133.87768846298707
2117,tant17,90.09197830816689,53.202394226687154,136.46104216850838
2118,tant17,91.65735299986713,54.32021667580237,138.675790121368
2119,tant17,93.35035301418336,55.27327313480167,141.76568674793705
2120,tant17,95.00340516649129,56.292392898094604,144.4099685566783
2121,tant17,96.724584251668,57.35663512857779,146.8611228019205
2122,tant17,98.46970536097945,58.48565845428805,149.78158035987263
2123,tant17,100.17684028871184,59.62813246326519,152.47323844628156
2124,tant17,101.91021248966138,60.80682311615844,155.01023199587107
2125,tant17,103.68284282511956,61.98622323342327,157.91698110271668
2126,tant17,105.48930756566848,63.12604617790329,160.73237014232748
2127,tant17,107.2411433868437,64.24619242199428,163.47295031850084
2128,tant17,109.00706224037584,65.36897226722085,166.37326641691496
2129,tant17,110.7587437114571,66.51961889975324,169.2713577669461
2130,tant17,112.54964834806371,67.75201687854121,172.01314330485772
2131,tant17,114.3145390117575,68.86276509635235,174.9833572664068
2132,tant17,115.9309862745238,69.98065378687805,177.84870759716836
2133,tant17,117.80881441548127,71.12215134341552,180.75100883535418
2134,tant17,119.75533906173865,72.27492859320449,183.42610535211537
2135,tant17,121.53942367416784,73.42156389147819,186.07918717116567
2136,tant17,123.37077977048267,74.53791528220451,188.55640967358852
2137,tant17,125.33795296751332,75.73450635154498,191.1982231051197
2138,tant17,127.27811378583579,76.96580966052929,194.05655488138888
2139,tant17,129.16966462115664,78.20498779814916,196.65390576029571
2140,tant17,131.1376308321738,79.34635792750905,199.24167513391538
2141,tant17,133.09558426446074,80.53596800551249,201.86606521688063
2142,tant17,135.06070155424743,81.88017185099115,204.7075470236461
2143,tant17,136.8964735917876,82.983307471002,207.96926988755664
2144,tant17,138.7243932011624,84.29165709467419,210.95957970701997
2145,tant17,140.67140346712495,85.60657681642203,214.474940742517
2146,tant17,142.6902199998135,86.96833191730448,217.92704626925934
2147,tant17,144.70862804901046,88.17482518226231,220.88339472729749
2148,tant17,146.64326104425515,89.5579141102389,223.74371711144164
2149,tant17,148.6162516902649,90.78285026326641,227.32435467067702
2150,tant17,150.5712925776161,92.02252786891373,230.5611774730974
2151,tant17,152.75688244844787,93.26525078204905,234.1959221362882
2152,tant17,154.63851886161893,94.67361357753353,237.0628181449328
2153,tant17,156.65038035158724,95.93145177953346,240.23775259449005
2154,tant17,158.51184548033294,97.19845382602684,244.01876512867622
2155,tant17,160.64060294937352,98.47294787399538,246.78794655716655
2156,tant17,162.66940701172211,99.75325305072055,250.27997122037064
2157,tant17,164.84360317339983,101.08230552108333,253.60874960059513
2158,tant17,166.9811490263279,102.34806535990559,257.0394103347815
2159,tant17,169.20384332659998,103.64398305816981,260.7047537903055
2160,tant17,171.468574387179,104.88688938374241,264.117449835747
2161,tant17,173.81291395646886,106.20192012461065,268.03916677325617
2162,tant17,176.10107693315416,107.45244608453754,271.7534537946299
2163,tant17,178.21933252664286,108.7076642459834,275.24092426958737
2164,tant17,180.36717716509372,109.95551472439797,278.23345693719307
2165,tant17,182.70561360303748,111.31629745109473,281.98959520165346
2166,tant17,184.95470224632757,112.76567566471354,285.4147705389837
2167,tant17,187.24764322662764,114.22922682309367,289.20003277617366
2168,tant17,189.63728165178844,115.74851299927953,293.5367746242403
2169,tant17,191.97100331900373,117.2769293843289,297.78570287376124
2170,tant17,194.2391060291225,118.77900144029117,301.4279996873024
2171,tant17,196.502019050565,120.27049225683099,304.82802557985065
2172,tant17,198.84162087369617,121.68476696319956,308.39279412609517
2173,tant17,201.44142404410402,123.09121146641226,312.22197605643674
2174,tant17,203.86670087170236,124.73793970184258,316.65848756229684
2175,tant17,206.3406909976468,126.27018561575198,320.4223112980104
2176,tant17,208.867101874965,127.76158697882623,324.6599243821559
2177,tant17,211.37699118870125,129.42515953327097,328.18006815792097
2178,tant17,213.70751138420832,131.02127980582807,332.3466583515518
2179,tant17,216.2447215805534,132.5221061608671,336.20979480781955
2180,tant17,218.74685399004665,134.34455840460055,340.88294254416917
2181,tant17,221.38236897842228,136.06722484355558,345.5852246531989
2182,tant17,223.86556753893393,137.68870436156882,350.2645291440256
2183,tant17,226.29190407616184,139.30091569471168,355.3373098954571
2184,tant17,228.70327719097696,140.97989440819563,359.7532951577141
2185,tant17,231.16246250986927,142.66978304520856,364.3281806121322
2186,tant17,233.64775597360347,144.25334106920224,368.6695083734642
2187,tant17,236.31238954263307,145.624473322055,373.01552170584796
2188,tant17,238.93590392417917,147.30051679023705,378.0029686782221
2189,tant17,242.06303423972977,148.99102929879416,382.9471055240321
2190,tant17,244.78131194726745,150.61756065554508,387.89451810727525
2191,tant17,247.39338166141692,152.23365916283112,393.0181476534706
2192,tant17,249.90391081138702,153.8991373124455,398.1819257961851
2193,tant17,252.5164686579093,155.4951412281499,402.72440046608244
2194,tant17,255.37037733200918,157.04319277189708,406.9546982192078
2195,tant17,258.240069281994,158.78820534191917,411.0481037723472
2196,tant17,260.99493194348634,160.44526157758898,415.72944573502554
2197,tant17,264.0666675583905,162.12620358936198,421.3550900176515
2198,tant17,266.8031072161215,163.7101675725826,426.8913298408085
2199,tant17,269.4552493877874,165.16008543328087,432.0293057409176
2200,tant17,272.3174921194232,166.87811947857003,436.68514034396037
2201,tant17,275.1682635264838,168.43316246303024,441.26420200713807
2202,tant17,277.7321581988152,170.01356807749866,445.92467938267794
2203,tant17,280.2991112628637,171.60446903360966,450.4311936146476
2204,tant17,283.0037346239856,173.1886680388095,455.3738505699256
2205,tant17,285.6597573089033,174.77758486409678,459.3863628591711
2206,tant17,288.474094855314,176.49983474553844,464.0208448472965
2207,tant17,291.23488108342656,178.2418362998728,469.31002575340716
2208,tant17,294.1202114792734,180.00642100257406,474.1922023860963
2209,tant17,296.8170148773629,181.62248688428514,479.43204185484626
2210,tant17,299.5129243837804,182.98360805702558,484.5408910169173
2211,tant17,302.3129136310931,184.42803256896065,489.3310615419524
2212,tant17,305.1009523940087,185.99168033609024,495.27312411834725
2213,tant17,308.0463713915823,187.5670805079564,500.60711498854556
2214,tant17,310.9741613423986,189.1701886389284,505.4649903614211
2215,tant17,313.7200652766254,190.74193345039282,510.73486989911567
2216,tant17,316.69091116809705,192.35079876312915,516.9684425052975
2217,tant17,319.58190384713464,193.92831917351185,523.1495289052087
2218,tant17,322.41574501992386,195.5241347603018,529.3361842414539
2219,tant17,325.4941448372431,197.19330553691083,535.5943034372439
2220,tant17,328.30230684162956,198.72597202760605,541.6732819828804
2221,tant17,331.13464354143025,200.37812990045143,547.4464220293224
2222,tant17,334.0711943065543,202.1772822089871,552.8526120238826
2223,tant17,336.87832126319745,203.5851147351673,558.1925953351872
2224,tant17,339.83442557781916,205.02541968673756,563.77939593864
2225,tant17,342.858749345635,206.88404629480445,569.3396381632019
2226,tant17,345.92225746873555,208.89705058475238,575.0796706317623
2227,tant17,348.80273501684917,210.68172207995596,580.7860140818478
2228,tant17,351.8534933987577,212.64188379281555,586.9649414514488
2229,tant17,354.9204043701928,214.5251042556718,593.2063249706617
2230,tant17,358.08391344690733,216.0855882826805,599.4704625343554
2231,tant17,361.1774082149798,217.91590470398853,605.6591930508915
2232,tant17,364.30099135085214,219.57007637659746,611.991187297615
2233,tant17,367.67623737117117,221.21214023654926,618.2136778786524
2234,tant17,370.60618003683527,222.8415083846828,624.3450761087013
2235,tant17,373.6682858774858,224.4784396292561,630.6602813108935
2236,tant17,376.5844486800229,226.1416894257436,637.1719930350016
2237,tant17,379.5077794334258,227.79453181726896,642.9834547314124
2238,tant17,382.49225088877,229.60217328446754,649.5305341243472
2239,tant17,385.96722530538096,231.62321467572755,655.801789237317
2240,tant17,389.06126595338174,233.28200268651676,662.2058867888754
2241,tant17,392.22460554254366,235.19990361328442,668.6058298236685
2242,tant17,395.2830450486598,236.99123004690406,675.035454135482
2243,tant17,398.5495218520224,238.61856175373273,681.2737912688627
2244,tant17,401.7041719110971,240.5201543272452,687.6409765006634
2245,tant17,405.0310945891415,242.1907746887598,694.1775029046571
2246,tant17,408.5125366974578,243.85747527241722,700.6725813099038
2247,tant17,411.68654087306595,245.60735481871438,707.1451799088795
2248,tant17,414.8276776435898,247.3511940169119,713.5779345946956
2249,tant17,417.9712166398896,249.0990052514965,719.8188846891793
2250,tant17,421.04238538983753,250.83923227424145,725.8381606751666
2251,tant17,424.18043970014594,252.58971452293088,731.9053522864081
2252,tant17,427.2890148693492,254.43521338173082,738.0001191750046
2253,tant17,430.4666101799975,256.3255719711694,744.0811280999307
2254,tant17,433.6621070749295,258.3922105326271,750.2423556427476
2255,tant17,436.50819276335153,260.27928933978,756.4847502769796
2256,tant17,439.36664337359457,262.06701044376445,762.90687922203
2257,tant17,442.33790931399074,263.8138071433351,769.1858673997641
2258,tant17,445.37415674808153,265.5289680697408,774.8178888325746
2259,tant17,448.44941589352663,267.14593914847,781.2062841361115
2260,tant17,451.5700093290958,269.1119899236679,787.2483241299525
2261,tant17,454.73444673305846,271.09833895659966,793.1088373423794
2262,tant17,457.6567736633636,273.1051842145077,799.3058217817087
2263,tant17,460.5570899448343,275.1461574535434,805.6623914952032
2264,tant17,463.97604322332677,277.1046246986951,811.9928369790885
2265,tant17,467.001068921795,279.01549586666664,818.2566498751943
2266,tant17,470.0048023341851,280.92709248524756,824.5278994914033
2267,tant17,473.009164014181,282.86203353944944,830.8881654478429
2268,tant17,475.96684193280515,284.79520860906837,837.2426802281054
2269,tant17,478.9995676366243,286.76779722634865,843.7381112156197
2270,tant17,482.28796803456635,288.76460155577087,850.3167970745718
2271,tant17,485.6010762350835,290.7888483902473,856.9960019066923
2272,tant17,488.9019013763873,292.64441238550717,863.5336488266655
2273,tant17,492.21739994327777,294.3830440999789,870.433362709795
2274,tant17,495.3744687970111,296.1167942733927,877.0241458496505
2275,tant17,498.6024307605919,297.8963198808452,883.1771769176352
2276,tant17,501.7899942487469,299.8566388763412,889.6581015752679
2277,tant17,504.9774348472922,301.8066957692928,896.130270918192
2278,tant17,508.2311259996493,303.77453915018776,902.6745209060934
2279,tant17,511.40948164972457,305.75962819914406,909.2866334455459
2280,tant17,514.7855610705498,307.4928937747178,916.090854597067
2281,tant17,518.0290306060695,309.1643052514941,922.7837509122367
2282,tant17,521.3975869565434,310.84162038792243,929.4791839844692
2283,tant17,524.9713311060002,312.50755956873815,936.08708830975
2284,tant17,528.4244108800654,314.1946859514178,942.6512446674772
2285,tant17,531.8709112101606,316.0997207483905,949.1899241840702
2286,tant17,534.9669204329914,317.92959800716415,955.7686032790516
2287,tant17,538.0631287729337,319.74043681519015,962.1943067727647
2288,tant17,541.3398675652063,321.42421964352656,968.6238209276767
2289,tant17,544.6010383483067,323.10124925481676,974.9851740511182
2290,tant17,547.7655883247546,325.0904356856624,981.4149543211056
2291,tant17,550.8967851614823,327.0193785559119,988.0233484704702
2292,tant17,554.2306036446528,328.7504875922224,994.6707103321668
2293,tant17,557.4626719257092,330.4666900441004,1001.4911084533396
2294,tant17,560.6933669601799,332.19565191325836,1008.8507360203973
2295,tant17,564.2057089516755,333.9456678103035,1015.7557714085673
2296,tant17,568.1428427229571,335.6995014278381,1022.6629979796778
2297,tant17,571.6077266464047,337.4511811339099,1029.9442681880055
2298,tant17,574.9060877559693,339.2467192757976,1037.3162924959381
2299,tant17,578.1616913489306,341.1897158594815,1044.6956390167857
2300,tant17,581.4470710016055,343.16871247608583,1052.1803192982968
